<?xml version="1.0" encoding="UTF-8"?>
<gpx creator="https://gpx.studio" version="1.1" schemaLocation="http://www.topografix.com/GPX/1/1 http://www.topografix.com/GPX/1/1/gpx.xsd http://www.garmin.com/xmlschemas/GpxExtensions/v3 http://www.garmin.com/xmlschemas/GpxExtensionsv3.xsd http://www.garmin.com/xmlschemas/TrackPointExtension/v1 http://www.garmin.com/xmlschemas/TrackPointExtensionv1.xsd http://www.garmin.com/xmlschemas/PowerExtension/v1 http://www.garmin.com/xmlschemas/PowerExtensionv1.xsd http://www.topografix.com/GPX/gpx_style/0/2 http://www.topografix.com/GPX/gpx_style/0/2/gpx_style.xsd" xmlns="http://www.topografix.com/GPX/1/1" xmlns:xsi="http://www.w3.org/2001/XMLSchema-instance" xsi:schemaLocation="http://www.topografix.com/GPX/1/1 http://www.topografix.com/GPX/1/1/gpx.xsd http://www.garmin.com/xmlschemas/GpxExtensions/v3 http://www.garmin.com/xmlschemas/GpxExtensionsv3.xsd http://www.garmin.com/xmlschemas/TrackPointExtension/v1 http://www.garmin.com/xmlschemas/TrackPointExtensionv1.xsd http://www.garmin.com/xmlschemas/PowerExtension/v1 http://www.garmin.com/xmlschemas/PowerExtensionv1.xsd http://www.topografix.com/GPX/gpx_style/0/2 http://www.topografix.com/GPX/gpx_style/0/2/gpx_style.xsd" xmlns:gpxtpx="http://www.garmin.com/xmlschemas/TrackPointExtension/v1" xmlns:gpxx="http://www.garmin.com/xmlschemas/GpxExtensions/v3" xmlns:gpxpx="http://www.garmin.com/xmlschemas/PowerExtension/v1" xmlns:gpx_style="http://www.topografix.com/GPX/gpx_style/0/2">
  <metadata>
    <name>H360_Etapa 4 (Marcara)</name>
    <desc>Chacas-Yanama</desc>
    <author>
      <name>gpx.studio</name>
      <link href="https://gpx.studio"/>
    </author>
  </metadata>
  <trk>
    <name>H360_Etapa 4 (Marcara)</name>
    <trkseg>
      <trkpt lat="-9.16238" lon="-77.365756">
        <ele>3368.25</ele>
      </trkpt>
      <trkpt lat="-9.161732" lon="-77.365708">
        <ele>3363.5</ele>
      </trkpt>
      <trkpt lat="-9.161154" lon="-77.365655">
        <ele>3357.25</ele>
      </trkpt>
      <trkpt lat="-9.160691" lon="-77.365638">
        <ele>3353</ele>
      </trkpt>
      <trkpt lat="-9.160638" lon="-77.365635">
        <ele>3352.75</ele>
      </trkpt>
      <trkpt lat="-9.160349" lon="-77.365633">
        <ele>3351.25</ele>
      </trkpt>
      <trkpt lat="-9.160031" lon="-77.365632">
        <ele>3349.5</ele>
      </trkpt>
      <trkpt lat="-9.159683" lon="-77.365633">
        <ele>3348.5</ele>
      </trkpt>
      <trkpt lat="-9.159593" lon="-77.365642">
        <ele>3348.5</ele>
      </trkpt>
      <trkpt lat="-9.159403" lon="-77.365701">
        <ele>3349</ele>
      </trkpt>
      <trkpt lat="-9.15917" lon="-77.365831">
        <ele>3351.75</ele>
      </trkpt>
      <trkpt lat="-9.158833" lon="-77.366039">
        <ele>3349.75</ele>
      </trkpt>
      <trkpt lat="-9.158754" lon="-77.366104">
        <ele>3349.5</ele>
      </trkpt>
      <trkpt lat="-9.15868" lon="-77.366186">
        <ele>3349.25</ele>
      </trkpt>
      <trkpt lat="-9.158579" lon="-77.36628">
        <ele>3349.25</ele>
      </trkpt>
      <trkpt lat="-9.158544" lon="-77.366329">
        <ele>3349.25</ele>
      </trkpt>
      <trkpt lat="-9.158539" lon="-77.36634">
        <ele>3349.25</ele>
      </trkpt>
      <trkpt lat="-9.158417" lon="-77.366556">
        <ele>3350</ele>
      </trkpt>
      <trkpt lat="-9.158273" lon="-77.366722">
        <ele>3349</ele>
      </trkpt>
      <trkpt lat="-9.15823" lon="-77.366761">
        <ele>3347.75</ele>
      </trkpt>
      <trkpt lat="-9.157878" lon="-77.366987">
        <ele>3341</ele>
      </trkpt>
      <trkpt lat="-9.157289" lon="-77.367237">
        <ele>3335</ele>
      </trkpt>
      <trkpt lat="-9.157019" lon="-77.367339">
        <ele>3333</ele>
      </trkpt>
      <trkpt lat="-9.15691" lon="-77.36738">
        <ele>3332.5</ele>
      </trkpt>
      <trkpt lat="-9.156738" lon="-77.367434">
        <ele>3332.25</ele>
      </trkpt>
      <trkpt lat="-9.156512" lon="-77.367486">
        <ele>3332</ele>
      </trkpt>
      <trkpt lat="-9.156342" lon="-77.36756">
        <ele>3329.5</ele>
      </trkpt>
      <trkpt lat="-9.156333" lon="-77.367541">
        <ele>3329.5</ele>
      </trkpt>
      <trkpt lat="-9.156333" lon="-77.367541">
        <ele>3329.5</ele>
      </trkpt>
      <trkpt lat="-9.156342" lon="-77.36756">
        <ele>3329.5</ele>
      </trkpt>
      <trkpt lat="-9.15617" lon="-77.367622">
        <ele>3327</ele>
      </trkpt>
      <trkpt lat="-9.156023" lon="-77.367666">
        <ele>3325.25</ele>
      </trkpt>
      <trkpt lat="-9.155412" lon="-77.367889">
        <ele>3321.25</ele>
      </trkpt>
      <trkpt lat="-9.155285" lon="-77.367943">
        <ele>3320.5</ele>
      </trkpt>
      <trkpt lat="-9.155181" lon="-77.367987">
        <ele>3319.75</ele>
      </trkpt>
      <trkpt lat="-9.155079" lon="-77.368009">
        <ele>3319.75</ele>
      </trkpt>
      <trkpt lat="-9.155006" lon="-77.368006">
        <ele>3320.25</ele>
      </trkpt>
      <trkpt lat="-9.154941" lon="-77.367987">
        <ele>3320.25</ele>
      </trkpt>
      <trkpt lat="-9.154875" lon="-77.367951">
        <ele>3320.5</ele>
      </trkpt>
      <trkpt lat="-9.154812" lon="-77.367904">
        <ele>3321.25</ele>
      </trkpt>
      <trkpt lat="-9.154561" lon="-77.367679">
        <ele>3323.75</ele>
      </trkpt>
      <trkpt lat="-9.154502" lon="-77.367645">
        <ele>3323.75</ele>
      </trkpt>
      <trkpt lat="-9.154457" lon="-77.367636">
        <ele>3323.25</ele>
      </trkpt>
      <trkpt lat="-9.154413" lon="-77.367638">
        <ele>3322.75</ele>
      </trkpt>
      <trkpt lat="-9.15437" lon="-77.367657">
        <ele>3321.75</ele>
      </trkpt>
      <trkpt lat="-9.15436" lon="-77.36767">
        <ele>3320.5</ele>
      </trkpt>
      <trkpt lat="-9.154339" lon="-77.367692">
        <ele>3320.5</ele>
      </trkpt>
      <trkpt lat="-9.154317" lon="-77.367737">
        <ele>3319.25</ele>
      </trkpt>
      <trkpt lat="-9.15431" lon="-77.367799">
        <ele>3318</ele>
      </trkpt>
      <trkpt lat="-9.154314" lon="-77.36793">
        <ele>3315.25</ele>
      </trkpt>
      <trkpt lat="-9.154348" lon="-77.368164">
        <ele>3310.5</ele>
      </trkpt>
      <trkpt lat="-9.154367" lon="-77.368241">
        <ele>3309</ele>
      </trkpt>
      <trkpt lat="-9.154405" lon="-77.368305">
        <ele>3308</ele>
      </trkpt>
      <trkpt lat="-9.154453" lon="-77.368353">
        <ele>3307.25</ele>
      </trkpt>
      <trkpt lat="-9.154511" lon="-77.368385">
        <ele>3306.75</ele>
      </trkpt>
      <trkpt lat="-9.154589" lon="-77.368402">
        <ele>3306.75</ele>
      </trkpt>
      <trkpt lat="-9.154711" lon="-77.368411">
        <ele>3307.25</ele>
      </trkpt>
      <trkpt lat="-9.154883" lon="-77.368424">
        <ele>3307.5</ele>
      </trkpt>
      <trkpt lat="-9.155163" lon="-77.368424">
        <ele>3307.25</ele>
      </trkpt>
      <trkpt lat="-9.155352" lon="-77.368409">
        <ele>3306.75</ele>
      </trkpt>
      <trkpt lat="-9.155414" lon="-77.368402">
        <ele>3306.5</ele>
      </trkpt>
      <trkpt lat="-9.155661" lon="-77.36837">
        <ele>3306.5</ele>
      </trkpt>
      <trkpt lat="-9.15587" lon="-77.368331">
        <ele>3307</ele>
      </trkpt>
      <trkpt lat="-9.156038" lon="-77.368315">
        <ele>3307.25</ele>
      </trkpt>
      <trkpt lat="-9.15618" lon="-77.36832">
        <ele>3307.25</ele>
      </trkpt>
      <trkpt lat="-9.156502" lon="-77.368363">
        <ele>3306</ele>
      </trkpt>
      <trkpt lat="-9.156939" lon="-77.368429">
        <ele>3305</ele>
      </trkpt>
      <trkpt lat="-9.157149" lon="-77.368451">
        <ele>3305.25</ele>
      </trkpt>
      <trkpt lat="-9.157268" lon="-77.368472">
        <ele>3305.25</ele>
      </trkpt>
      <trkpt lat="-9.157343" lon="-77.368493">
        <ele>3305</ele>
      </trkpt>
      <trkpt lat="-9.157447" lon="-77.36854">
        <ele>3304.5</ele>
      </trkpt>
      <trkpt lat="-9.157517" lon="-77.368589">
        <ele>3303.75</ele>
      </trkpt>
      <trkpt lat="-9.157518" lon="-77.36859">
        <ele>3303.75</ele>
      </trkpt>
      <trkpt lat="-9.15753" lon="-77.368598">
        <ele>3303.75</ele>
      </trkpt>
      <trkpt lat="-9.157686" lon="-77.368738">
        <ele>3301</ele>
      </trkpt>
      <trkpt lat="-9.157799" lon="-77.368816">
        <ele>3299.5</ele>
      </trkpt>
      <trkpt lat="-9.158297" lon="-77.369036">
        <ele>3296</ele>
      </trkpt>
      <trkpt lat="-9.15859" lon="-77.369174">
        <ele>3293.25</ele>
      </trkpt>
      <trkpt lat="-9.158681" lon="-77.369282">
        <ele>3291.75</ele>
      </trkpt>
      <trkpt lat="-9.158709" lon="-77.369481">
        <ele>3289.25</ele>
      </trkpt>
      <trkpt lat="-9.158733" lon="-77.369654">
        <ele>3287</ele>
      </trkpt>
      <trkpt lat="-9.158738" lon="-77.369792">
        <ele>3285.25</ele>
      </trkpt>
      <trkpt lat="-9.158742" lon="-77.369923">
        <ele>3283.75</ele>
      </trkpt>
      <trkpt lat="-9.158725" lon="-77.37003">
        <ele>3282.25</ele>
      </trkpt>
      <trkpt lat="-9.158712" lon="-77.370067">
        <ele>3281.5</ele>
      </trkpt>
      <trkpt lat="-9.158686" lon="-77.370114">
        <ele>3280.5</ele>
      </trkpt>
      <trkpt lat="-9.158647" lon="-77.370167">
        <ele>3279.5</ele>
      </trkpt>
      <trkpt lat="-9.158589" lon="-77.370208">
        <ele>3279</ele>
      </trkpt>
      <trkpt lat="-9.158476" lon="-77.370264">
        <ele>3278.25</ele>
      </trkpt>
      <trkpt lat="-9.158283" lon="-77.370338">
        <ele>3276.75</ele>
      </trkpt>
      <trkpt lat="-9.158055" lon="-77.37034">
        <ele>3275.5</ele>
      </trkpt>
      <trkpt lat="-9.157363" lon="-77.370293">
        <ele>3272</ele>
      </trkpt>
      <trkpt lat="-9.157178" lon="-77.370169">
        <ele>3272</ele>
      </trkpt>
      <trkpt lat="-9.157141" lon="-77.370144">
        <ele>3272</ele>
      </trkpt>
      <trkpt lat="-9.156823" lon="-77.369691">
        <ele>3275</ele>
      </trkpt>
      <trkpt lat="-9.156759" lon="-77.369642">
        <ele>3274.75</ele>
      </trkpt>
      <trkpt lat="-9.156681" lon="-77.369601">
        <ele>3274.25</ele>
      </trkpt>
      <trkpt lat="-9.156609" lon="-77.36959">
        <ele>3274</ele>
      </trkpt>
      <trkpt lat="-9.156517" lon="-77.369598">
        <ele>3273.25</ele>
      </trkpt>
      <trkpt lat="-9.156416" lon="-77.369621">
        <ele>3272.25</ele>
      </trkpt>
      <trkpt lat="-9.156354" lon="-77.369635">
        <ele>3271.75</ele>
      </trkpt>
      <trkpt lat="-9.155505" lon="-77.36983">
        <ele>3266.25</ele>
      </trkpt>
      <trkpt lat="-9.154863" lon="-77.36999">
        <ele>3265.5</ele>
      </trkpt>
      <trkpt lat="-9.154755" lon="-77.370054">
        <ele>3264</ele>
      </trkpt>
      <trkpt lat="-9.154747" lon="-77.370135">
        <ele>3261</ele>
      </trkpt>
      <trkpt lat="-9.154744" lon="-77.370153">
        <ele>3260.5</ele>
      </trkpt>
      <trkpt lat="-9.154813" lon="-77.370237">
        <ele>3257.5</ele>
      </trkpt>
      <trkpt lat="-9.155156" lon="-77.370306">
        <ele>3255.25</ele>
      </trkpt>
      <trkpt lat="-9.155638" lon="-77.370353">
        <ele>3254.25</ele>
      </trkpt>
      <trkpt lat="-9.155718" lon="-77.370374">
        <ele>3254</ele>
      </trkpt>
      <trkpt lat="-9.155802" lon="-77.370401">
        <ele>3253.5</ele>
      </trkpt>
      <trkpt lat="-9.155866" lon="-77.370444">
        <ele>3253.25</ele>
      </trkpt>
      <trkpt lat="-9.155958" lon="-77.370536">
        <ele>3252.5</ele>
      </trkpt>
      <trkpt lat="-9.156041" lon="-77.370863">
        <ele>3247.5</ele>
      </trkpt>
      <trkpt lat="-9.156113" lon="-77.371056">
        <ele>3243.25</ele>
      </trkpt>
      <trkpt lat="-9.156247" lon="-77.37121">
        <ele>3240.5</ele>
      </trkpt>
      <trkpt lat="-9.156457" lon="-77.371319">
        <ele>3239</ele>
      </trkpt>
      <trkpt lat="-9.15722" lon="-77.371364">
        <ele>3242.75</ele>
      </trkpt>
      <trkpt lat="-9.157462" lon="-77.371424">
        <ele>3242.5</ele>
      </trkpt>
      <trkpt lat="-9.157832" lon="-77.371558">
        <ele>3239.25</ele>
      </trkpt>
      <trkpt lat="-9.158202" lon="-77.371565">
        <ele>3239.75</ele>
      </trkpt>
      <trkpt lat="-9.158322" lon="-77.371634">
        <ele>3238</ele>
      </trkpt>
      <trkpt lat="-9.158388" lon="-77.371734">
        <ele>3235</ele>
      </trkpt>
      <trkpt lat="-9.158395" lon="-77.371744">
        <ele>3234.75</ele>
      </trkpt>
      <trkpt lat="-9.158354" lon="-77.371834">
        <ele>3232</ele>
      </trkpt>
      <trkpt lat="-9.158145" lon="-77.371919">
        <ele>3229.25</ele>
      </trkpt>
      <trkpt lat="-9.157682" lon="-77.371887">
        <ele>3229.25</ele>
      </trkpt>
      <trkpt lat="-9.157014" lon="-77.371965">
        <ele>3224.25</ele>
      </trkpt>
      <trkpt lat="-9.155984" lon="-77.372162">
        <ele>3214.5</ele>
      </trkpt>
      <trkpt lat="-9.155719" lon="-77.372167">
        <ele>3212.75</ele>
      </trkpt>
      <trkpt lat="-9.155542" lon="-77.37208">
        <ele>3213</ele>
      </trkpt>
      <trkpt lat="-9.155292" lon="-77.371927">
        <ele>3213.25</ele>
      </trkpt>
      <trkpt lat="-9.155249" lon="-77.371907">
        <ele>3213</ele>
      </trkpt>
      <trkpt lat="-9.155204" lon="-77.371896">
        <ele>3212.75</ele>
      </trkpt>
      <trkpt lat="-9.155155" lon="-77.371889">
        <ele>3212.25</ele>
      </trkpt>
      <trkpt lat="-9.155054" lon="-77.371887">
        <ele>3211</ele>
      </trkpt>
      <trkpt lat="-9.154743" lon="-77.371902">
        <ele>3207.75</ele>
      </trkpt>
      <trkpt lat="-9.154685" lon="-77.371904">
        <ele>3207.25</ele>
      </trkpt>
      <trkpt lat="-9.15462" lon="-77.371903">
        <ele>3206.5</ele>
      </trkpt>
      <trkpt lat="-9.154563" lon="-77.371892">
        <ele>3206.25</ele>
      </trkpt>
      <trkpt lat="-9.15446" lon="-77.371831">
        <ele>3206.25</ele>
      </trkpt>
      <trkpt lat="-9.154228" lon="-77.371665">
        <ele>3206.5</ele>
      </trkpt>
      <trkpt lat="-9.154193" lon="-77.37166">
        <ele>3206.25</ele>
      </trkpt>
      <trkpt lat="-9.154162" lon="-77.371664">
        <ele>3205.75</ele>
      </trkpt>
      <trkpt lat="-9.154137" lon="-77.371674">
        <ele>3205</ele>
      </trkpt>
      <trkpt lat="-9.154085" lon="-77.371722">
        <ele>3203.25</ele>
      </trkpt>
      <trkpt lat="-9.154084" lon="-77.371722">
        <ele>3203.25</ele>
      </trkpt>
      <trkpt lat="-9.154069" lon="-77.371781">
        <ele>3201.75</ele>
      </trkpt>
      <trkpt lat="-9.154068" lon="-77.371815">
        <ele>3201.25</ele>
      </trkpt>
      <trkpt lat="-9.15408" lon="-77.371864">
        <ele>3200.75</ele>
      </trkpt>
      <trkpt lat="-9.154162" lon="-77.37204">
        <ele>3200</ele>
      </trkpt>
      <trkpt lat="-9.154197" lon="-77.372214">
        <ele>3197.75</ele>
      </trkpt>
      <trkpt lat="-9.154212" lon="-77.372582">
        <ele>3192.25</ele>
      </trkpt>
      <trkpt lat="-9.154245" lon="-77.372703">
        <ele>3191</ele>
      </trkpt>
      <trkpt lat="-9.154271" lon="-77.372755">
        <ele>3190.5</ele>
      </trkpt>
      <trkpt lat="-9.154309" lon="-77.372795">
        <ele>3190.25</ele>
      </trkpt>
      <trkpt lat="-9.154369" lon="-77.372841">
        <ele>3190</ele>
      </trkpt>
      <trkpt lat="-9.154505" lon="-77.372924">
        <ele>3190</ele>
      </trkpt>
      <trkpt lat="-9.154547" lon="-77.372958">
        <ele>3190</ele>
      </trkpt>
      <trkpt lat="-9.155284" lon="-77.373743">
        <ele>3184</ele>
      </trkpt>
      <trkpt lat="-9.155456" lon="-77.3739">
        <ele>3182.75</ele>
      </trkpt>
      <trkpt lat="-9.155902" lon="-77.37408">
        <ele>3182.75</ele>
      </trkpt>
      <trkpt lat="-9.156014" lon="-77.37418">
        <ele>3182.25</ele>
      </trkpt>
      <trkpt lat="-9.15607" lon="-77.374317">
        <ele>3181.5</ele>
      </trkpt>
      <trkpt lat="-9.15619" lon="-77.375144">
        <ele>3175.5</ele>
      </trkpt>
      <trkpt lat="-9.156198" lon="-77.375391">
        <ele>3174.5</ele>
      </trkpt>
      <trkpt lat="-9.156177" lon="-77.375506">
        <ele>3174</ele>
      </trkpt>
      <trkpt lat="-9.156119" lon="-77.375809">
        <ele>3172.75</ele>
      </trkpt>
      <trkpt lat="-9.15604" lon="-77.376161">
        <ele>3171.25</ele>
      </trkpt>
      <trkpt lat="-9.156005" lon="-77.376312">
        <ele>3170.5</ele>
      </trkpt>
      <trkpt lat="-9.155572" lon="-77.377565">
        <ele>3167.5</ele>
      </trkpt>
      <trkpt lat="-9.155453" lon="-77.377909">
        <ele>3165.5</ele>
      </trkpt>
      <trkpt lat="-9.155418" lon="-77.378119">
        <ele>3164.5</ele>
      </trkpt>
      <trkpt lat="-9.155562" lon="-77.378763">
        <ele>3165.75</ele>
      </trkpt>
      <trkpt lat="-9.155524" lon="-77.378912">
        <ele>3165</ele>
      </trkpt>
      <trkpt lat="-9.155401" lon="-77.379006">
        <ele>3163.25</ele>
      </trkpt>
      <trkpt lat="-9.155056" lon="-77.378923">
        <ele>3158.25</ele>
      </trkpt>
      <trkpt lat="-9.154546" lon="-77.378617">
        <ele>3148.5</ele>
      </trkpt>
      <trkpt lat="-9.154446" lon="-77.378546">
        <ele>3147.5</ele>
      </trkpt>
      <trkpt lat="-9.154138" lon="-77.37812">
        <ele>3146.75</ele>
      </trkpt>
      <trkpt lat="-9.15408" lon="-77.377913">
        <ele>3145.75</ele>
      </trkpt>
      <trkpt lat="-9.154078" lon="-77.377711">
        <ele>3146.75</ele>
      </trkpt>
      <trkpt lat="-9.15407" lon="-77.377638">
        <ele>3147</ele>
      </trkpt>
      <trkpt lat="-9.154059" lon="-77.377614">
        <ele>3146.75</ele>
      </trkpt>
      <trkpt lat="-9.154044" lon="-77.377581">
        <ele>3146.5</ele>
      </trkpt>
      <trkpt lat="-9.153978" lon="-77.377549">
        <ele>3144.5</ele>
      </trkpt>
      <trkpt lat="-9.153922" lon="-77.377537">
        <ele>3143</ele>
      </trkpt>
      <trkpt lat="-9.153864" lon="-77.377549">
        <ele>3141</ele>
      </trkpt>
      <trkpt lat="-9.153809" lon="-77.377574">
        <ele>3139</ele>
      </trkpt>
      <trkpt lat="-9.153787" lon="-77.377598">
        <ele>3138</ele>
      </trkpt>
      <trkpt lat="-9.153773" lon="-77.377629">
        <ele>3137.25</ele>
      </trkpt>
      <trkpt lat="-9.153768" lon="-77.377715">
        <ele>3136</ele>
      </trkpt>
      <trkpt lat="-9.153895" lon="-77.378224">
        <ele>3135.75</ele>
      </trkpt>
      <trkpt lat="-9.154045" lon="-77.378756">
        <ele>3132</ele>
      </trkpt>
      <trkpt lat="-9.154442" lon="-77.379325">
        <ele>3133.25</ele>
      </trkpt>
      <trkpt lat="-9.154836" lon="-77.379876">
        <ele>3134.25</ele>
      </trkpt>
      <trkpt lat="-9.154945" lon="-77.3801">
        <ele>3134</ele>
      </trkpt>
      <trkpt lat="-9.155054" lon="-77.380325">
        <ele>3134.25</ele>
      </trkpt>
      <trkpt lat="-9.155096" lon="-77.380699">
        <ele>3129.75</ele>
      </trkpt>
      <trkpt lat="-9.155113" lon="-77.380856">
        <ele>3128</ele>
      </trkpt>
      <trkpt lat="-9.154862" lon="-77.381428">
        <ele>3116.25</ele>
      </trkpt>
      <trkpt lat="-9.154807" lon="-77.38186">
        <ele>3110.5</ele>
      </trkpt>
      <trkpt lat="-9.154918" lon="-77.382229">
        <ele>3107.25</ele>
      </trkpt>
      <trkpt lat="-9.155167" lon="-77.382563">
        <ele>3109</ele>
      </trkpt>
      <trkpt lat="-9.155284" lon="-77.382719">
        <ele>3109.75</ele>
      </trkpt>
      <trkpt lat="-9.155388" lon="-77.382948">
        <ele>3108.5</ele>
      </trkpt>
      <trkpt lat="-9.155472" lon="-77.383264">
        <ele>3104.5</ele>
      </trkpt>
      <trkpt lat="-9.155475" lon="-77.383431">
        <ele>3102.75</ele>
      </trkpt>
      <trkpt lat="-9.15545" lon="-77.383557">
        <ele>3101.5</ele>
      </trkpt>
      <trkpt lat="-9.15537" lon="-77.38369">
        <ele>3098.75</ele>
      </trkpt>
      <trkpt lat="-9.155094" lon="-77.383947">
        <ele>3090</ele>
      </trkpt>
      <trkpt lat="-9.155048" lon="-77.384036">
        <ele>3088</ele>
      </trkpt>
      <trkpt lat="-9.155055" lon="-77.384128">
        <ele>3087.75</ele>
      </trkpt>
      <trkpt lat="-9.155058" lon="-77.384168">
        <ele>3087.5</ele>
      </trkpt>
      <trkpt lat="-9.15523" lon="-77.384465">
        <ele>3091.75</ele>
      </trkpt>
      <trkpt lat="-9.155296" lon="-77.384741">
        <ele>3093</ele>
      </trkpt>
      <trkpt lat="-9.155355" lon="-77.385573">
        <ele>3095.25</ele>
      </trkpt>
      <trkpt lat="-9.155375" lon="-77.385856">
        <ele>3096.25</ele>
      </trkpt>
      <trkpt lat="-9.155194" lon="-77.385965">
        <ele>3096.25</ele>
      </trkpt>
      <trkpt lat="-9.155108" lon="-77.385908">
        <ele>3094.5</ele>
      </trkpt>
      <trkpt lat="-9.154801" lon="-77.385532">
        <ele>3095</ele>
      </trkpt>
      <trkpt lat="-9.154674" lon="-77.385027">
        <ele>3093.25</ele>
      </trkpt>
      <trkpt lat="-9.154541" lon="-77.384689">
        <ele>3092.5</ele>
      </trkpt>
      <trkpt lat="-9.154319" lon="-77.384431">
        <ele>3091</ele>
      </trkpt>
      <trkpt lat="-9.154171" lon="-77.384395">
        <ele>3092.5</ele>
      </trkpt>
      <trkpt lat="-9.154075" lon="-77.384372">
        <ele>3093.5</ele>
      </trkpt>
      <trkpt lat="-9.153916" lon="-77.384201">
        <ele>3094.75</ele>
      </trkpt>
      <trkpt lat="-9.153627" lon="-77.383732">
        <ele>3095.75</ele>
      </trkpt>
      <trkpt lat="-9.153471" lon="-77.383164">
        <ele>3091.75</ele>
      </trkpt>
      <trkpt lat="-9.153211" lon="-77.38273">
        <ele>3092.25</ele>
      </trkpt>
      <trkpt lat="-9.152914" lon="-77.382518">
        <ele>3098.75</ele>
      </trkpt>
      <trkpt lat="-9.152859" lon="-77.382461">
        <ele>3099.25</ele>
      </trkpt>
      <trkpt lat="-9.152805" lon="-77.38244">
        <ele>3100.5</ele>
      </trkpt>
      <trkpt lat="-9.152773" lon="-77.382456">
        <ele>3102</ele>
      </trkpt>
      <trkpt lat="-9.15276" lon="-77.382479">
        <ele>3103</ele>
      </trkpt>
      <trkpt lat="-9.152759" lon="-77.382527">
        <ele>3103.75</ele>
      </trkpt>
      <trkpt lat="-9.152773" lon="-77.382563">
        <ele>3104</ele>
      </trkpt>
      <trkpt lat="-9.15311" lon="-77.382994">
        <ele>3099.5</ele>
      </trkpt>
      <trkpt lat="-9.153129" lon="-77.383018">
        <ele>3099.25</ele>
      </trkpt>
      <trkpt lat="-9.153493" lon="-77.38433">
        <ele>3110.25</ele>
      </trkpt>
      <trkpt lat="-9.153489" lon="-77.384409">
        <ele>3111.5</ele>
      </trkpt>
      <trkpt lat="-9.153451" lon="-77.384471">
        <ele>3113.5</ele>
      </trkpt>
      <trkpt lat="-9.153444" lon="-77.384481">
        <ele>3114</ele>
      </trkpt>
      <trkpt lat="-9.153549" lon="-77.384601">
        <ele>3112.75</ele>
      </trkpt>
      <trkpt lat="-9.153693" lon="-77.384735">
        <ele>3111.5</ele>
      </trkpt>
      <trkpt lat="-9.153824" lon="-77.384858">
        <ele>3110.5</ele>
      </trkpt>
      <trkpt lat="-9.154226" lon="-77.385465">
        <ele>3110.25</ele>
      </trkpt>
      <trkpt lat="-9.154453" lon="-77.385811">
        <ele>3108</ele>
      </trkpt>
      <trkpt lat="-9.154852" lon="-77.386757">
        <ele>3117.75</ele>
      </trkpt>
      <trkpt lat="-9.154958" lon="-77.386959">
        <ele>3120.25</ele>
      </trkpt>
      <trkpt lat="-9.155054" lon="-77.387091">
        <ele>3121</ele>
      </trkpt>
      <trkpt lat="-9.155068" lon="-77.387117">
        <ele>3121</ele>
      </trkpt>
      <trkpt lat="-9.155103" lon="-77.387179">
        <ele>3121.25</ele>
      </trkpt>
      <trkpt lat="-9.155114" lon="-77.387251">
        <ele>3122.5</ele>
      </trkpt>
      <trkpt lat="-9.155045" lon="-77.387307">
        <ele>3126</ele>
      </trkpt>
      <trkpt lat="-9.154967" lon="-77.387321">
        <ele>3128.25</ele>
      </trkpt>
      <trkpt lat="-9.154632" lon="-77.387596">
        <ele>3139.75</ele>
      </trkpt>
      <trkpt lat="-9.154324" lon="-77.38782">
        <ele>3148.75</ele>
      </trkpt>
      <trkpt lat="-9.15414" lon="-77.387897">
        <ele>3152.25</ele>
      </trkpt>
      <trkpt lat="-9.154121" lon="-77.387905">
        <ele>3152.5</ele>
      </trkpt>
      <trkpt lat="-9.153844" lon="-77.387912">
        <ele>3155.5</ele>
      </trkpt>
      <trkpt lat="-9.153612" lon="-77.387863">
        <ele>3156.5</ele>
      </trkpt>
      <trkpt lat="-9.153436" lon="-77.38779">
        <ele>3156.5</ele>
      </trkpt>
      <trkpt lat="-9.153068" lon="-77.387563">
        <ele>3159.5</ele>
      </trkpt>
      <trkpt lat="-9.15284" lon="-77.387391">
        <ele>3162</ele>
      </trkpt>
      <trkpt lat="-9.152448" lon="-77.387112">
        <ele>3166.75</ele>
      </trkpt>
      <trkpt lat="-9.152301" lon="-77.387008">
        <ele>3168.75</ele>
      </trkpt>
      <trkpt lat="-9.152028" lon="-77.386748">
        <ele>3170</ele>
      </trkpt>
      <trkpt lat="-9.151874" lon="-77.386601">
        <ele>3171</ele>
      </trkpt>
      <trkpt lat="-9.151657" lon="-77.386422">
        <ele>3174.25</ele>
      </trkpt>
      <trkpt lat="-9.151514" lon="-77.386224">
        <ele>3175.75</ele>
      </trkpt>
      <trkpt lat="-9.151501" lon="-77.386205">
        <ele>3175.75</ele>
      </trkpt>
      <trkpt lat="-9.151434" lon="-77.386113">
        <ele>3176.5</ele>
      </trkpt>
      <trkpt lat="-9.151355" lon="-77.385987">
        <ele>3177.25</ele>
      </trkpt>
      <trkpt lat="-9.151307" lon="-77.385823">
        <ele>3176.75</ele>
      </trkpt>
      <trkpt lat="-9.151252" lon="-77.385669">
        <ele>3176.25</ele>
      </trkpt>
      <trkpt lat="-9.151161" lon="-77.385495">
        <ele>3176.75</ele>
      </trkpt>
      <trkpt lat="-9.150596" lon="-77.384714">
        <ele>3178.75</ele>
      </trkpt>
      <trkpt lat="-9.150413" lon="-77.384524">
        <ele>3178.25</ele>
      </trkpt>
      <trkpt lat="-9.150243" lon="-77.384403">
        <ele>3178.5</ele>
      </trkpt>
      <trkpt lat="-9.150087" lon="-77.384317">
        <ele>3179</ele>
      </trkpt>
      <trkpt lat="-9.149818" lon="-77.384249">
        <ele>3180</ele>
      </trkpt>
      <trkpt lat="-9.149579" lon="-77.384246">
        <ele>3181</ele>
      </trkpt>
      <trkpt lat="-9.149461" lon="-77.384263">
        <ele>3181.75</ele>
      </trkpt>
      <trkpt lat="-9.149332" lon="-77.384311">
        <ele>3183.25</ele>
      </trkpt>
      <trkpt lat="-9.149152" lon="-77.384359">
        <ele>3184.75</ele>
      </trkpt>
      <trkpt lat="-9.148909" lon="-77.384395">
        <ele>3184.75</ele>
      </trkpt>
      <trkpt lat="-9.14858" lon="-77.38442">
        <ele>3184.75</ele>
      </trkpt>
      <trkpt lat="-9.148573" lon="-77.384431">
        <ele>3184.75</ele>
      </trkpt>
      <trkpt lat="-9.148459" lon="-77.384583">
        <ele>3187.5</ele>
      </trkpt>
      <trkpt lat="-9.1483" lon="-77.38486">
        <ele>3192</ele>
      </trkpt>
      <trkpt lat="-9.148151" lon="-77.385151">
        <ele>3195.75</ele>
      </trkpt>
      <trkpt lat="-9.148122" lon="-77.385269">
        <ele>3197.5</ele>
      </trkpt>
      <trkpt lat="-9.148124" lon="-77.385299">
        <ele>3198.25</ele>
      </trkpt>
      <trkpt lat="-9.148142" lon="-77.385313">
        <ele>3198.5</ele>
      </trkpt>
      <trkpt lat="-9.148157" lon="-77.385323">
        <ele>3199</ele>
      </trkpt>
      <trkpt lat="-9.14849" lon="-77.38549">
        <ele>3203.25</ele>
      </trkpt>
      <trkpt lat="-9.148766" lon="-77.385744">
        <ele>3206.25</ele>
      </trkpt>
      <trkpt lat="-9.148858" lon="-77.385872">
        <ele>3208</ele>
      </trkpt>
      <trkpt lat="-9.149284" lon="-77.38628">
        <ele>3213.25</ele>
      </trkpt>
      <trkpt lat="-9.149348" lon="-77.386333">
        <ele>3213.5</ele>
      </trkpt>
      <trkpt lat="-9.14969" lon="-77.386536">
        <ele>3212.75</ele>
      </trkpt>
      <trkpt lat="-9.149853" lon="-77.386648">
        <ele>3212.5</ele>
      </trkpt>
      <trkpt lat="-9.149874" lon="-77.386663">
        <ele>3212.5</ele>
      </trkpt>
      <trkpt lat="-9.149953" lon="-77.386801">
        <ele>3213</ele>
      </trkpt>
      <trkpt lat="-9.149971" lon="-77.386861">
        <ele>3213.5</ele>
      </trkpt>
      <trkpt lat="-9.149963" lon="-77.386947">
        <ele>3214.75</ele>
      </trkpt>
      <trkpt lat="-9.150038" lon="-77.387036">
        <ele>3214.75</ele>
      </trkpt>
      <trkpt lat="-9.150335" lon="-77.387279">
        <ele>3214.5</ele>
      </trkpt>
      <trkpt lat="-9.150739" lon="-77.3876">
        <ele>3216.25</ele>
      </trkpt>
      <trkpt lat="-9.150998" lon="-77.387756">
        <ele>3216.5</ele>
      </trkpt>
      <trkpt lat="-9.151471" lon="-77.388122">
        <ele>3220.5</ele>
      </trkpt>
      <trkpt lat="-9.151737" lon="-77.388265">
        <ele>3220.5</ele>
      </trkpt>
      <trkpt lat="-9.151814" lon="-77.388305">
        <ele>3219.5</ele>
      </trkpt>
      <trkpt lat="-9.151905" lon="-77.388461">
        <ele>3221.5</ele>
      </trkpt>
      <trkpt lat="-9.152107" lon="-77.388698">
        <ele>3224</ele>
      </trkpt>
      <trkpt lat="-9.152226" lon="-77.388837">
        <ele>3225.5</ele>
      </trkpt>
      <trkpt lat="-9.15233" lon="-77.388926">
        <ele>3226.25</ele>
      </trkpt>
      <trkpt lat="-9.153048" lon="-77.389359">
        <ele>3222.5</ele>
      </trkpt>
      <trkpt lat="-9.15331" lon="-77.389689">
        <ele>3228.5</ele>
      </trkpt>
      <trkpt lat="-9.153433" lon="-77.389786">
        <ele>3228.75</ele>
      </trkpt>
      <trkpt lat="-9.153573" lon="-77.389897">
        <ele>3229.25</ele>
      </trkpt>
      <trkpt lat="-9.153781" lon="-77.390169">
        <ele>3231.25</ele>
      </trkpt>
      <trkpt lat="-9.15391" lon="-77.390374">
        <ele>3232</ele>
      </trkpt>
      <trkpt lat="-9.15403" lon="-77.390437">
        <ele>3229.5</ele>
      </trkpt>
      <trkpt lat="-9.154258" lon="-77.390498">
        <ele>3226</ele>
      </trkpt>
      <trkpt lat="-9.154358" lon="-77.39049">
        <ele>3225.25</ele>
      </trkpt>
      <trkpt lat="-9.154451" lon="-77.39051">
        <ele>3225.25</ele>
      </trkpt>
      <trkpt lat="-9.154598" lon="-77.390499">
        <ele>3224</ele>
      </trkpt>
      <trkpt lat="-9.154777" lon="-77.390416">
        <ele>3220.75</ele>
      </trkpt>
      <trkpt lat="-9.154924" lon="-77.39029">
        <ele>3215.75</ele>
      </trkpt>
      <trkpt lat="-9.154953" lon="-77.390264">
        <ele>3215</ele>
      </trkpt>
      <trkpt lat="-9.155056" lon="-77.390217">
        <ele>3212.75</ele>
      </trkpt>
      <trkpt lat="-9.155264" lon="-77.390187">
        <ele>3209.75</ele>
      </trkpt>
      <trkpt lat="-9.155323" lon="-77.390213">
        <ele>3210</ele>
      </trkpt>
      <trkpt lat="-9.155626" lon="-77.390347">
        <ele>3212</ele>
      </trkpt>
      <trkpt lat="-9.155774" lon="-77.390399">
        <ele>3211.75</ele>
      </trkpt>
      <trkpt lat="-9.156114" lon="-77.390516">
        <ele>3211.5</ele>
      </trkpt>
      <trkpt lat="-9.156223" lon="-77.390597">
        <ele>3212.5</ele>
      </trkpt>
      <trkpt lat="-9.156287" lon="-77.390682">
        <ele>3214.75</ele>
      </trkpt>
      <trkpt lat="-9.156359" lon="-77.390771">
        <ele>3217</ele>
      </trkpt>
      <trkpt lat="-9.156476" lon="-77.390801">
        <ele>3216</ele>
      </trkpt>
      <trkpt lat="-9.156657" lon="-77.390864">
        <ele>3214.75</ele>
      </trkpt>
      <trkpt lat="-9.156838" lon="-77.390964">
        <ele>3211.25</ele>
      </trkpt>
      <trkpt lat="-9.157067" lon="-77.391134">
        <ele>3208</ele>
      </trkpt>
      <trkpt lat="-9.157155" lon="-77.391254">
        <ele>3208.25</ele>
      </trkpt>
      <trkpt lat="-9.157184" lon="-77.391447">
        <ele>3212.25</ele>
      </trkpt>
      <trkpt lat="-9.157213" lon="-77.391534">
        <ele>3213.5</ele>
      </trkpt>
      <trkpt lat="-9.157223" lon="-77.391565">
        <ele>3214</ele>
      </trkpt>
      <trkpt lat="-9.157314" lon="-77.391719">
        <ele>3215.25</ele>
      </trkpt>
      <trkpt lat="-9.157388" lon="-77.3918">
        <ele>3215.25</ele>
      </trkpt>
      <trkpt lat="-9.1574" lon="-77.392017">
        <ele>3220.25</ele>
      </trkpt>
      <trkpt lat="-9.157439" lon="-77.392109">
        <ele>3221.5</ele>
      </trkpt>
      <trkpt lat="-9.157602" lon="-77.392405">
        <ele>3223.75</ele>
      </trkpt>
      <trkpt lat="-9.157729" lon="-77.3925">
        <ele>3221.75</ele>
      </trkpt>
      <trkpt lat="-9.158187" lon="-77.392712">
        <ele>3218.75</ele>
      </trkpt>
      <trkpt lat="-9.158373" lon="-77.392797">
        <ele>3217.75</ele>
      </trkpt>
      <trkpt lat="-9.158474" lon="-77.392876">
        <ele>3220.5</ele>
      </trkpt>
      <trkpt lat="-9.158756" lon="-77.392947">
        <ele>3219</ele>
      </trkpt>
      <trkpt lat="-9.159003" lon="-77.392923">
        <ele>3212.5</ele>
      </trkpt>
      <trkpt lat="-9.15927" lon="-77.392945">
        <ele>3208</ele>
      </trkpt>
      <trkpt lat="-9.159574" lon="-77.392914">
        <ele>3199.5</ele>
      </trkpt>
      <trkpt lat="-9.159667" lon="-77.392965">
        <ele>3200</ele>
      </trkpt>
      <trkpt lat="-9.159774" lon="-77.393199">
        <ele>3209</ele>
      </trkpt>
      <trkpt lat="-9.159852" lon="-77.393276">
        <ele>3210.75</ele>
      </trkpt>
      <trkpt lat="-9.160027" lon="-77.393322">
        <ele>3208.5</ele>
      </trkpt>
      <trkpt lat="-9.160091" lon="-77.393432">
        <ele>3211.25</ele>
      </trkpt>
      <trkpt lat="-9.160221" lon="-77.39374">
        <ele>3220.5</ele>
      </trkpt>
      <trkpt lat="-9.160229" lon="-77.393759">
        <ele>3221.25</ele>
      </trkpt>
      <trkpt lat="-9.16026" lon="-77.39394">
        <ele>3228</ele>
      </trkpt>
      <trkpt lat="-9.160385" lon="-77.394084">
        <ele>3229.25</ele>
      </trkpt>
      <trkpt lat="-9.160506" lon="-77.394145">
        <ele>3226.5</ele>
      </trkpt>
      <trkpt lat="-9.161074" lon="-77.394287">
        <ele>3214.75</ele>
      </trkpt>
      <trkpt lat="-9.161218" lon="-77.394346">
        <ele>3214.5</ele>
      </trkpt>
      <trkpt lat="-9.161302" lon="-77.394461">
        <ele>3217.5</ele>
      </trkpt>
      <trkpt lat="-9.161337" lon="-77.394665">
        <ele>3224.75</ele>
      </trkpt>
      <trkpt lat="-9.16134" lon="-77.394682">
        <ele>3225.5</ele>
      </trkpt>
      <trkpt lat="-9.16142" lon="-77.394861">
        <ele>3229.75</ele>
      </trkpt>
      <trkpt lat="-9.161508" lon="-77.394942">
        <ele>3229.75</ele>
      </trkpt>
      <trkpt lat="-9.161603" lon="-77.395105">
        <ele>3234.25</ele>
      </trkpt>
      <trkpt lat="-9.161777" lon="-77.395245">
        <ele>3236.25</ele>
      </trkpt>
      <trkpt lat="-9.161879" lon="-77.395312">
        <ele>3236.5</ele>
      </trkpt>
      <trkpt lat="-9.162025" lon="-77.395415">
        <ele>3236.75</ele>
      </trkpt>
      <trkpt lat="-9.162247" lon="-77.395616">
        <ele>3238</ele>
      </trkpt>
      <trkpt lat="-9.162498" lon="-77.395892">
        <ele>3240.5</ele>
      </trkpt>
      <trkpt lat="-9.162636" lon="-77.396059">
        <ele>3247</ele>
      </trkpt>
      <trkpt lat="-9.162767" lon="-77.396148">
        <ele>3248.25</ele>
      </trkpt>
      <trkpt lat="-9.163238" lon="-77.39641">
        <ele>3245.5</ele>
      </trkpt>
      <trkpt lat="-9.163695" lon="-77.396706">
        <ele>3243.75</ele>
      </trkpt>
      <trkpt lat="-9.163773" lon="-77.396822">
        <ele>3246.25</ele>
      </trkpt>
      <trkpt lat="-9.163825" lon="-77.396968">
        <ele>3250</ele>
      </trkpt>
      <trkpt lat="-9.164081" lon="-77.397362">
        <ele>3254.25</ele>
      </trkpt>
      <trkpt lat="-9.164145" lon="-77.397867">
        <ele>3266.5</ele>
      </trkpt>
      <trkpt lat="-9.164171" lon="-77.398194">
        <ele>3274.75</ele>
      </trkpt>
      <trkpt lat="-9.164171" lon="-77.398194">
        <ele>3274.75</ele>
      </trkpt>
      <trkpt lat="-9.164505" lon="-77.398913">
        <ele>3291.5</ele>
      </trkpt>
      <trkpt lat="-9.164727" lon="-77.399428">
        <ele>3303.25</ele>
      </trkpt>
      <trkpt lat="-9.164897" lon="-77.399589">
        <ele>3303</ele>
      </trkpt>
      <trkpt lat="-9.165193" lon="-77.399675">
        <ele>3297</ele>
      </trkpt>
      <trkpt lat="-9.165587" lon="-77.400104">
        <ele>3298.75</ele>
      </trkpt>
      <trkpt lat="-9.165871" lon="-77.400415">
        <ele>3294.5</ele>
      </trkpt>
      <trkpt lat="-9.165956" lon="-77.400737">
        <ele>3296</ele>
      </trkpt>
      <trkpt lat="-9.166041" lon="-77.40101">
        <ele>3298</ele>
      </trkpt>
      <trkpt lat="-9.166157" lon="-77.401198">
        <ele>3298.25</ele>
      </trkpt>
      <trkpt lat="-9.166623" lon="-77.401439">
        <ele>3289</ele>
      </trkpt>
      <trkpt lat="-9.166773" lon="-77.401716">
        <ele>3297.25</ele>
      </trkpt>
      <trkpt lat="-9.166914" lon="-77.401976">
        <ele>3297.25</ele>
      </trkpt>
      <trkpt lat="-9.167327" lon="-77.402287">
        <ele>3294</ele>
      </trkpt>
      <trkpt lat="-9.16747" lon="-77.402598">
        <ele>3302.25</ele>
      </trkpt>
      <trkpt lat="-9.167534" lon="-77.402899">
        <ele>3316.25</ele>
      </trkpt>
      <trkpt lat="-9.167841" lon="-77.403215">
        <ele>3323.25</ele>
      </trkpt>
      <trkpt lat="-9.168302" lon="-77.403435">
        <ele>3320.25</ele>
      </trkpt>
      <trkpt lat="-9.168789" lon="-77.403768">
        <ele>3319.25</ele>
      </trkpt>
      <trkpt lat="-9.16914" lon="-77.404142">
        <ele>3326.5</ele>
      </trkpt>
      <trkpt lat="-9.169155" lon="-77.404159">
        <ele>3327</ele>
      </trkpt>
      <trkpt lat="-9.169419" lon="-77.404465">
        <ele>3335.5</ele>
      </trkpt>
      <trkpt lat="-9.169599" lon="-77.404776">
        <ele>3346.75</ele>
      </trkpt>
      <trkpt lat="-9.169961" lon="-77.405165">
        <ele>3372.75</ele>
      </trkpt>
      <trkpt lat="-9.170057" lon="-77.405267">
        <ele>3379.75</ele>
      </trkpt>
      <trkpt lat="-9.170348" lon="-77.405376">
        <ele>3383.5</ele>
      </trkpt>
      <trkpt lat="-9.170547" lon="-77.405424">
        <ele>3381.25</ele>
      </trkpt>
      <trkpt lat="-9.170765" lon="-77.405435">
        <ele>3373.75</ele>
      </trkpt>
      <trkpt lat="-9.170989" lon="-77.405433">
        <ele>3369.5</ele>
      </trkpt>
      <trkpt lat="-9.171109" lon="-77.405388">
        <ele>3365.5</ele>
      </trkpt>
      <trkpt lat="-9.171185" lon="-77.405369">
        <ele>3363.5</ele>
      </trkpt>
      <trkpt lat="-9.171435" lon="-77.405303">
        <ele>3357.5</ele>
      </trkpt>
      <trkpt lat="-9.171525" lon="-77.405301">
        <ele>3356.75</ele>
      </trkpt>
      <trkpt lat="-9.171569" lon="-77.405309">
        <ele>3357</ele>
      </trkpt>
      <trkpt lat="-9.171591" lon="-77.405337">
        <ele>3358.5</ele>
      </trkpt>
      <trkpt lat="-9.171569" lon="-77.405433">
        <ele>3364.25</ele>
      </trkpt>
      <trkpt lat="-9.17182" lon="-77.405638">
        <ele>3370.5</ele>
      </trkpt>
      <trkpt lat="-9.171917" lon="-77.405671">
        <ele>3369.5</ele>
      </trkpt>
      <trkpt lat="-9.172033" lon="-77.405728">
        <ele>3369</ele>
      </trkpt>
      <trkpt lat="-9.172131" lon="-77.405829">
        <ele>3371.25</ele>
      </trkpt>
      <trkpt lat="-9.172268" lon="-77.405901">
        <ele>3371.25</ele>
      </trkpt>
      <trkpt lat="-9.172344" lon="-77.405941">
        <ele>3371.5</ele>
      </trkpt>
      <trkpt lat="-9.172432" lon="-77.406045">
        <ele>3375.25</ele>
      </trkpt>
      <trkpt lat="-9.172729" lon="-77.406557">
        <ele>3394.5</ele>
      </trkpt>
      <trkpt lat="-9.172802" lon="-77.406622">
        <ele>3394.75</ele>
      </trkpt>
      <trkpt lat="-9.1729" lon="-77.406697">
        <ele>3393.75</ele>
      </trkpt>
      <trkpt lat="-9.172982" lon="-77.406777">
        <ele>3393.5</ele>
      </trkpt>
      <trkpt lat="-9.173066" lon="-77.406994">
        <ele>3400.5</ele>
      </trkpt>
      <trkpt lat="-9.173265" lon="-77.407303">
        <ele>3408.5</ele>
      </trkpt>
      <trkpt lat="-9.173375" lon="-77.40738">
        <ele>3409</ele>
      </trkpt>
      <trkpt lat="-9.173389" lon="-77.407408">
        <ele>3410</ele>
      </trkpt>
      <trkpt lat="-9.17342" lon="-77.40747">
        <ele>3413</ele>
      </trkpt>
      <trkpt lat="-9.173542" lon="-77.407649">
        <ele>3418.75</ele>
      </trkpt>
      <trkpt lat="-9.173656" lon="-77.407836">
        <ele>3424.75</ele>
      </trkpt>
      <trkpt lat="-9.173757" lon="-77.407921">
        <ele>3426.25</ele>
      </trkpt>
      <trkpt lat="-9.173915" lon="-77.407984">
        <ele>3424.75</ele>
      </trkpt>
      <trkpt lat="-9.174064" lon="-77.408084">
        <ele>3425.25</ele>
      </trkpt>
      <trkpt lat="-9.174266" lon="-77.408138">
        <ele>3419.75</ele>
      </trkpt>
      <trkpt lat="-9.174311" lon="-77.408173">
        <ele>3418.75</ele>
      </trkpt>
      <trkpt lat="-9.174596" lon="-77.408533">
        <ele>3420.25</ele>
      </trkpt>
      <trkpt lat="-9.174734" lon="-77.408752">
        <ele>3424</ele>
      </trkpt>
      <trkpt lat="-9.175021" lon="-77.409112">
        <ele>3427.75</ele>
      </trkpt>
      <trkpt lat="-9.175206" lon="-77.409413">
        <ele>3428.25</ele>
      </trkpt>
      <trkpt lat="-9.175292" lon="-77.409653">
        <ele>3432.25</ele>
      </trkpt>
      <trkpt lat="-9.175366" lon="-77.409801">
        <ele>3433.5</ele>
      </trkpt>
      <trkpt lat="-9.175384" lon="-77.409836">
        <ele>3434</ele>
      </trkpt>
      <trkpt lat="-9.175394" lon="-77.409893">
        <ele>3435.5</ele>
      </trkpt>
      <trkpt lat="-9.175368" lon="-77.409948">
        <ele>3439.25</ele>
      </trkpt>
      <trkpt lat="-9.175352" lon="-77.410065">
        <ele>3443.75</ele>
      </trkpt>
      <trkpt lat="-9.17535" lon="-77.410244">
        <ele>3447.5</ele>
      </trkpt>
      <trkpt lat="-9.17538" lon="-77.41037">
        <ele>3448</ele>
      </trkpt>
      <trkpt lat="-9.175499" lon="-77.410673">
        <ele>3446.25</ele>
      </trkpt>
      <trkpt lat="-9.175581" lon="-77.410757">
        <ele>3442.5</ele>
      </trkpt>
      <trkpt lat="-9.175585" lon="-77.410789">
        <ele>3442.75</ele>
      </trkpt>
      <trkpt lat="-9.175555" lon="-77.410842">
        <ele>3446</ele>
      </trkpt>
      <trkpt lat="-9.175495" lon="-77.410917">
        <ele>3453</ele>
      </trkpt>
      <trkpt lat="-9.17547" lon="-77.410994">
        <ele>3458</ele>
      </trkpt>
      <trkpt lat="-9.175491" lon="-77.411021">
        <ele>3457.75</ele>
      </trkpt>
      <trkpt lat="-9.175523" lon="-77.411029">
        <ele>3455.75</ele>
      </trkpt>
      <trkpt lat="-9.175623" lon="-77.411047">
        <ele>3449.25</ele>
      </trkpt>
      <trkpt lat="-9.175685" lon="-77.411041">
        <ele>3444.5</ele>
      </trkpt>
      <trkpt lat="-9.175731" lon="-77.411055">
        <ele>3441.75</ele>
      </trkpt>
      <trkpt lat="-9.175794" lon="-77.41112">
        <ele>3439.5</ele>
      </trkpt>
      <trkpt lat="-9.175855" lon="-77.41122">
        <ele>3438.5</ele>
      </trkpt>
      <trkpt lat="-9.17589" lon="-77.411277">
        <ele>3438</ele>
      </trkpt>
      <trkpt lat="-9.175982" lon="-77.411454">
        <ele>3437.5</ele>
      </trkpt>
      <trkpt lat="-9.176056" lon="-77.411712">
        <ele>3439.75</ele>
      </trkpt>
      <trkpt lat="-9.176187" lon="-77.412068">
        <ele>3439</ele>
      </trkpt>
      <trkpt lat="-9.176245" lon="-77.412257">
        <ele>3439.25</ele>
      </trkpt>
      <trkpt lat="-9.176277" lon="-77.412442">
        <ele>3441.25</ele>
      </trkpt>
      <trkpt lat="-9.176295" lon="-77.412591">
        <ele>3443.25</ele>
      </trkpt>
      <trkpt lat="-9.176328" lon="-77.412694">
        <ele>3443.25</ele>
      </trkpt>
      <trkpt lat="-9.176499" lon="-77.413124">
        <ele>3441</ele>
      </trkpt>
      <trkpt lat="-9.176487" lon="-77.41328">
        <ele>3445.75</ele>
      </trkpt>
      <trkpt lat="-9.176484" lon="-77.413308">
        <ele>3446.75</ele>
      </trkpt>
      <trkpt lat="-9.176607" lon="-77.413775">
        <ele>3448</ele>
      </trkpt>
      <trkpt lat="-9.176569" lon="-77.413885">
        <ele>3452.5</ele>
      </trkpt>
      <trkpt lat="-9.176611" lon="-77.414188">
        <ele>3456.25</ele>
      </trkpt>
      <trkpt lat="-9.176755" lon="-77.414454">
        <ele>3451.25</ele>
      </trkpt>
      <trkpt lat="-9.176795" lon="-77.414648">
        <ele>3450.75</ele>
      </trkpt>
      <trkpt lat="-9.176857" lon="-77.414759">
        <ele>3448.25</ele>
      </trkpt>
      <trkpt lat="-9.176945" lon="-77.415824">
        <ele>3453</ele>
      </trkpt>
      <trkpt lat="-9.17691" lon="-77.415888">
        <ele>3455.5</ele>
      </trkpt>
      <trkpt lat="-9.176928" lon="-77.416105">
        <ele>3453</ele>
      </trkpt>
      <trkpt lat="-9.176751" lon="-77.416408">
        <ele>3464.75</ele>
      </trkpt>
      <trkpt lat="-9.176681" lon="-77.416752">
        <ele>3468.5</ele>
      </trkpt>
      <trkpt lat="-9.176692" lon="-77.416985">
        <ele>3467.25</ele>
      </trkpt>
      <trkpt lat="-9.176668" lon="-77.417071">
        <ele>3468.75</ele>
      </trkpt>
      <trkpt lat="-9.176653" lon="-77.417122">
        <ele>3470</ele>
      </trkpt>
      <trkpt lat="-9.176669" lon="-77.417957">
        <ele>3466</ele>
      </trkpt>
      <trkpt lat="-9.17672" lon="-77.418407">
        <ele>3461.5</ele>
      </trkpt>
      <trkpt lat="-9.176664" lon="-77.419201">
        <ele>3464.25</ele>
      </trkpt>
      <trkpt lat="-9.176645" lon="-77.419402">
        <ele>3467</ele>
      </trkpt>
      <trkpt lat="-9.176632" lon="-77.419523">
        <ele>3468.75</ele>
      </trkpt>
      <trkpt lat="-9.176669" lon="-77.419971">
        <ele>3467.5</ele>
      </trkpt>
      <trkpt lat="-9.176704" lon="-77.420537">
        <ele>3471.5</ele>
      </trkpt>
      <trkpt lat="-9.176871" lon="-77.420887">
        <ele>3464.75</ele>
      </trkpt>
      <trkpt lat="-9.176942" lon="-77.421811">
        <ele>3464.5</ele>
      </trkpt>
      <trkpt lat="-9.176942" lon="-77.421824">
        <ele>3464.5</ele>
      </trkpt>
      <trkpt lat="-9.177164" lon="-77.422233">
        <ele>3453</ele>
      </trkpt>
      <trkpt lat="-9.177578" lon="-77.42366">
        <ele>3449.5</ele>
      </trkpt>
      <trkpt lat="-9.177643" lon="-77.423788">
        <ele>3449</ele>
      </trkpt>
      <trkpt lat="-9.177665" lon="-77.423918">
        <ele>3449.5</ele>
      </trkpt>
      <trkpt lat="-9.177699" lon="-77.424131">
        <ele>3450.5</ele>
      </trkpt>
      <trkpt lat="-9.177686" lon="-77.424358">
        <ele>3453.5</ele>
      </trkpt>
      <trkpt lat="-9.177692" lon="-77.424538">
        <ele>3455.75</ele>
      </trkpt>
      <trkpt lat="-9.177731" lon="-77.424646">
        <ele>3456.25</ele>
      </trkpt>
      <trkpt lat="-9.177799" lon="-77.424766">
        <ele>3455.75</ele>
      </trkpt>
      <trkpt lat="-9.177842" lon="-77.424816">
        <ele>3455.25</ele>
      </trkpt>
      <trkpt lat="-9.177947" lon="-77.424874">
        <ele>3452.75</ele>
      </trkpt>
      <trkpt lat="-9.177948" lon="-77.424874">
        <ele>3452.75</ele>
      </trkpt>
      <trkpt lat="-9.178036" lon="-77.424914">
        <ele>3450.5</ele>
      </trkpt>
      <trkpt lat="-9.178207" lon="-77.425111">
        <ele>3448</ele>
      </trkpt>
      <trkpt lat="-9.17829" lon="-77.425263">
        <ele>3448.5</ele>
      </trkpt>
      <trkpt lat="-9.178448" lon="-77.425524">
        <ele>3450.75</ele>
      </trkpt>
      <trkpt lat="-9.178468" lon="-77.425557">
        <ele>3451.25</ele>
      </trkpt>
      <trkpt lat="-9.178581" lon="-77.425673">
        <ele>3451.75</ele>
      </trkpt>
      <trkpt lat="-9.178846" lon="-77.425881">
        <ele>3451</ele>
      </trkpt>
      <trkpt lat="-9.178963" lon="-77.426132">
        <ele>3452</ele>
      </trkpt>
      <trkpt lat="-9.178969" lon="-77.426156">
        <ele>3452</ele>
      </trkpt>
      <trkpt lat="-9.179015" lon="-77.426354">
        <ele>3453</ele>
      </trkpt>
      <trkpt lat="-9.179056" lon="-77.426416">
        <ele>3452.75</ele>
      </trkpt>
      <trkpt lat="-9.179312" lon="-77.426556">
        <ele>3451.5</ele>
      </trkpt>
      <trkpt lat="-9.1795" lon="-77.426768">
        <ele>3453.75</ele>
      </trkpt>
      <trkpt lat="-9.179604" lon="-77.426884">
        <ele>3455</ele>
      </trkpt>
      <trkpt lat="-9.179697" lon="-77.426926">
        <ele>3455.5</ele>
      </trkpt>
      <trkpt lat="-9.179844" lon="-77.427106">
        <ele>3457</ele>
      </trkpt>
      <trkpt lat="-9.179839" lon="-77.427114">
        <ele>3457</ele>
      </trkpt>
      <trkpt lat="-9.179793" lon="-77.427175">
        <ele>3457.25</ele>
      </trkpt>
      <trkpt lat="-9.17945" lon="-77.427515">
        <ele>3460.5</ele>
      </trkpt>
      <trkpt lat="-9.179416" lon="-77.427525">
        <ele>3460.75</ele>
      </trkpt>
      <trkpt lat="-9.179333" lon="-77.427549">
        <ele>3461.75</ele>
      </trkpt>
      <trkpt lat="-9.179023" lon="-77.427534">
        <ele>3467.5</ele>
      </trkpt>
      <trkpt lat="-9.178817" lon="-77.427475">
        <ele>3474</ele>
      </trkpt>
      <trkpt lat="-9.178745" lon="-77.427449">
        <ele>3476.25</ele>
      </trkpt>
      <trkpt lat="-9.178636" lon="-77.427432">
        <ele>3480</ele>
      </trkpt>
      <trkpt lat="-9.178565" lon="-77.427452">
        <ele>3483</ele>
      </trkpt>
      <trkpt lat="-9.178517" lon="-77.427524">
        <ele>3486.75</ele>
      </trkpt>
      <trkpt lat="-9.178517" lon="-77.427621">
        <ele>3491</ele>
      </trkpt>
      <trkpt lat="-9.178548" lon="-77.427659">
        <ele>3491.25</ele>
      </trkpt>
      <trkpt lat="-9.178578" lon="-77.427695">
        <ele>3491.75</ele>
      </trkpt>
      <trkpt lat="-9.178689" lon="-77.427749">
        <ele>3489</ele>
      </trkpt>
      <trkpt lat="-9.179039" lon="-77.428026">
        <ele>3482.5</ele>
      </trkpt>
      <trkpt lat="-9.179263" lon="-77.428274">
        <ele>3481.25</ele>
      </trkpt>
      <trkpt lat="-9.179374" lon="-77.428493">
        <ele>3484.25</ele>
      </trkpt>
      <trkpt lat="-9.179534" lon="-77.429012">
        <ele>3491.5</ele>
      </trkpt>
      <trkpt lat="-9.179617" lon="-77.429201">
        <ele>3493</ele>
      </trkpt>
      <trkpt lat="-9.179695" lon="-77.429452">
        <ele>3496.25</ele>
      </trkpt>
      <trkpt lat="-9.179855" lon="-77.429917">
        <ele>3500.25</ele>
      </trkpt>
      <trkpt lat="-9.180002" lon="-77.430185">
        <ele>3501.75</ele>
      </trkpt>
      <trkpt lat="-9.180049" lon="-77.430271">
        <ele>3502.25</ele>
      </trkpt>
      <trkpt lat="-9.180316" lon="-77.430564">
        <ele>3504.5</ele>
      </trkpt>
      <trkpt lat="-9.180708" lon="-77.43107">
        <ele>3504.25</ele>
      </trkpt>
      <trkpt lat="-9.180779" lon="-77.431196">
        <ele>3503.75</ele>
      </trkpt>
      <trkpt lat="-9.180778" lon="-77.431316">
        <ele>3505.75</ele>
      </trkpt>
      <trkpt lat="-9.180754" lon="-77.431476">
        <ele>3509.5</ele>
      </trkpt>
      <trkpt lat="-9.180716" lon="-77.431562">
        <ele>3513</ele>
      </trkpt>
      <trkpt lat="-9.180632" lon="-77.431652">
        <ele>3519.5</ele>
      </trkpt>
      <trkpt lat="-9.180549" lon="-77.431677">
        <ele>3525</ele>
      </trkpt>
      <trkpt lat="-9.180445" lon="-77.43164">
        <ele>3530</ele>
      </trkpt>
      <trkpt lat="-9.180295" lon="-77.431508">
        <ele>3534</ele>
      </trkpt>
      <trkpt lat="-9.17989" lon="-77.431019">
        <ele>3535</ele>
      </trkpt>
      <trkpt lat="-9.179493" lon="-77.430477">
        <ele>3537.5</ele>
      </trkpt>
      <trkpt lat="-9.179453" lon="-77.43043">
        <ele>3537.75</ele>
      </trkpt>
      <trkpt lat="-9.179019" lon="-77.429913">
        <ele>3541.5</ele>
      </trkpt>
      <trkpt lat="-9.178937" lon="-77.429863">
        <ele>3547.25</ele>
      </trkpt>
      <trkpt lat="-9.178836" lon="-77.429878">
        <ele>3556.5</ele>
      </trkpt>
      <trkpt lat="-9.178784" lon="-77.429952">
        <ele>3563.75</ele>
      </trkpt>
      <trkpt lat="-9.178791" lon="-77.430026">
        <ele>3566.75</ele>
      </trkpt>
      <trkpt lat="-9.178827" lon="-77.430088">
        <ele>3568.5</ele>
      </trkpt>
      <trkpt lat="-9.179196" lon="-77.430584">
        <ele>3560.25</ele>
      </trkpt>
      <trkpt lat="-9.179213" lon="-77.430608">
        <ele>3560</ele>
      </trkpt>
      <trkpt lat="-9.179562" lon="-77.431289">
        <ele>3579</ele>
      </trkpt>
      <trkpt lat="-9.179908" lon="-77.431911">
        <ele>3593.5</ele>
      </trkpt>
      <trkpt lat="-9.180122" lon="-77.432404">
        <ele>3621.75</ele>
      </trkpt>
      <trkpt lat="-9.180176" lon="-77.432733">
        <ele>3611.25</ele>
      </trkpt>
      <trkpt lat="-9.180142" lon="-77.43293">
        <ele>3606</ele>
      </trkpt>
      <trkpt lat="-9.180114" lon="-77.433092">
        <ele>3600.75</ele>
      </trkpt>
      <trkpt lat="-9.180019" lon="-77.433435">
        <ele>3593.5</ele>
      </trkpt>
      <trkpt lat="-9.17982" lon="-77.433866">
        <ele>3601.25</ele>
      </trkpt>
      <trkpt lat="-9.179765" lon="-77.434056">
        <ele>3596.5</ele>
      </trkpt>
      <trkpt lat="-9.179764" lon="-77.434056">
        <ele>3596.5</ele>
      </trkpt>
      <trkpt lat="-9.179777" lon="-77.434254">
        <ele>3591</ele>
      </trkpt>
      <trkpt lat="-9.179954" lon="-77.435019">
        <ele>3591</ele>
      </trkpt>
      <trkpt lat="-9.179932" lon="-77.435088">
        <ele>3593.5</ele>
      </trkpt>
      <trkpt lat="-9.179857" lon="-77.435141">
        <ele>3598.5</ele>
      </trkpt>
      <trkpt lat="-9.179818" lon="-77.435149">
        <ele>3600.75</ele>
      </trkpt>
      <trkpt lat="-9.179777" lon="-77.435124">
        <ele>3602.75</ele>
      </trkpt>
      <trkpt lat="-9.179697" lon="-77.435">
        <ele>3606.75</ele>
      </trkpt>
      <trkpt lat="-9.17967" lon="-77.434921">
        <ele>3607.25</ele>
      </trkpt>
      <trkpt lat="-9.179539" lon="-77.434365">
        <ele>3607.5</ele>
      </trkpt>
      <trkpt lat="-9.17951" lon="-77.434326">
        <ele>3608.5</ele>
      </trkpt>
      <trkpt lat="-9.179497" lon="-77.434308">
        <ele>3609.25</ele>
      </trkpt>
      <trkpt lat="-9.17946" lon="-77.434292">
        <ele>3611.25</ele>
      </trkpt>
      <trkpt lat="-9.179384" lon="-77.434305">
        <ele>3616.25</ele>
      </trkpt>
      <trkpt lat="-9.17934" lon="-77.434355">
        <ele>3619.75</ele>
      </trkpt>
      <trkpt lat="-9.179334" lon="-77.43442">
        <ele>3621</ele>
      </trkpt>
      <trkpt lat="-9.179392" lon="-77.434637">
        <ele>3619.75</ele>
      </trkpt>
      <trkpt lat="-9.17953" lon="-77.435157">
        <ele>3617</ele>
      </trkpt>
      <trkpt lat="-9.179414" lon="-77.435497">
        <ele>3621.25</ele>
      </trkpt>
      <trkpt lat="-9.179249" lon="-77.435706">
        <ele>3625.25</ele>
      </trkpt>
      <trkpt lat="-9.178797" lon="-77.436378">
        <ele>3638.5</ele>
      </trkpt>
      <trkpt lat="-9.178546" lon="-77.436774">
        <ele>3640.75</ele>
      </trkpt>
      <trkpt lat="-9.178387" lon="-77.437022">
        <ele>3642.25</ele>
      </trkpt>
      <trkpt lat="-9.178368" lon="-77.437068">
        <ele>3642.5</ele>
      </trkpt>
      <trkpt lat="-9.178349" lon="-77.437112">
        <ele>3642.5</ele>
      </trkpt>
      <trkpt lat="-9.178369" lon="-77.437199">
        <ele>3642.75</ele>
      </trkpt>
      <trkpt lat="-9.178467" lon="-77.437324">
        <ele>3644.25</ele>
      </trkpt>
      <trkpt lat="-9.178824" lon="-77.437252">
        <ele>3647.25</ele>
      </trkpt>
      <trkpt lat="-9.179176" lon="-77.436818">
        <ele>3634.25</ele>
      </trkpt>
      <trkpt lat="-9.179202" lon="-77.436785">
        <ele>3633.5</ele>
      </trkpt>
      <trkpt lat="-9.17933" lon="-77.436787">
        <ele>3637.25</ele>
      </trkpt>
      <trkpt lat="-9.179375" lon="-77.436939">
        <ele>3650</ele>
      </trkpt>
      <trkpt lat="-9.179211" lon="-77.437145">
        <ele>3650.5</ele>
      </trkpt>
      <trkpt lat="-9.179102" lon="-77.437227">
        <ele>3650.75</ele>
      </trkpt>
      <trkpt lat="-9.177635" lon="-77.438321">
        <ele>3654.75</ele>
      </trkpt>
      <trkpt lat="-9.177337" lon="-77.438713">
        <ele>3666.75</ele>
      </trkpt>
      <trkpt lat="-9.17628" lon="-77.439341">
        <ele>3673.25</ele>
      </trkpt>
      <trkpt lat="-9.175845" lon="-77.439998">
        <ele>3670.5</ele>
      </trkpt>
      <trkpt lat="-9.175675" lon="-77.440684">
        <ele>3694</ele>
      </trkpt>
      <trkpt lat="-9.175666" lon="-77.440718">
        <ele>3695.25</ele>
      </trkpt>
      <trkpt lat="-9.17501" lon="-77.441172">
        <ele>3678.5</ele>
      </trkpt>
      <trkpt lat="-9.174746" lon="-77.441399">
        <ele>3682.25</ele>
      </trkpt>
      <trkpt lat="-9.174375" lon="-77.442144">
        <ele>3693.5</ele>
      </trkpt>
      <trkpt lat="-9.174074" lon="-77.442488">
        <ele>3694</ele>
      </trkpt>
      <trkpt lat="-9.173745" lon="-77.442673">
        <ele>3697.5</ele>
      </trkpt>
      <trkpt lat="-9.173525" lon="-77.442861">
        <ele>3698.75</ele>
      </trkpt>
      <trkpt lat="-9.173149" lon="-77.443241">
        <ele>3700.25</ele>
      </trkpt>
      <trkpt lat="-9.172988" lon="-77.443388">
        <ele>3701.25</ele>
      </trkpt>
      <trkpt lat="-9.1728" lon="-77.443492">
        <ele>3702.75</ele>
      </trkpt>
      <trkpt lat="-9.172578" lon="-77.443584">
        <ele>3702.75</ele>
      </trkpt>
      <trkpt lat="-9.172361" lon="-77.44369">
        <ele>3706</ele>
      </trkpt>
      <trkpt lat="-9.172209" lon="-77.443818">
        <ele>3708.25</ele>
      </trkpt>
      <trkpt lat="-9.172081" lon="-77.443959">
        <ele>3708.75</ele>
      </trkpt>
      <trkpt lat="-9.171961" lon="-77.44411">
        <ele>3707.25</ele>
      </trkpt>
      <trkpt lat="-9.171882" lon="-77.444257">
        <ele>3706.75</ele>
      </trkpt>
      <trkpt lat="-9.171852" lon="-77.44466">
        <ele>3708.25</ele>
      </trkpt>
      <trkpt lat="-9.171829" lon="-77.44495">
        <ele>3709.5</ele>
      </trkpt>
      <trkpt lat="-9.171681" lon="-77.445319">
        <ele>3713.25</ele>
      </trkpt>
      <trkpt lat="-9.170993" lon="-77.446185">
        <ele>3723.25</ele>
      </trkpt>
      <trkpt lat="-9.170898" lon="-77.446268">
        <ele>3723.75</ele>
      </trkpt>
      <trkpt lat="-9.16944" lon="-77.446937">
        <ele>3726.5</ele>
      </trkpt>
      <trkpt lat="-9.169218" lon="-77.447169">
        <ele>3727.25</ele>
      </trkpt>
      <trkpt lat="-9.168151" lon="-77.448636">
        <ele>3739</ele>
      </trkpt>
      <trkpt lat="-9.167891" lon="-77.448966">
        <ele>3739.75</ele>
      </trkpt>
      <trkpt lat="-9.167414" lon="-77.449639">
        <ele>3736.5</ele>
      </trkpt>
      <trkpt lat="-9.16719" lon="-77.449967">
        <ele>3739.5</ele>
      </trkpt>
      <trkpt lat="-9.166816" lon="-77.450817">
        <ele>3753.5</ele>
      </trkpt>
      <trkpt lat="-9.166127" lon="-77.451965">
        <ele>3760</ele>
      </trkpt>
      <trkpt lat="-9.165085" lon="-77.454765">
        <ele>3771.5</ele>
      </trkpt>
      <trkpt lat="-9.164546" lon="-77.456161">
        <ele>3776.5</ele>
      </trkpt>
      <trkpt lat="-9.164274" lon="-77.4568">
        <ele>3775.5</ele>
      </trkpt>
      <trkpt lat="-9.163854" lon="-77.457752">
        <ele>3788.25</ele>
      </trkpt>
      <trkpt lat="-9.163614" lon="-77.458098">
        <ele>3788.5</ele>
      </trkpt>
      <trkpt lat="-9.16332" lon="-77.45887">
        <ele>3793</ele>
      </trkpt>
      <trkpt lat="-9.16301" lon="-77.459788">
        <ele>3798.5</ele>
      </trkpt>
      <trkpt lat="-9.162969" lon="-77.460116">
        <ele>3800.25</ele>
      </trkpt>
      <trkpt lat="-9.16299" lon="-77.460214">
        <ele>3801</ele>
      </trkpt>
      <trkpt lat="-9.163187" lon="-77.461164">
        <ele>3808.75</ele>
      </trkpt>
      <trkpt lat="-9.16333" lon="-77.461333">
        <ele>3812.5</ele>
      </trkpt>
      <trkpt lat="-9.163416" lon="-77.461642">
        <ele>3818.5</ele>
      </trkpt>
      <trkpt lat="-9.163412" lon="-77.461882">
        <ele>3823</ele>
      </trkpt>
      <trkpt lat="-9.163018" lon="-77.462703">
        <ele>3824.75</ele>
      </trkpt>
      <trkpt lat="-9.162712" lon="-77.463415">
        <ele>3826.75</ele>
      </trkpt>
      <trkpt lat="-9.162575" lon="-77.464311">
        <ele>3831.75</ele>
      </trkpt>
      <trkpt lat="-9.16283" lon="-77.464707">
        <ele>3845.5</ele>
      </trkpt>
      <trkpt lat="-9.162888" lon="-77.465387">
        <ele>3849.5</ele>
      </trkpt>
      <trkpt lat="-9.162931" lon="-77.466262">
        <ele>3850.75</ele>
      </trkpt>
      <trkpt lat="-9.163151" lon="-77.466825">
        <ele>3859.5</ele>
      </trkpt>
      <trkpt lat="-9.163217" lon="-77.467533">
        <ele>3865.5</ele>
      </trkpt>
      <trkpt lat="-9.163374" lon="-77.468069">
        <ele>3877.25</ele>
      </trkpt>
      <trkpt lat="-9.163391" lon="-77.468316">
        <ele>3880.5</ele>
      </trkpt>
      <trkpt lat="-9.16306" lon="-77.46906">
        <ele>3881</ele>
      </trkpt>
      <trkpt lat="-9.162898" lon="-77.469362">
        <ele>3882.25</ele>
      </trkpt>
      <trkpt lat="-9.162622" lon="-77.469594">
        <ele>3876.5</ele>
      </trkpt>
      <trkpt lat="-9.162559" lon="-77.470764">
        <ele>3892</ele>
      </trkpt>
      <trkpt lat="-9.162476" lon="-77.471271">
        <ele>3897.75</ele>
      </trkpt>
      <trkpt lat="-9.16217" lon="-77.472174">
        <ele>3903.25</ele>
      </trkpt>
      <trkpt lat="-9.162244" lon="-77.473394">
        <ele>3913.25</ele>
      </trkpt>
      <trkpt lat="-9.162244" lon="-77.473592">
        <ele>3914.5</ele>
      </trkpt>
      <trkpt lat="-9.162242" lon="-77.473832">
        <ele>3916.25</ele>
      </trkpt>
      <trkpt lat="-9.162044" lon="-77.473988">
        <ele>3913</ele>
      </trkpt>
      <trkpt lat="-9.161933" lon="-77.474009">
        <ele>3910.75</ele>
      </trkpt>
      <trkpt lat="-9.161552" lon="-77.474159">
        <ele>3907</ele>
      </trkpt>
      <trkpt lat="-9.161225" lon="-77.474367">
        <ele>3910.25</ele>
      </trkpt>
      <trkpt lat="-9.160963" lon="-77.47436">
        <ele>3913</ele>
      </trkpt>
      <trkpt lat="-9.160821" lon="-77.474179">
        <ele>3914.25</ele>
      </trkpt>
      <trkpt lat="-9.160542" lon="-77.473735">
        <ele>3919</ele>
      </trkpt>
      <trkpt lat="-9.160525" lon="-77.473708">
        <ele>3919.5</ele>
      </trkpt>
      <trkpt lat="-9.160504" lon="-77.473271">
        <ele>3916.25</ele>
      </trkpt>
      <trkpt lat="-9.160337" lon="-77.473117">
        <ele>3916</ele>
      </trkpt>
      <trkpt lat="-9.159902" lon="-77.473244">
        <ele>3923</ele>
      </trkpt>
      <trkpt lat="-9.159518" lon="-77.473252">
        <ele>3924.5</ele>
      </trkpt>
      <trkpt lat="-9.158962" lon="-77.473459">
        <ele>3929.75</ele>
      </trkpt>
      <trkpt lat="-9.157605" lon="-77.474285">
        <ele>3940</ele>
      </trkpt>
      <trkpt lat="-9.156991" lon="-77.474853">
        <ele>3948</ele>
      </trkpt>
      <trkpt lat="-9.156789" lon="-77.475218">
        <ele>3957.75</ele>
      </trkpt>
      <trkpt lat="-9.156446" lon="-77.475539">
        <ele>3964.75</ele>
      </trkpt>
      <trkpt lat="-9.15626" lon="-77.475657">
        <ele>3965</ele>
      </trkpt>
      <trkpt lat="-9.155918" lon="-77.475839">
        <ele>3962.25</ele>
      </trkpt>
      <trkpt lat="-9.15551" lon="-77.476149">
        <ele>3969</ele>
      </trkpt>
      <trkpt lat="-9.155317" lon="-77.476259">
        <ele>3970.5</ele>
      </trkpt>
      <trkpt lat="-9.154791" lon="-77.476526">
        <ele>3972.25</ele>
      </trkpt>
      <trkpt lat="-9.154245" lon="-77.476843">
        <ele>3977.75</ele>
      </trkpt>
      <trkpt lat="-9.153957" lon="-77.477022">
        <ele>3978.75</ele>
      </trkpt>
      <trkpt lat="-9.153891" lon="-77.477089">
        <ele>3979.75</ele>
      </trkpt>
      <trkpt lat="-9.153831" lon="-77.477186">
        <ele>3982.75</ele>
      </trkpt>
      <trkpt lat="-9.153732" lon="-77.47739">
        <ele>3989.5</ele>
      </trkpt>
      <trkpt lat="-9.153657" lon="-77.477518">
        <ele>3993.25</ele>
      </trkpt>
      <trkpt lat="-9.15358" lon="-77.4776">
        <ele>3994.75</ele>
      </trkpt>
      <trkpt lat="-9.153099" lon="-77.477901">
        <ele>3997.5</ele>
      </trkpt>
      <trkpt lat="-9.152983" lon="-77.477954">
        <ele>3997.75</ele>
      </trkpt>
      <trkpt lat="-9.152558" lon="-77.478082">
        <ele>3995.75</ele>
      </trkpt>
      <trkpt lat="-9.152456" lon="-77.478119">
        <ele>3995.5</ele>
      </trkpt>
      <trkpt lat="-9.152401" lon="-77.478154">
        <ele>3995.75</ele>
      </trkpt>
      <trkpt lat="-9.152356" lon="-77.4782">
        <ele>3996.75</ele>
      </trkpt>
      <trkpt lat="-9.152334" lon="-77.478257">
        <ele>3998.5</ele>
      </trkpt>
      <trkpt lat="-9.152327" lon="-77.478316">
        <ele>4000.5</ele>
      </trkpt>
      <trkpt lat="-9.152325" lon="-77.478327">
        <ele>4001</ele>
      </trkpt>
      <trkpt lat="-9.152382" lon="-77.478558">
        <ele>4013.25</ele>
      </trkpt>
      <trkpt lat="-9.152394" lon="-77.478662">
        <ele>4018.5</ele>
      </trkpt>
      <trkpt lat="-9.152375" lon="-77.478719">
        <ele>4021</ele>
      </trkpt>
      <trkpt lat="-9.152326" lon="-77.478796">
        <ele>4024</ele>
      </trkpt>
      <trkpt lat="-9.152232" lon="-77.47884">
        <ele>4024.5</ele>
      </trkpt>
      <trkpt lat="-9.152129" lon="-77.478858">
        <ele>4023.5</ele>
      </trkpt>
      <trkpt lat="-9.151767" lon="-77.478818">
        <ele>4014.75</ele>
      </trkpt>
      <trkpt lat="-9.151694" lon="-77.478826">
        <ele>4013.75</ele>
      </trkpt>
      <trkpt lat="-9.151653" lon="-77.47884">
        <ele>4014</ele>
      </trkpt>
      <trkpt lat="-9.151593" lon="-77.478892">
        <ele>4015.75</ele>
      </trkpt>
      <trkpt lat="-9.151555" lon="-77.478979">
        <ele>4019.5</ele>
      </trkpt>
      <trkpt lat="-9.151522" lon="-77.479079">
        <ele>4023.5</ele>
      </trkpt>
      <trkpt lat="-9.151479" lon="-77.479137">
        <ele>4025.75</ele>
      </trkpt>
      <trkpt lat="-9.151422" lon="-77.479176">
        <ele>4027</ele>
      </trkpt>
      <trkpt lat="-9.151377" lon="-77.479193">
        <ele>4027.5</ele>
      </trkpt>
      <trkpt lat="-9.151315" lon="-77.479195">
        <ele>4027</ele>
      </trkpt>
      <trkpt lat="-9.151091" lon="-77.479126">
        <ele>4021.75</ele>
      </trkpt>
      <trkpt lat="-9.151001" lon="-77.479108">
        <ele>4020.25</ele>
      </trkpt>
      <trkpt lat="-9.150915" lon="-77.479111">
        <ele>4019.5</ele>
      </trkpt>
      <trkpt lat="-9.150827" lon="-77.479137">
        <ele>4019.75</ele>
      </trkpt>
      <trkpt lat="-9.150724" lon="-77.479196">
        <ele>4021</ele>
      </trkpt>
      <trkpt lat="-9.150496" lon="-77.479354">
        <ele>4026.5</ele>
      </trkpt>
      <trkpt lat="-9.150312" lon="-77.479469">
        <ele>4030.75</ele>
      </trkpt>
      <trkpt lat="-9.149522" lon="-77.479866">
        <ele>4038.5</ele>
      </trkpt>
      <trkpt lat="-9.149465" lon="-77.479905">
        <ele>4039.25</ele>
      </trkpt>
      <trkpt lat="-9.149388" lon="-77.480016">
        <ele>4043</ele>
      </trkpt>
      <trkpt lat="-9.149301" lon="-77.480095">
        <ele>4045.25</ele>
      </trkpt>
      <trkpt lat="-9.14922" lon="-77.480148">
        <ele>4046.5</ele>
      </trkpt>
      <trkpt lat="-9.149079" lon="-77.480217">
        <ele>4047.5</ele>
      </trkpt>
      <trkpt lat="-9.148519" lon="-77.480461">
        <ele>4047.75</ele>
      </trkpt>
      <trkpt lat="-9.147807" lon="-77.480701">
        <ele>4050</ele>
      </trkpt>
      <trkpt lat="-9.1477" lon="-77.480744">
        <ele>4051.25</ele>
      </trkpt>
      <trkpt lat="-9.147611" lon="-77.480805">
        <ele>4053.5</ele>
      </trkpt>
      <trkpt lat="-9.14751" lon="-77.480898">
        <ele>4059.5</ele>
      </trkpt>
      <trkpt lat="-9.14744" lon="-77.48094">
        <ele>4063.25</ele>
      </trkpt>
      <trkpt lat="-9.147322" lon="-77.480997">
        <ele>4068</ele>
      </trkpt>
      <trkpt lat="-9.147236" lon="-77.48102">
        <ele>4069.75</ele>
      </trkpt>
      <trkpt lat="-9.147117" lon="-77.481035">
        <ele>4071</ele>
      </trkpt>
      <trkpt lat="-9.146792" lon="-77.48106">
        <ele>4069.75</ele>
      </trkpt>
      <trkpt lat="-9.146435" lon="-77.481087">
        <ele>4068.75</ele>
      </trkpt>
      <trkpt lat="-9.146303" lon="-77.481107">
        <ele>4067.5</ele>
      </trkpt>
      <trkpt lat="-9.146202" lon="-77.481129">
        <ele>4066.75</ele>
      </trkpt>
      <trkpt lat="-9.146082" lon="-77.481188">
        <ele>4068.5</ele>
      </trkpt>
      <trkpt lat="-9.145853" lon="-77.481328">
        <ele>4074.75</ele>
      </trkpt>
      <trkpt lat="-9.145632" lon="-77.481476">
        <ele>4081</ele>
      </trkpt>
      <trkpt lat="-9.14553" lon="-77.481532">
        <ele>4082.75</ele>
      </trkpt>
      <trkpt lat="-9.145344" lon="-77.481594">
        <ele>4083.25</ele>
      </trkpt>
      <trkpt lat="-9.145052" lon="-77.481664">
        <ele>4082</ele>
      </trkpt>
      <trkpt lat="-9.144854" lon="-77.481751">
        <ele>4083</ele>
      </trkpt>
      <trkpt lat="-9.14412" lon="-77.482265">
        <ele>4100.5</ele>
      </trkpt>
      <trkpt lat="-9.143922" lon="-77.482427">
        <ele>4105.25</ele>
      </trkpt>
      <trkpt lat="-9.143827" lon="-77.482487">
        <ele>4106.25</ele>
      </trkpt>
      <trkpt lat="-9.143322" lon="-77.482773">
        <ele>4106.5</ele>
      </trkpt>
      <trkpt lat="-9.142226" lon="-77.483536">
        <ele>4115.5</ele>
      </trkpt>
      <trkpt lat="-9.14218" lon="-77.48356">
        <ele>4115</ele>
      </trkpt>
      <trkpt lat="-9.142107" lon="-77.483587">
        <ele>4113.75</ele>
      </trkpt>
      <trkpt lat="-9.141932" lon="-77.483637">
        <ele>4110.5</ele>
      </trkpt>
      <trkpt lat="-9.141828" lon="-77.483694">
        <ele>4109.75</ele>
      </trkpt>
      <trkpt lat="-9.141742" lon="-77.483755">
        <ele>4110</ele>
      </trkpt>
      <trkpt lat="-9.141686" lon="-77.483826">
        <ele>4111.5</ele>
      </trkpt>
      <trkpt lat="-9.141675" lon="-77.483885">
        <ele>4114</ele>
      </trkpt>
      <trkpt lat="-9.141689" lon="-77.483938">
        <ele>4116.75</ele>
      </trkpt>
      <trkpt lat="-9.141728" lon="-77.483983">
        <ele>4120</ele>
      </trkpt>
      <trkpt lat="-9.141776" lon="-77.484005">
        <ele>4122.25</ele>
      </trkpt>
      <trkpt lat="-9.141861" lon="-77.483989">
        <ele>4124</ele>
      </trkpt>
      <trkpt lat="-9.142216" lon="-77.483752">
        <ele>4124</ele>
      </trkpt>
      <trkpt lat="-9.142479" lon="-77.483594">
        <ele>4126</ele>
      </trkpt>
      <trkpt lat="-9.142658" lon="-77.483494">
        <ele>4127.75</ele>
      </trkpt>
      <trkpt lat="-9.143119" lon="-77.483316">
        <ele>4134.25</ele>
      </trkpt>
      <trkpt lat="-9.143401" lon="-77.483162">
        <ele>4133.25</ele>
      </trkpt>
      <trkpt lat="-9.144097" lon="-77.482841">
        <ele>4136.25</ele>
      </trkpt>
      <trkpt lat="-9.144265" lon="-77.482783">
        <ele>4137.5</ele>
      </trkpt>
      <trkpt lat="-9.144311" lon="-77.482779">
        <ele>4138.5</ele>
      </trkpt>
      <trkpt lat="-9.144363" lon="-77.482786">
        <ele>4140.25</ele>
      </trkpt>
      <trkpt lat="-9.1444" lon="-77.482808">
        <ele>4142.25</ele>
      </trkpt>
      <trkpt lat="-9.144429" lon="-77.482859">
        <ele>4146</ele>
      </trkpt>
      <trkpt lat="-9.14444" lon="-77.48291">
        <ele>4149.25</ele>
      </trkpt>
      <trkpt lat="-9.144439" lon="-77.482961">
        <ele>4152.25</ele>
      </trkpt>
      <trkpt lat="-9.144417" lon="-77.482997">
        <ele>4153.75</ele>
      </trkpt>
      <trkpt lat="-9.144359" lon="-77.483022">
        <ele>4153.75</ele>
      </trkpt>
      <trkpt lat="-9.143928" lon="-77.483072">
        <ele>4144.25</ele>
      </trkpt>
      <trkpt lat="-9.143827" lon="-77.483089">
        <ele>4142.25</ele>
      </trkpt>
      <trkpt lat="-9.143737" lon="-77.483115">
        <ele>4141</ele>
      </trkpt>
      <trkpt lat="-9.143659" lon="-77.483152">
        <ele>4140.75</ele>
      </trkpt>
      <trkpt lat="-9.143567" lon="-77.483217">
        <ele>4141.75</ele>
      </trkpt>
      <trkpt lat="-9.143074" lon="-77.483698">
        <ele>4149.25</ele>
      </trkpt>
      <trkpt lat="-9.142875" lon="-77.483882">
        <ele>4150</ele>
      </trkpt>
      <trkpt lat="-9.142642" lon="-77.484038">
        <ele>4148</ele>
      </trkpt>
      <trkpt lat="-9.142302" lon="-77.484251">
        <ele>4152</ele>
      </trkpt>
      <trkpt lat="-9.142193" lon="-77.484311">
        <ele>4155.5</ele>
      </trkpt>
      <trkpt lat="-9.141949" lon="-77.484392">
        <ele>4157.5</ele>
      </trkpt>
      <trkpt lat="-9.141757" lon="-77.48442">
        <ele>4155</ele>
      </trkpt>
      <trkpt lat="-9.141632" lon="-77.484453">
        <ele>4154.75</ele>
      </trkpt>
      <trkpt lat="-9.141583" lon="-77.484495">
        <ele>4157.5</ele>
      </trkpt>
      <trkpt lat="-9.141547" lon="-77.484542">
        <ele>4161.25</ele>
      </trkpt>
      <trkpt lat="-9.141485" lon="-77.484599">
        <ele>4165</ele>
      </trkpt>
      <trkpt lat="-9.141426" lon="-77.484628">
        <ele>4166</ele>
      </trkpt>
      <trkpt lat="-9.141313" lon="-77.484662">
        <ele>4165.75</ele>
      </trkpt>
      <trkpt lat="-9.140563" lon="-77.484823">
        <ele>4156</ele>
      </trkpt>
      <trkpt lat="-9.140475" lon="-77.48485">
        <ele>4155</ele>
      </trkpt>
      <trkpt lat="-9.140421" lon="-77.484865">
        <ele>4154.75</ele>
      </trkpt>
      <trkpt lat="-9.140361" lon="-77.484904">
        <ele>4155.75</ele>
      </trkpt>
      <trkpt lat="-9.140271" lon="-77.485">
        <ele>4160</ele>
      </trkpt>
      <trkpt lat="-9.140214" lon="-77.485109">
        <ele>4168.5</ele>
      </trkpt>
      <trkpt lat="-9.140182" lon="-77.485191">
        <ele>4175.25</ele>
      </trkpt>
      <trkpt lat="-9.140142" lon="-77.485241">
        <ele>4178.75</ele>
      </trkpt>
      <trkpt lat="-9.140089" lon="-77.48527">
        <ele>4179.5</ele>
      </trkpt>
      <trkpt lat="-9.140018" lon="-77.485295">
        <ele>4179.5</ele>
      </trkpt>
      <trkpt lat="-9.139702" lon="-77.48533">
        <ele>4170.5</ele>
      </trkpt>
      <trkpt lat="-9.139673" lon="-77.485348">
        <ele>4171</ele>
      </trkpt>
      <trkpt lat="-9.139594" lon="-77.485435">
        <ele>4175.5</ele>
      </trkpt>
      <trkpt lat="-9.139471" lon="-77.485599">
        <ele>4184.25</ele>
      </trkpt>
      <trkpt lat="-9.139423" lon="-77.485646">
        <ele>4185.75</ele>
      </trkpt>
      <trkpt lat="-9.139349" lon="-77.485699">
        <ele>4186.5</ele>
      </trkpt>
      <trkpt lat="-9.139272" lon="-77.485765">
        <ele>4188</ele>
      </trkpt>
      <trkpt lat="-9.139132" lon="-77.485923">
        <ele>4194</ele>
      </trkpt>
      <trkpt lat="-9.13908" lon="-77.48597">
        <ele>4195.5</ele>
      </trkpt>
      <trkpt lat="-9.138984" lon="-77.48602">
        <ele>4195.5</ele>
      </trkpt>
      <trkpt lat="-9.138717" lon="-77.48613">
        <ele>4193</ele>
      </trkpt>
      <trkpt lat="-9.138569" lon="-77.486229">
        <ele>4195</ele>
      </trkpt>
      <trkpt lat="-9.138372" lon="-77.48645">
        <ele>4206</ele>
      </trkpt>
      <trkpt lat="-9.138274" lon="-77.48657">
        <ele>4212.25</ele>
      </trkpt>
      <trkpt lat="-9.138221" lon="-77.486606">
        <ele>4212.5</ele>
      </trkpt>
      <trkpt lat="-9.138091" lon="-77.486633">
        <ele>4207.75</ele>
      </trkpt>
      <trkpt lat="-9.13792" lon="-77.486647">
        <ele>4199.25</ele>
      </trkpt>
      <trkpt lat="-9.137828" lon="-77.486681">
        <ele>4196.25</ele>
      </trkpt>
      <trkpt lat="-9.137749" lon="-77.48673">
        <ele>4195</ele>
      </trkpt>
      <trkpt lat="-9.137478" lon="-77.486977">
        <ele>4197</ele>
      </trkpt>
      <trkpt lat="-9.137383" lon="-77.487089">
        <ele>4200.5</ele>
      </trkpt>
      <trkpt lat="-9.137211" lon="-77.487271">
        <ele>4204</ele>
      </trkpt>
      <trkpt lat="-9.137139" lon="-77.487313">
        <ele>4203</ele>
      </trkpt>
      <trkpt lat="-9.136877" lon="-77.487488">
        <ele>4198.75</ele>
      </trkpt>
      <trkpt lat="-9.136803" lon="-77.487554">
        <ele>4197.75</ele>
      </trkpt>
      <trkpt lat="-9.136756" lon="-77.487601">
        <ele>4197.75</ele>
      </trkpt>
      <trkpt lat="-9.136735" lon="-77.48764">
        <ele>4198.5</ele>
      </trkpt>
      <trkpt lat="-9.13673" lon="-77.487687">
        <ele>4200.75</ele>
      </trkpt>
      <trkpt lat="-9.136737" lon="-77.487734">
        <ele>4203.25</ele>
      </trkpt>
      <trkpt lat="-9.136786" lon="-77.487904">
        <ele>4213.5</ele>
      </trkpt>
      <trkpt lat="-9.136783" lon="-77.487954">
        <ele>4215.75</ele>
      </trkpt>
      <trkpt lat="-9.136767" lon="-77.488005">
        <ele>4217.75</ele>
      </trkpt>
      <trkpt lat="-9.136713" lon="-77.488057">
        <ele>4218.5</ele>
      </trkpt>
      <trkpt lat="-9.136591" lon="-77.488153">
        <ele>4220</ele>
      </trkpt>
      <trkpt lat="-9.1363" lon="-77.488556">
        <ele>4227.25</ele>
      </trkpt>
      <trkpt lat="-9.136153" lon="-77.488694">
        <ele>4227.75</ele>
      </trkpt>
      <trkpt lat="-9.136064" lon="-77.488737">
        <ele>4226.75</ele>
      </trkpt>
      <trkpt lat="-9.135979" lon="-77.48877">
        <ele>4225.75</ele>
      </trkpt>
      <trkpt lat="-9.135832" lon="-77.488813">
        <ele>4223.75</ele>
      </trkpt>
      <trkpt lat="-9.135714" lon="-77.488836">
        <ele>4222.75</ele>
      </trkpt>
      <trkpt lat="-9.135137" lon="-77.488886">
        <ele>4215.75</ele>
      </trkpt>
      <trkpt lat="-9.135089" lon="-77.4889">
        <ele>4215.75</ele>
      </trkpt>
      <trkpt lat="-9.135039" lon="-77.488938">
        <ele>4216.5</ele>
      </trkpt>
      <trkpt lat="-9.135018" lon="-77.48899">
        <ele>4218.5</ele>
      </trkpt>
      <trkpt lat="-9.135022" lon="-77.489041">
        <ele>4220.75</ele>
      </trkpt>
      <trkpt lat="-9.135022" lon="-77.489051">
        <ele>4221.25</ele>
      </trkpt>
      <trkpt lat="-9.135043" lon="-77.489095">
        <ele>4223.5</ele>
      </trkpt>
      <trkpt lat="-9.135103" lon="-77.489124">
        <ele>4225.5</ele>
      </trkpt>
      <trkpt lat="-9.135177" lon="-77.489135">
        <ele>4227</ele>
      </trkpt>
      <trkpt lat="-9.135435" lon="-77.489095">
        <ele>4228.75</ele>
      </trkpt>
      <trkpt lat="-9.135554" lon="-77.489085">
        <ele>4230</ele>
      </trkpt>
      <trkpt lat="-9.135804" lon="-77.489106">
        <ele>4234.25</ele>
      </trkpt>
      <trkpt lat="-9.135855" lon="-77.489118">
        <ele>4235.25</ele>
      </trkpt>
      <trkpt lat="-9.135868" lon="-77.48912">
        <ele>4235.75</ele>
      </trkpt>
      <trkpt lat="-9.135914" lon="-77.489144">
        <ele>4237.5</ele>
      </trkpt>
      <trkpt lat="-9.135945" lon="-77.489186">
        <ele>4239.5</ele>
      </trkpt>
      <trkpt lat="-9.135955" lon="-77.489264">
        <ele>4241.25</ele>
      </trkpt>
      <trkpt lat="-9.135929" lon="-77.489319">
        <ele>4242</ele>
      </trkpt>
      <trkpt lat="-9.135879" lon="-77.48937">
        <ele>4242.25</ele>
      </trkpt>
      <trkpt lat="-9.135632" lon="-77.489527">
        <ele>4242.75</ele>
      </trkpt>
      <trkpt lat="-9.135571" lon="-77.48958">
        <ele>4243.25</ele>
      </trkpt>
      <trkpt lat="-9.135542" lon="-77.489638">
        <ele>4244.5</ele>
      </trkpt>
      <trkpt lat="-9.13555" lon="-77.489705">
        <ele>4246</ele>
      </trkpt>
      <trkpt lat="-9.135568" lon="-77.489728">
        <ele>4246.75</ele>
      </trkpt>
      <trkpt lat="-9.135589" lon="-77.489753">
        <ele>4247.75</ele>
      </trkpt>
      <trkpt lat="-9.135647" lon="-77.489776">
        <ele>4248.75</ele>
      </trkpt>
      <trkpt lat="-9.135714" lon="-77.489765">
        <ele>4249.25</ele>
      </trkpt>
      <trkpt lat="-9.135795" lon="-77.489717">
        <ele>4249</ele>
      </trkpt>
      <trkpt lat="-9.136251" lon="-77.489238">
        <ele>4246</ele>
      </trkpt>
      <trkpt lat="-9.136551" lon="-77.488946">
        <ele>4244.75</ele>
      </trkpt>
      <trkpt lat="-9.136599" lon="-77.488919">
        <ele>4245</ele>
      </trkpt>
      <trkpt lat="-9.136643" lon="-77.488918">
        <ele>4246</ele>
      </trkpt>
      <trkpt lat="-9.1367" lon="-77.488935">
        <ele>4247</ele>
      </trkpt>
      <trkpt lat="-9.136701" lon="-77.488935">
        <ele>4247.25</ele>
      </trkpt>
      <trkpt lat="-9.136734" lon="-77.488965">
        <ele>4248</ele>
      </trkpt>
      <trkpt lat="-9.136756" lon="-77.489018">
        <ele>4249.25</ele>
      </trkpt>
      <trkpt lat="-9.136756" lon="-77.489085">
        <ele>4250.75</ele>
      </trkpt>
      <trkpt lat="-9.136729" lon="-77.489142">
        <ele>4252.25</ele>
      </trkpt>
      <trkpt lat="-9.136643" lon="-77.489273">
        <ele>4253.25</ele>
      </trkpt>
      <trkpt lat="-9.136587" lon="-77.489372">
        <ele>4253.25</ele>
      </trkpt>
      <trkpt lat="-9.136545" lon="-77.489485">
        <ele>4254</ele>
      </trkpt>
      <trkpt lat="-9.136525" lon="-77.48963">
        <ele>4255.25</ele>
      </trkpt>
      <trkpt lat="-9.136519" lon="-77.489776">
        <ele>4256.75</ele>
      </trkpt>
      <trkpt lat="-9.13649" lon="-77.489889">
        <ele>4257.75</ele>
      </trkpt>
      <trkpt lat="-9.136448" lon="-77.489988">
        <ele>4258.75</ele>
      </trkpt>
      <trkpt lat="-9.136337" lon="-77.490132">
        <ele>4261.75</ele>
      </trkpt>
      <trkpt lat="-9.136216" lon="-77.490258">
        <ele>4264.25</ele>
      </trkpt>
      <trkpt lat="-9.13608" lon="-77.490373">
        <ele>4266.5</ele>
      </trkpt>
      <trkpt lat="-9.135786" lon="-77.490571">
        <ele>4269.75</ele>
      </trkpt>
      <trkpt lat="-9.135459" lon="-77.490842">
        <ele>4279</ele>
      </trkpt>
      <trkpt lat="-9.135392" lon="-77.490887">
        <ele>4281.25</ele>
      </trkpt>
      <trkpt lat="-9.135308" lon="-77.490908">
        <ele>4282.75</ele>
      </trkpt>
      <trkpt lat="-9.135249" lon="-77.490904">
        <ele>4283</ele>
      </trkpt>
      <trkpt lat="-9.135194" lon="-77.490899">
        <ele>4283.25</ele>
      </trkpt>
      <trkpt lat="-9.135122" lon="-77.49088">
        <ele>4283</ele>
      </trkpt>
      <trkpt lat="-9.135011" lon="-77.490825">
        <ele>4281.5</ele>
      </trkpt>
      <trkpt lat="-9.134577" lon="-77.490539">
        <ele>4281.5</ele>
      </trkpt>
      <trkpt lat="-9.134376" lon="-77.490398">
        <ele>4279.75</ele>
      </trkpt>
      <trkpt lat="-9.134247" lon="-77.490318">
        <ele>4278.5</ele>
      </trkpt>
      <trkpt lat="-9.134025" lon="-77.490209">
        <ele>4279.25</ele>
      </trkpt>
      <trkpt lat="-9.133397" lon="-77.489936">
        <ele>4288.75</ele>
      </trkpt>
      <trkpt lat="-9.133334" lon="-77.489933">
        <ele>4291</ele>
      </trkpt>
      <trkpt lat="-9.133285" lon="-77.489941">
        <ele>4293.75</ele>
      </trkpt>
      <trkpt lat="-9.133265" lon="-77.489958">
        <ele>4295.5</ele>
      </trkpt>
      <trkpt lat="-9.133248" lon="-77.489972">
        <ele>4297</ele>
      </trkpt>
      <trkpt lat="-9.133242" lon="-77.490022">
        <ele>4299.75</ele>
      </trkpt>
      <trkpt lat="-9.133258" lon="-77.490066">
        <ele>4300.75</ele>
      </trkpt>
      <trkpt lat="-9.133304" lon="-77.490115">
        <ele>4300.75</ele>
      </trkpt>
      <trkpt lat="-9.133408" lon="-77.49017">
        <ele>4298.75</ele>
      </trkpt>
      <trkpt lat="-9.133597" lon="-77.490217">
        <ele>4294.25</ele>
      </trkpt>
      <trkpt lat="-9.133739" lon="-77.490266">
        <ele>4291.75</ele>
      </trkpt>
      <trkpt lat="-9.133886" lon="-77.490341">
        <ele>4290.5</ele>
      </trkpt>
      <trkpt lat="-9.134038" lon="-77.490447">
        <ele>4291.25</ele>
      </trkpt>
      <trkpt lat="-9.134237" lon="-77.490633">
        <ele>4295.75</ele>
      </trkpt>
      <trkpt lat="-9.134494" lon="-77.490951">
        <ele>4304</ele>
      </trkpt>
      <trkpt lat="-9.134687" lon="-77.491202">
        <ele>4309.75</ele>
      </trkpt>
      <trkpt lat="-9.13475" lon="-77.491274">
        <ele>4311</ele>
      </trkpt>
      <trkpt lat="-9.134818" lon="-77.49134">
        <ele>4311.75</ele>
      </trkpt>
      <trkpt lat="-9.134822" lon="-77.491343">
        <ele>4312</ele>
      </trkpt>
      <trkpt lat="-9.134941" lon="-77.49145">
        <ele>4313.5</ele>
      </trkpt>
      <trkpt lat="-9.135197" lon="-77.491634">
        <ele>4315.5</ele>
      </trkpt>
      <trkpt lat="-9.135337" lon="-77.491709">
        <ele>4315</ele>
      </trkpt>
      <trkpt lat="-9.135508" lon="-77.491827">
        <ele>4314.75</ele>
      </trkpt>
      <trkpt lat="-9.135698" lon="-77.491994">
        <ele>4314.5</ele>
      </trkpt>
      <trkpt lat="-9.135769" lon="-77.49208">
        <ele>4315</ele>
      </trkpt>
      <trkpt lat="-9.1358" lon="-77.492127">
        <ele>4315.25</ele>
      </trkpt>
      <trkpt lat="-9.135806" lon="-77.492167">
        <ele>4316.25</ele>
      </trkpt>
      <trkpt lat="-9.13579" lon="-77.492214">
        <ele>4318.25</ele>
      </trkpt>
      <trkpt lat="-9.135767" lon="-77.492241">
        <ele>4319.75</ele>
      </trkpt>
      <trkpt lat="-9.135724" lon="-77.492245">
        <ele>4321.5</ele>
      </trkpt>
      <trkpt lat="-9.135665" lon="-77.492228">
        <ele>4323</ele>
      </trkpt>
      <trkpt lat="-9.135593" lon="-77.492173">
        <ele>4323.75</ele>
      </trkpt>
      <trkpt lat="-9.135438" lon="-77.492029">
        <ele>4324</ele>
      </trkpt>
      <trkpt lat="-9.135146" lon="-77.491825">
        <ele>4324.75</ele>
      </trkpt>
      <trkpt lat="-9.13485" lon="-77.49166">
        <ele>4326.5</ele>
      </trkpt>
      <trkpt lat="-9.134765" lon="-77.49161">
        <ele>4326.75</ele>
      </trkpt>
      <trkpt lat="-9.13466" lon="-77.491549">
        <ele>4327.25</ele>
      </trkpt>
      <trkpt lat="-9.134598" lon="-77.491506">
        <ele>4327.25</ele>
      </trkpt>
      <trkpt lat="-9.134541" lon="-77.491463">
        <ele>4327</ele>
      </trkpt>
      <trkpt lat="-9.134443" lon="-77.491355">
        <ele>4325</ele>
      </trkpt>
      <trkpt lat="-9.134308" lon="-77.49119">
        <ele>4321.5</ele>
      </trkpt>
      <trkpt lat="-9.134242" lon="-77.491124">
        <ele>4320.5</ele>
      </trkpt>
      <trkpt lat="-9.134205" lon="-77.491105">
        <ele>4320.75</ele>
      </trkpt>
      <trkpt lat="-9.134169" lon="-77.491104">
        <ele>4321.75</ele>
      </trkpt>
      <trkpt lat="-9.134128" lon="-77.491124">
        <ele>4323.75</ele>
      </trkpt>
      <trkpt lat="-9.134103" lon="-77.491152">
        <ele>4326</ele>
      </trkpt>
      <trkpt lat="-9.134103" lon="-77.491222">
        <ele>4329.25</ele>
      </trkpt>
      <trkpt lat="-9.134124" lon="-77.491274">
        <ele>4331.25</ele>
      </trkpt>
      <trkpt lat="-9.134192" lon="-77.491351">
        <ele>4333</ele>
      </trkpt>
      <trkpt lat="-9.134382" lon="-77.49153">
        <ele>4335.25</ele>
      </trkpt>
      <trkpt lat="-9.134476" lon="-77.491608">
        <ele>4336</ele>
      </trkpt>
      <trkpt lat="-9.134808" lon="-77.491857">
        <ele>4336.25</ele>
      </trkpt>
      <trkpt lat="-9.135022" lon="-77.492018">
        <ele>4336.75</ele>
      </trkpt>
      <trkpt lat="-9.135224" lon="-77.492213">
        <ele>4338.25</ele>
      </trkpt>
      <trkpt lat="-9.135386" lon="-77.492389">
        <ele>4339</ele>
      </trkpt>
      <trkpt lat="-9.136117" lon="-77.493439">
        <ele>4349</ele>
      </trkpt>
      <trkpt lat="-9.136318" lon="-77.493738">
        <ele>4353</ele>
      </trkpt>
      <trkpt lat="-9.136403" lon="-77.493825">
        <ele>4352.75</ele>
      </trkpt>
      <trkpt lat="-9.136501" lon="-77.493893">
        <ele>4351.5</ele>
      </trkpt>
      <trkpt lat="-9.136783" lon="-77.494039">
        <ele>4348.75</ele>
      </trkpt>
      <trkpt lat="-9.136952" lon="-77.494164">
        <ele>4348.75</ele>
      </trkpt>
      <trkpt lat="-9.137021" lon="-77.494247">
        <ele>4351</ele>
      </trkpt>
      <trkpt lat="-9.137081" lon="-77.494355">
        <ele>4353.75</ele>
      </trkpt>
      <trkpt lat="-9.137216" lon="-77.494652">
        <ele>4360.75</ele>
      </trkpt>
      <trkpt lat="-9.137271" lon="-77.49476">
        <ele>4362.5</ele>
      </trkpt>
      <trkpt lat="-9.137332" lon="-77.494841">
        <ele>4363.25</ele>
      </trkpt>
      <trkpt lat="-9.137417" lon="-77.494938">
        <ele>4363</ele>
      </trkpt>
      <trkpt lat="-9.137571" lon="-77.495072">
        <ele>4364</ele>
      </trkpt>
      <trkpt lat="-9.137857" lon="-77.495284">
        <ele>4367</ele>
      </trkpt>
      <trkpt lat="-9.138037" lon="-77.495407">
        <ele>4367.25</ele>
      </trkpt>
      <trkpt lat="-9.138168" lon="-77.495511">
        <ele>4366.75</ele>
      </trkpt>
      <trkpt lat="-9.1385" lon="-77.495814">
        <ele>4371</ele>
      </trkpt>
      <trkpt lat="-9.138647" lon="-77.49594">
        <ele>4376.5</ele>
      </trkpt>
      <trkpt lat="-9.138688" lon="-77.495984">
        <ele>4378</ele>
      </trkpt>
      <trkpt lat="-9.138712" lon="-77.496032">
        <ele>4379.5</ele>
      </trkpt>
      <trkpt lat="-9.138713" lon="-77.496081">
        <ele>4381</ele>
      </trkpt>
      <trkpt lat="-9.138699" lon="-77.496122">
        <ele>4382</ele>
      </trkpt>
      <trkpt lat="-9.138668" lon="-77.496144">
        <ele>4382.5</ele>
      </trkpt>
      <trkpt lat="-9.138614" lon="-77.496153">
        <ele>4382.5</ele>
      </trkpt>
      <trkpt lat="-9.138572" lon="-77.496141">
        <ele>4382</ele>
      </trkpt>
      <trkpt lat="-9.138513" lon="-77.496103">
        <ele>4380.5</ele>
      </trkpt>
      <trkpt lat="-9.138148" lon="-77.495733">
        <ele>4372.25</ele>
      </trkpt>
      <trkpt lat="-9.13808" lon="-77.495688">
        <ele>4373.25</ele>
      </trkpt>
      <trkpt lat="-9.137319" lon="-77.495338">
        <ele>4381.75</ele>
      </trkpt>
      <trkpt lat="-9.137065" lon="-77.495182">
        <ele>4384.25</ele>
      </trkpt>
      <trkpt lat="-9.136988" lon="-77.495116">
        <ele>4384</ele>
      </trkpt>
      <trkpt lat="-9.136906" lon="-77.495031">
        <ele>4383.25</ele>
      </trkpt>
      <trkpt lat="-9.136645" lon="-77.494647">
        <ele>4374.75</ele>
      </trkpt>
      <trkpt lat="-9.136563" lon="-77.494564">
        <ele>4374.5</ele>
      </trkpt>
      <trkpt lat="-9.136497" lon="-77.494522">
        <ele>4375.25</ele>
      </trkpt>
      <trkpt lat="-9.13639" lon="-77.494477">
        <ele>4377.5</ele>
      </trkpt>
      <trkpt lat="-9.136217" lon="-77.494416">
        <ele>4381.5</ele>
      </trkpt>
      <trkpt lat="-9.135935" lon="-77.494297">
        <ele>4386</ele>
      </trkpt>
      <trkpt lat="-9.135813" lon="-77.494235">
        <ele>4388</ele>
      </trkpt>
      <trkpt lat="-9.135604" lon="-77.494127">
        <ele>4392</ele>
      </trkpt>
      <trkpt lat="-9.135488" lon="-77.494048">
        <ele>4395</ele>
      </trkpt>
      <trkpt lat="-9.135442" lon="-77.493997">
        <ele>4395.25</ele>
      </trkpt>
      <trkpt lat="-9.135357" lon="-77.493884">
        <ele>4395.5</ele>
      </trkpt>
      <trkpt lat="-9.135142" lon="-77.493574">
        <ele>4395.25</ele>
      </trkpt>
      <trkpt lat="-9.135027" lon="-77.493431">
        <ele>4396</ele>
      </trkpt>
      <trkpt lat="-9.134783" lon="-77.493158">
        <ele>4394.75</ele>
      </trkpt>
      <trkpt lat="-9.134686" lon="-77.49307">
        <ele>4394.25</ele>
      </trkpt>
      <trkpt lat="-9.134619" lon="-77.493023">
        <ele>4394.5</ele>
      </trkpt>
      <trkpt lat="-9.134486" lon="-77.492944">
        <ele>4395</ele>
      </trkpt>
      <trkpt lat="-9.133651" lon="-77.492623">
        <ele>4416.25</ele>
      </trkpt>
      <trkpt lat="-9.1336" lon="-77.492613">
        <ele>4418.5</ele>
      </trkpt>
      <trkpt lat="-9.133559" lon="-77.492619">
        <ele>4421.25</ele>
      </trkpt>
      <trkpt lat="-9.133531" lon="-77.492657">
        <ele>4425.25</ele>
      </trkpt>
      <trkpt lat="-9.133526" lon="-77.492716">
        <ele>4429.25</ele>
      </trkpt>
      <trkpt lat="-9.133544" lon="-77.492771">
        <ele>4431.75</ele>
      </trkpt>
      <trkpt lat="-9.133588" lon="-77.492807">
        <ele>4431.75</ele>
      </trkpt>
      <trkpt lat="-9.133937" lon="-77.49293">
        <ele>4418.75</ele>
      </trkpt>
      <trkpt lat="-9.134148" lon="-77.493012">
        <ele>4411</ele>
      </trkpt>
      <trkpt lat="-9.134274" lon="-77.493078">
        <ele>4410</ele>
      </trkpt>
      <trkpt lat="-9.134356" lon="-77.493137">
        <ele>4410</ele>
      </trkpt>
      <trkpt lat="-9.134443" lon="-77.493215">
        <ele>4411</ele>
      </trkpt>
      <trkpt lat="-9.13469" lon="-77.493565">
        <ele>4415.5</ele>
      </trkpt>
      <trkpt lat="-9.134785" lon="-77.493736">
        <ele>4417.75</ele>
      </trkpt>
      <trkpt lat="-9.135048" lon="-77.494376">
        <ele>4430.25</ele>
      </trkpt>
      <trkpt lat="-9.135077" lon="-77.494423">
        <ele>4431</ele>
      </trkpt>
      <trkpt lat="-9.135108" lon="-77.494457">
        <ele>4431</ele>
      </trkpt>
      <trkpt lat="-9.135161" lon="-77.494501">
        <ele>4430.75</ele>
      </trkpt>
      <trkpt lat="-9.135434" lon="-77.494643">
        <ele>4426.5</ele>
      </trkpt>
      <trkpt lat="-9.135588" lon="-77.494749">
        <ele>4426.75</ele>
      </trkpt>
      <trkpt lat="-9.135851" lon="-77.49493">
        <ele>4427.75</ele>
      </trkpt>
      <trkpt lat="-9.135947" lon="-77.494986">
        <ele>4426.25</ele>
      </trkpt>
      <trkpt lat="-9.136004" lon="-77.495035">
        <ele>4425.5</ele>
      </trkpt>
      <trkpt lat="-9.136084" lon="-77.495142">
        <ele>4425.75</ele>
      </trkpt>
      <trkpt lat="-9.136198" lon="-77.495413">
        <ele>4431.25</ele>
      </trkpt>
      <trkpt lat="-9.136251" lon="-77.495511">
        <ele>4432.75</ele>
      </trkpt>
      <trkpt lat="-9.136362" lon="-77.495668">
        <ele>4434</ele>
      </trkpt>
      <trkpt lat="-9.136501" lon="-77.495834">
        <ele>4434.75</ele>
      </trkpt>
      <trkpt lat="-9.136677" lon="-77.496022">
        <ele>4436.25</ele>
      </trkpt>
      <trkpt lat="-9.136766" lon="-77.496105">
        <ele>4436.75</ele>
      </trkpt>
      <trkpt lat="-9.136846" lon="-77.496171">
        <ele>4437</ele>
      </trkpt>
      <trkpt lat="-9.137065" lon="-77.496319">
        <ele>4435</ele>
      </trkpt>
      <trkpt lat="-9.13713" lon="-77.496384">
        <ele>4435.25</ele>
      </trkpt>
      <trkpt lat="-9.137257" lon="-77.496598">
        <ele>4439.75</ele>
      </trkpt>
      <trkpt lat="-9.137294" lon="-77.496694">
        <ele>4442.5</ele>
      </trkpt>
      <trkpt lat="-9.137348" lon="-77.49679">
        <ele>4443.75</ele>
      </trkpt>
      <trkpt lat="-9.137424" lon="-77.496863">
        <ele>4443.25</ele>
      </trkpt>
      <trkpt lat="-9.13771" lon="-77.497107">
        <ele>4441.25</ele>
      </trkpt>
      <trkpt lat="-9.137747" lon="-77.497166">
        <ele>4442</ele>
      </trkpt>
      <trkpt lat="-9.137785" lon="-77.497233">
        <ele>4442.75</ele>
      </trkpt>
      <trkpt lat="-9.138049" lon="-77.498094">
        <ele>4455.5</ele>
      </trkpt>
      <trkpt lat="-9.13808" lon="-77.498236">
        <ele>4457.75</ele>
      </trkpt>
      <trkpt lat="-9.138075" lon="-77.498289">
        <ele>4459.25</ele>
      </trkpt>
      <trkpt lat="-9.138058" lon="-77.498312">
        <ele>4460.5</ele>
      </trkpt>
      <trkpt lat="-9.138029" lon="-77.498328">
        <ele>4462.25</ele>
      </trkpt>
      <trkpt lat="-9.137971" lon="-77.498319">
        <ele>4464.5</ele>
      </trkpt>
      <trkpt lat="-9.137937" lon="-77.498287">
        <ele>4465.25</ele>
      </trkpt>
      <trkpt lat="-9.137898" lon="-77.498185">
        <ele>4464.5</ele>
      </trkpt>
      <trkpt lat="-9.137812" lon="-77.497897">
        <ele>4461.25</ele>
      </trkpt>
      <trkpt lat="-9.137669" lon="-77.497529">
        <ele>4458.75</ele>
      </trkpt>
      <trkpt lat="-9.137584" lon="-77.497391">
        <ele>4457.75</ele>
      </trkpt>
      <trkpt lat="-9.137536" lon="-77.497335">
        <ele>4457.5</ele>
      </trkpt>
      <trkpt lat="-9.137474" lon="-77.497289">
        <ele>4458.5</ele>
      </trkpt>
      <trkpt lat="-9.137175" lon="-77.497099">
        <ele>4464.5</ele>
      </trkpt>
      <trkpt lat="-9.137058" lon="-77.497005">
        <ele>4466</ele>
      </trkpt>
      <trkpt lat="-9.136825" lon="-77.496712">
        <ele>4464.5</ele>
      </trkpt>
      <trkpt lat="-9.13667" lon="-77.496604">
        <ele>4466.5</ele>
      </trkpt>
      <trkpt lat="-9.136474" lon="-77.496506">
        <ele>4469.75</ele>
      </trkpt>
      <trkpt lat="-9.136394" lon="-77.496452">
        <ele>4470.5</ele>
      </trkpt>
      <trkpt lat="-9.136261" lon="-77.496338">
        <ele>4470.75</ele>
      </trkpt>
      <trkpt lat="-9.135993" lon="-77.496081">
        <ele>4470.25</ele>
      </trkpt>
      <trkpt lat="-9.135837" lon="-77.495932">
        <ele>4470.25</ele>
      </trkpt>
      <trkpt lat="-9.135499" lon="-77.49558">
        <ele>4470.5</ele>
      </trkpt>
      <trkpt lat="-9.135389" lon="-77.495477">
        <ele>4470.25</ele>
      </trkpt>
      <trkpt lat="-9.135328" lon="-77.495438">
        <ele>4470.75</ele>
      </trkpt>
      <trkpt lat="-9.13501" lon="-77.495307">
        <ele>4476</ele>
      </trkpt>
      <trkpt lat="-9.13497" lon="-77.495303">
        <ele>4477.75</ele>
      </trkpt>
      <trkpt lat="-9.134932" lon="-77.495319">
        <ele>4480.75</ele>
      </trkpt>
      <trkpt lat="-9.134912" lon="-77.495352">
        <ele>4483.75</ele>
      </trkpt>
      <trkpt lat="-9.134908" lon="-77.495418">
        <ele>4487.75</ele>
      </trkpt>
      <trkpt lat="-9.134933" lon="-77.49547">
        <ele>4489.75</ele>
      </trkpt>
      <trkpt lat="-9.134975" lon="-77.4955">
        <ele>4489.25</ele>
      </trkpt>
      <trkpt lat="-9.135062" lon="-77.495529">
        <ele>4487</ele>
      </trkpt>
      <trkpt lat="-9.135197" lon="-77.495564">
        <ele>4483</ele>
      </trkpt>
      <trkpt lat="-9.135276" lon="-77.495605">
        <ele>4481.75</ele>
      </trkpt>
      <trkpt lat="-9.135365" lon="-77.495688">
        <ele>4482</ele>
      </trkpt>
      <trkpt lat="-9.135533" lon="-77.495892">
        <ele>4483.75</ele>
      </trkpt>
      <trkpt lat="-9.135767" lon="-77.496231">
        <ele>4488</ele>
      </trkpt>
      <trkpt lat="-9.135966" lon="-77.496482">
        <ele>4490.5</ele>
      </trkpt>
      <trkpt lat="-9.136026" lon="-77.496553">
        <ele>4491.25</ele>
      </trkpt>
      <trkpt lat="-9.136206" lon="-77.49677">
        <ele>4494</ele>
      </trkpt>
      <trkpt lat="-9.136456" lon="-77.497053">
        <ele>4495.75</ele>
      </trkpt>
      <trkpt lat="-9.136648" lon="-77.49732">
        <ele>4498.25</ele>
      </trkpt>
      <trkpt lat="-9.136926" lon="-77.497623">
        <ele>4496.75</ele>
      </trkpt>
      <trkpt lat="-9.136971" lon="-77.497691">
        <ele>4496.75</ele>
      </trkpt>
      <trkpt lat="-9.137042" lon="-77.49784">
        <ele>4497.75</ele>
      </trkpt>
      <trkpt lat="-9.137083" lon="-77.497943">
        <ele>4498.75</ele>
      </trkpt>
      <trkpt lat="-9.137099" lon="-77.498028">
        <ele>4500.25</ele>
      </trkpt>
      <trkpt lat="-9.13711" lon="-77.498149">
        <ele>4503.25</ele>
      </trkpt>
      <trkpt lat="-9.137124" lon="-77.498468">
        <ele>4513.25</ele>
      </trkpt>
      <trkpt lat="-9.137152" lon="-77.49857">
        <ele>4515.75</ele>
      </trkpt>
      <trkpt lat="-9.137208" lon="-77.498694">
        <ele>4517.25</ele>
      </trkpt>
      <trkpt lat="-9.137564" lon="-77.499307">
        <ele>4522</ele>
      </trkpt>
      <trkpt lat="-9.137734" lon="-77.499623">
        <ele>4530</ele>
      </trkpt>
      <trkpt lat="-9.137783" lon="-77.499696">
        <ele>4531</ele>
      </trkpt>
      <trkpt lat="-9.137996" lon="-77.499908">
        <ele>4528.5</ele>
      </trkpt>
      <trkpt lat="-9.138062" lon="-77.499983">
        <ele>4527.25</ele>
      </trkpt>
      <trkpt lat="-9.138119" lon="-77.500068">
        <ele>4527.75</ele>
      </trkpt>
      <trkpt lat="-9.138169" lon="-77.50016">
        <ele>4529.25</ele>
      </trkpt>
      <trkpt lat="-9.138229" lon="-77.500222">
        <ele>4528.75</ele>
      </trkpt>
      <trkpt lat="-9.138279" lon="-77.500261">
        <ele>4528</ele>
      </trkpt>
      <trkpt lat="-9.138374" lon="-77.5003">
        <ele>4526</ele>
      </trkpt>
      <trkpt lat="-9.13865" lon="-77.50034">
        <ele>4520.75</ele>
      </trkpt>
      <trkpt lat="-9.138695" lon="-77.500356">
        <ele>4520.25</ele>
      </trkpt>
      <trkpt lat="-9.138743" lon="-77.500395">
        <ele>4520.5</ele>
      </trkpt>
      <trkpt lat="-9.138792" lon="-77.50045">
        <ele>4521.25</ele>
      </trkpt>
      <trkpt lat="-9.138841" lon="-77.500552">
        <ele>4523.75</ele>
      </trkpt>
      <trkpt lat="-9.138883" lon="-77.500675">
        <ele>4527</ele>
      </trkpt>
      <trkpt lat="-9.138925" lon="-77.500775">
        <ele>4529.25</ele>
      </trkpt>
      <trkpt lat="-9.139207" lon="-77.501196">
        <ele>4535.25</ele>
      </trkpt>
      <trkpt lat="-9.139386" lon="-77.501504">
        <ele>4543.25</ele>
      </trkpt>
      <trkpt lat="-9.139434" lon="-77.501548">
        <ele>4544</ele>
      </trkpt>
      <trkpt lat="-9.139503" lon="-77.501575">
        <ele>4544</ele>
      </trkpt>
      <trkpt lat="-9.139557" lon="-77.501583">
        <ele>4543.25</ele>
      </trkpt>
      <trkpt lat="-9.139661" lon="-77.501563">
        <ele>4540.75</ele>
      </trkpt>
      <trkpt lat="-9.140053" lon="-77.501467">
        <ele>4532.75</ele>
      </trkpt>
      <trkpt lat="-9.140222" lon="-77.501442">
        <ele>4536.25</ele>
      </trkpt>
      <trkpt lat="-9.14046" lon="-77.501416">
        <ele>4541.25</ele>
      </trkpt>
      <trkpt lat="-9.140523" lon="-77.501424">
        <ele>4543.25</ele>
      </trkpt>
      <trkpt lat="-9.140568" lon="-77.501449">
        <ele>4545.5</ele>
      </trkpt>
      <trkpt lat="-9.14059" lon="-77.501492">
        <ele>4548</ele>
      </trkpt>
      <trkpt lat="-9.140592" lon="-77.501543">
        <ele>4550.5</ele>
      </trkpt>
      <trkpt lat="-9.140588" lon="-77.501585">
        <ele>4552.25</ele>
      </trkpt>
      <trkpt lat="-9.140562" lon="-77.50163">
        <ele>4553.5</ele>
      </trkpt>
      <trkpt lat="-9.140522" lon="-77.501645">
        <ele>4553</ele>
      </trkpt>
      <trkpt lat="-9.140431" lon="-77.50166">
        <ele>4551</ele>
      </trkpt>
      <trkpt lat="-9.140288" lon="-77.501695">
        <ele>4548.25</ele>
      </trkpt>
      <trkpt lat="-9.140182" lon="-77.501729">
        <ele>4546.5</ele>
      </trkpt>
      <trkpt lat="-9.140117" lon="-77.501758">
        <ele>4545.75</ele>
      </trkpt>
      <trkpt lat="-9.139954" lon="-77.501866">
        <ele>4547</ele>
      </trkpt>
      <trkpt lat="-9.139532" lon="-77.502035">
        <ele>4556.75</ele>
      </trkpt>
      <trkpt lat="-9.139385" lon="-77.50209">
        <ele>4559</ele>
      </trkpt>
      <trkpt lat="-9.139317" lon="-77.502105">
        <ele>4559.75</ele>
      </trkpt>
      <trkpt lat="-9.139173" lon="-77.502117">
        <ele>4561</ele>
      </trkpt>
      <trkpt lat="-9.139107" lon="-77.502104">
        <ele>4563</ele>
      </trkpt>
      <trkpt lat="-9.139021" lon="-77.502067">
        <ele>4565.5</ele>
      </trkpt>
      <trkpt lat="-9.138956" lon="-77.502012">
        <ele>4567.25</ele>
      </trkpt>
      <trkpt lat="-9.138909" lon="-77.501951">
        <ele>4568</ele>
      </trkpt>
      <trkpt lat="-9.138565" lon="-77.50128">
        <ele>4561.75</ele>
      </trkpt>
      <trkpt lat="-9.138502" lon="-77.501129">
        <ele>4558</ele>
      </trkpt>
      <trkpt lat="-9.138426" lon="-77.500914">
        <ele>4552</ele>
      </trkpt>
      <trkpt lat="-9.1384" lon="-77.500889">
        <ele>4551.75</ele>
      </trkpt>
      <trkpt lat="-9.138368" lon="-77.50087">
        <ele>4552.25</ele>
      </trkpt>
      <trkpt lat="-9.138324" lon="-77.500866">
        <ele>4553.75</ele>
      </trkpt>
      <trkpt lat="-9.138297" lon="-77.500883">
        <ele>4555.5</ele>
      </trkpt>
      <trkpt lat="-9.138282" lon="-77.500891">
        <ele>4556.75</ele>
      </trkpt>
      <trkpt lat="-9.138267" lon="-77.500935">
        <ele>4559.25</ele>
      </trkpt>
      <trkpt lat="-9.138275" lon="-77.501001">
        <ele>4561.75</ele>
      </trkpt>
      <trkpt lat="-9.138421" lon="-77.501424">
        <ele>4573.25</ele>
      </trkpt>
      <trkpt lat="-9.138515" lon="-77.501729">
        <ele>4580.25</ele>
      </trkpt>
      <trkpt lat="-9.138533" lon="-77.501811">
        <ele>4580.75</ele>
      </trkpt>
      <trkpt lat="-9.138544" lon="-77.501909">
        <ele>4581.5</ele>
      </trkpt>
      <trkpt lat="-9.13856" lon="-77.502191">
        <ele>4584.75</ele>
      </trkpt>
      <trkpt lat="-9.138569" lon="-77.502235">
        <ele>4585</ele>
      </trkpt>
      <trkpt lat="-9.138606" lon="-77.502294">
        <ele>4584.5</ele>
      </trkpt>
      <trkpt lat="-9.138638" lon="-77.50233">
        <ele>4583.75</ele>
      </trkpt>
      <trkpt lat="-9.138712" lon="-77.502396">
        <ele>4582.25</ele>
      </trkpt>
      <trkpt lat="-9.138842" lon="-77.502502">
        <ele>4579.25</ele>
      </trkpt>
      <trkpt lat="-9.138997" lon="-77.502705">
        <ele>4582</ele>
      </trkpt>
      <trkpt lat="-9.139093" lon="-77.50283">
        <ele>4583.75</ele>
      </trkpt>
      <trkpt lat="-9.13913" lon="-77.502859">
        <ele>4584</ele>
      </trkpt>
      <trkpt lat="-9.139157" lon="-77.502871">
        <ele>4583.75</ele>
      </trkpt>
      <trkpt lat="-9.139206" lon="-77.50288">
        <ele>4584</ele>
      </trkpt>
      <trkpt lat="-9.139476" lon="-77.502852">
        <ele>4583.25</ele>
      </trkpt>
      <trkpt lat="-9.139565" lon="-77.502863">
        <ele>4583.75</ele>
      </trkpt>
      <trkpt lat="-9.139804" lon="-77.50293">
        <ele>4586.75</ele>
      </trkpt>
      <trkpt lat="-9.139916" lon="-77.502936">
        <ele>4587</ele>
      </trkpt>
      <trkpt lat="-9.140199" lon="-77.502934">
        <ele>4593.75</ele>
      </trkpt>
      <trkpt lat="-9.140249" lon="-77.502955">
        <ele>4596.25</ele>
      </trkpt>
      <trkpt lat="-9.140277" lon="-77.502993">
        <ele>4598.5</ele>
      </trkpt>
      <trkpt lat="-9.140292" lon="-77.503037">
        <ele>4600.75</ele>
      </trkpt>
      <trkpt lat="-9.140285" lon="-77.503077">
        <ele>4602</ele>
      </trkpt>
      <trkpt lat="-9.14024" lon="-77.503108">
        <ele>4601.5</ele>
      </trkpt>
      <trkpt lat="-9.140114" lon="-77.503122">
        <ele>4597.75</ele>
      </trkpt>
      <trkpt lat="-9.139762" lon="-77.503097">
        <ele>4593</ele>
      </trkpt>
      <trkpt lat="-9.139692" lon="-77.503111">
        <ele>4593.5</ele>
      </trkpt>
      <trkpt lat="-9.139619" lon="-77.503131">
        <ele>4594.25</ele>
      </trkpt>
      <trkpt lat="-9.139315" lon="-77.503292">
        <ele>4601</ele>
      </trkpt>
      <trkpt lat="-9.139259" lon="-77.503298">
        <ele>4601.25</ele>
      </trkpt>
      <trkpt lat="-9.139169" lon="-77.503294">
        <ele>4601.25</ele>
      </trkpt>
      <trkpt lat="-9.138875" lon="-77.503235">
        <ele>4603.75</ele>
      </trkpt>
      <trkpt lat="-9.138845" lon="-77.503229">
        <ele>4604.25</ele>
      </trkpt>
      <trkpt lat="-9.138705" lon="-77.503193">
        <ele>4605.75</ele>
      </trkpt>
      <trkpt lat="-9.138548" lon="-77.503129">
        <ele>4606.75</ele>
      </trkpt>
      <trkpt lat="-9.138441" lon="-77.503079">
        <ele>4607.75</ele>
      </trkpt>
      <trkpt lat="-9.138334" lon="-77.503015">
        <ele>4608.5</ele>
      </trkpt>
      <trkpt lat="-9.138261" lon="-77.50294">
        <ele>4610.5</ele>
      </trkpt>
      <trkpt lat="-9.138193" lon="-77.502837">
        <ele>4611.5</ele>
      </trkpt>
      <trkpt lat="-9.138073" lon="-77.502568">
        <ele>4612.25</ele>
      </trkpt>
      <trkpt lat="-9.138034" lon="-77.502537">
        <ele>4613.75</ele>
      </trkpt>
      <trkpt lat="-9.137996" lon="-77.502531">
        <ele>4615.75</ele>
      </trkpt>
      <trkpt lat="-9.137955" lon="-77.502541">
        <ele>4618</ele>
      </trkpt>
      <trkpt lat="-9.137935" lon="-77.502574">
        <ele>4619.75</ele>
      </trkpt>
      <trkpt lat="-9.13792" lon="-77.50261">
        <ele>4621</ele>
      </trkpt>
      <trkpt lat="-9.137923" lon="-77.502668">
        <ele>4622</ele>
      </trkpt>
      <trkpt lat="-9.137953" lon="-77.502769">
        <ele>4622.25</ele>
      </trkpt>
      <trkpt lat="-9.138092" lon="-77.503029">
        <ele>4620.25</ele>
      </trkpt>
      <trkpt lat="-9.138206" lon="-77.503215">
        <ele>4618.75</ele>
      </trkpt>
      <trkpt lat="-9.138286" lon="-77.503331">
        <ele>4617.75</ele>
      </trkpt>
      <trkpt lat="-9.138367" lon="-77.503411">
        <ele>4616.5</ele>
      </trkpt>
      <trkpt lat="-9.138445" lon="-77.503469">
        <ele>4616</ele>
      </trkpt>
      <trkpt lat="-9.138621" lon="-77.50357">
        <ele>4615</ele>
      </trkpt>
      <trkpt lat="-9.138769" lon="-77.503647">
        <ele>4614.25</ele>
      </trkpt>
      <trkpt lat="-9.138886" lon="-77.503708">
        <ele>4614</ele>
      </trkpt>
      <trkpt lat="-9.139206" lon="-77.503838">
        <ele>4613.25</ele>
      </trkpt>
      <trkpt lat="-9.13983" lon="-77.504051">
        <ele>4622.25</ele>
      </trkpt>
      <trkpt lat="-9.139884" lon="-77.504056">
        <ele>4622.75</ele>
      </trkpt>
      <trkpt lat="-9.139939" lon="-77.504047">
        <ele>4622.75</ele>
      </trkpt>
      <trkpt lat="-9.140021" lon="-77.504004">
        <ele>4622.5</ele>
      </trkpt>
      <trkpt lat="-9.140134" lon="-77.503933">
        <ele>4623.75</ele>
      </trkpt>
      <trkpt lat="-9.140184" lon="-77.503909">
        <ele>4624.5</ele>
      </trkpt>
      <trkpt lat="-9.140268" lon="-77.503885">
        <ele>4626.5</ele>
      </trkpt>
      <trkpt lat="-9.14033" lon="-77.503894">
        <ele>4628.5</ele>
      </trkpt>
      <trkpt lat="-9.14037" lon="-77.503925">
        <ele>4630.5</ele>
      </trkpt>
      <trkpt lat="-9.140395" lon="-77.503961">
        <ele>4632.25</ele>
      </trkpt>
      <trkpt lat="-9.140398" lon="-77.504013">
        <ele>4633.75</ele>
      </trkpt>
      <trkpt lat="-9.140389" lon="-77.504033">
        <ele>4633.75</ele>
      </trkpt>
      <trkpt lat="-9.140378" lon="-77.504056">
        <ele>4634.25</ele>
      </trkpt>
      <trkpt lat="-9.140341" lon="-77.504084">
        <ele>4634</ele>
      </trkpt>
      <trkpt lat="-9.140251" lon="-77.504127">
        <ele>4632.75</ele>
      </trkpt>
      <trkpt lat="-9.140125" lon="-77.504173">
        <ele>4630.5</ele>
      </trkpt>
      <trkpt lat="-9.140049" lon="-77.504213">
        <ele>4629.5</ele>
      </trkpt>
      <trkpt lat="-9.139995" lon="-77.504266">
        <ele>4630</ele>
      </trkpt>
      <trkpt lat="-9.13995" lon="-77.504336">
        <ele>4631.5</ele>
      </trkpt>
      <trkpt lat="-9.139737" lon="-77.504765">
        <ele>4639.5</ele>
      </trkpt>
      <trkpt lat="-9.139477" lon="-77.505258">
        <ele>4643.5</ele>
      </trkpt>
      <trkpt lat="-9.139429" lon="-77.505334">
        <ele>4643.75</ele>
      </trkpt>
      <trkpt lat="-9.139371" lon="-77.505405">
        <ele>4643.75</ele>
      </trkpt>
      <trkpt lat="-9.138798" lon="-77.505892">
        <ele>4642</ele>
      </trkpt>
      <trkpt lat="-9.138689" lon="-77.506001">
        <ele>4641.75</ele>
      </trkpt>
      <trkpt lat="-9.138655" lon="-77.506058">
        <ele>4642.25</ele>
      </trkpt>
      <trkpt lat="-9.138634" lon="-77.506176">
        <ele>4643.75</ele>
      </trkpt>
      <trkpt lat="-9.138614" lon="-77.506278">
        <ele>4645.25</ele>
      </trkpt>
      <trkpt lat="-9.138589" lon="-77.506528">
        <ele>4649.25</ele>
      </trkpt>
      <trkpt lat="-9.138561" lon="-77.506635">
        <ele>4650.25</ele>
      </trkpt>
      <trkpt lat="-9.138487" lon="-77.506767">
        <ele>4651.25</ele>
      </trkpt>
      <trkpt lat="-9.138414" lon="-77.506847">
        <ele>4651.25</ele>
      </trkpt>
      <trkpt lat="-9.138006" lon="-77.507137">
        <ele>4655</ele>
      </trkpt>
      <trkpt lat="-9.137965" lon="-77.507202">
        <ele>4656.5</ele>
      </trkpt>
      <trkpt lat="-9.137959" lon="-77.507255">
        <ele>4658</ele>
      </trkpt>
      <trkpt lat="-9.137958" lon="-77.50731">
        <ele>4659.5</ele>
      </trkpt>
      <trkpt lat="-9.137974" lon="-77.507354">
        <ele>4661</ele>
      </trkpt>
      <trkpt lat="-9.137994" lon="-77.507378">
        <ele>4661.5</ele>
      </trkpt>
      <trkpt lat="-9.138004" lon="-77.50739">
        <ele>4662</ele>
      </trkpt>
      <trkpt lat="-9.138063" lon="-77.507432">
        <ele>4663.25</ele>
      </trkpt>
      <trkpt lat="-9.138148" lon="-77.507456">
        <ele>4664.25</ele>
      </trkpt>
      <trkpt lat="-9.138307" lon="-77.507443">
        <ele>4664.25</ele>
      </trkpt>
      <trkpt lat="-9.13854" lon="-77.507359">
        <ele>4665.5</ele>
      </trkpt>
      <trkpt lat="-9.138831" lon="-77.507244">
        <ele>4668</ele>
      </trkpt>
      <trkpt lat="-9.139289" lon="-77.507107">
        <ele>4672.25</ele>
      </trkpt>
      <trkpt lat="-9.13942" lon="-77.507094">
        <ele>4672.5</ele>
      </trkpt>
      <trkpt lat="-9.139514" lon="-77.507137">
        <ele>4672.75</ele>
      </trkpt>
      <trkpt lat="-9.139588" lon="-77.507225">
        <ele>4673.5</ele>
      </trkpt>
      <trkpt lat="-9.139599" lon="-77.507307">
        <ele>4673.75</ele>
      </trkpt>
      <trkpt lat="-9.139604" lon="-77.507345">
        <ele>4674</ele>
      </trkpt>
      <trkpt lat="-9.139578" lon="-77.507472">
        <ele>4674.75</ele>
      </trkpt>
      <trkpt lat="-9.139518" lon="-77.507565">
        <ele>4676.75</ele>
      </trkpt>
      <trkpt lat="-9.139111" lon="-77.507848">
        <ele>4688</ele>
      </trkpt>
      <trkpt lat="-9.128539" lon="-77.515577">
        <ele>4773.75</ele>
      </trkpt>
      <trkpt lat="-9.128207" lon="-77.515789">
        <ele>4752.25</ele>
      </trkpt>
      <trkpt lat="-9.127963" lon="-77.516014">
        <ele>4743.5</ele>
      </trkpt>
      <trkpt lat="-9.127949" lon="-77.516026">
        <ele>4743.25</ele>
      </trkpt>
      <trkpt lat="-9.127837" lon="-77.516182">
        <ele>4740.25</ele>
      </trkpt>
      <trkpt lat="-9.127686" lon="-77.516474">
        <ele>4736.5</ele>
      </trkpt>
      <trkpt lat="-9.127601" lon="-77.516839">
        <ele>4738.5</ele>
      </trkpt>
      <trkpt lat="-9.127426" lon="-77.517464">
        <ele>4742</ele>
      </trkpt>
      <trkpt lat="-9.127373" lon="-77.517558">
        <ele>4741</ele>
      </trkpt>
      <trkpt lat="-9.127288" lon="-77.517681">
        <ele>4738.75</ele>
      </trkpt>
      <trkpt lat="-9.127236" lon="-77.517786">
        <ele>4738</ele>
      </trkpt>
      <trkpt lat="-9.127111" lon="-77.517939">
        <ele>4734.5</ele>
      </trkpt>
      <trkpt lat="-9.127069" lon="-77.517973">
        <ele>4732.75</ele>
      </trkpt>
      <trkpt lat="-9.127013" lon="-77.518001">
        <ele>4730.25</ele>
      </trkpt>
      <trkpt lat="-9.126743" lon="-77.51817">
        <ele>4719.25</ele>
      </trkpt>
      <trkpt lat="-9.126581" lon="-77.518253">
        <ele>4713.75</ele>
      </trkpt>
      <trkpt lat="-9.126534" lon="-77.518309">
        <ele>4713.75</ele>
      </trkpt>
      <trkpt lat="-9.126497" lon="-77.518382">
        <ele>4712</ele>
      </trkpt>
      <trkpt lat="-9.126492" lon="-77.518407">
        <ele>4711.25</ele>
      </trkpt>
      <trkpt lat="-9.126475" lon="-77.518478">
        <ele>4709.25</ele>
      </trkpt>
      <trkpt lat="-9.126478" lon="-77.518559">
        <ele>4707.75</ele>
      </trkpt>
      <trkpt lat="-9.126518" lon="-77.518644">
        <ele>4707.75</ele>
      </trkpt>
      <trkpt lat="-9.126571" lon="-77.518693">
        <ele>4709.25</ele>
      </trkpt>
      <trkpt lat="-9.126626" lon="-77.51873">
        <ele>4711</ele>
      </trkpt>
      <trkpt lat="-9.126685" lon="-77.518789">
        <ele>4712.75</ele>
      </trkpt>
      <trkpt lat="-9.126791" lon="-77.518875">
        <ele>4716.75</ele>
      </trkpt>
      <trkpt lat="-9.126965" lon="-77.519049">
        <ele>4722</ele>
      </trkpt>
      <trkpt lat="-9.127045" lon="-77.519135">
        <ele>4724.25</ele>
      </trkpt>
      <trkpt lat="-9.127151" lon="-77.519358">
        <ele>4722.75</ele>
      </trkpt>
      <trkpt lat="-9.127196" lon="-77.519428">
        <ele>4722.75</ele>
      </trkpt>
      <trkpt lat="-9.12723" lon="-77.519508">
        <ele>4722</ele>
      </trkpt>
      <trkpt lat="-9.127262" lon="-77.51965">
        <ele>4719.5</ele>
      </trkpt>
      <trkpt lat="-9.127296" lon="-77.519701">
        <ele>4719.75</ele>
      </trkpt>
      <trkpt lat="-9.127326" lon="-77.519763">
        <ele>4719.5</ele>
      </trkpt>
      <trkpt lat="-9.127339" lon="-77.519843">
        <ele>4717.75</ele>
      </trkpt>
      <trkpt lat="-9.127339" lon="-77.519926">
        <ele>4715.25</ele>
      </trkpt>
      <trkpt lat="-9.127323" lon="-77.52001">
        <ele>4712</ele>
      </trkpt>
      <trkpt lat="-9.127318" lon="-77.520101">
        <ele>4710</ele>
      </trkpt>
      <trkpt lat="-9.127326" lon="-77.520181">
        <ele>4709</ele>
      </trkpt>
      <trkpt lat="-9.127349" lon="-77.520278">
        <ele>4708.5</ele>
      </trkpt>
      <trkpt lat="-9.127439" lon="-77.520431">
        <ele>4710</ele>
      </trkpt>
      <trkpt lat="-9.127471" lon="-77.520527">
        <ele>4709.75</ele>
      </trkpt>
      <trkpt lat="-9.127492" lon="-77.520672">
        <ele>4707.75</ele>
      </trkpt>
      <trkpt lat="-9.127495" lon="-77.52075">
        <ele>4706.25</ele>
      </trkpt>
      <trkpt lat="-9.127524" lon="-77.520908">
        <ele>4704.25</ele>
      </trkpt>
      <trkpt lat="-9.12758" lon="-77.521112">
        <ele>4701.75</ele>
      </trkpt>
      <trkpt lat="-9.12767" lon="-77.521332">
        <ele>4701</ele>
      </trkpt>
      <trkpt lat="-9.127786" lon="-77.521525">
        <ele>4702</ele>
      </trkpt>
      <trkpt lat="-9.12781" lon="-77.521592">
        <ele>4701.75</ele>
      </trkpt>
      <trkpt lat="-9.12781" lon="-77.521643">
        <ele>4700.5</ele>
      </trkpt>
      <trkpt lat="-9.127786" lon="-77.52167">
        <ele>4698.5</ele>
      </trkpt>
      <trkpt lat="-9.127749" lon="-77.521683">
        <ele>4696.25</ele>
      </trkpt>
      <trkpt lat="-9.127702" lon="-77.521656">
        <ele>4694.5</ele>
      </trkpt>
      <trkpt lat="-9.127635" lon="-77.521581">
        <ele>4693</ele>
      </trkpt>
      <trkpt lat="-9.12758" lon="-77.521477">
        <ele>4692.75</ele>
      </trkpt>
      <trkpt lat="-9.127357" lon="-77.520986">
        <ele>4694.75</ele>
      </trkpt>
      <trkpt lat="-9.127299" lon="-77.520796">
        <ele>4696.75</ele>
      </trkpt>
      <trkpt lat="-9.12723" lon="-77.520637">
        <ele>4696.25</ele>
      </trkpt>
      <trkpt lat="-9.127164" lon="-77.520522">
        <ele>4695</ele>
      </trkpt>
      <trkpt lat="-9.127069" lon="-77.520285">
        <ele>4693.5</ele>
      </trkpt>
      <trkpt lat="-9.12705" lon="-77.520238">
        <ele>4693.5</ele>
      </trkpt>
      <trkpt lat="-9.127002" lon="-77.520093">
        <ele>4693</ele>
      </trkpt>
      <trkpt lat="-9.126767" lon="-77.519749">
        <ele>4690</ele>
      </trkpt>
      <trkpt lat="-9.126735" lon="-77.519661">
        <ele>4691.25</ele>
      </trkpt>
      <trkpt lat="-9.126597" lon="-77.519366">
        <ele>4694.75</ele>
      </trkpt>
      <trkpt lat="-9.126566" lon="-77.519315">
        <ele>4695</ele>
      </trkpt>
      <trkpt lat="-9.12652" lon="-77.51928">
        <ele>4693.75</ele>
      </trkpt>
      <trkpt lat="-9.126481" lon="-77.519259">
        <ele>4692.75</ele>
      </trkpt>
      <trkpt lat="-9.12643" lon="-77.519256">
        <ele>4690.25</ele>
      </trkpt>
      <trkpt lat="-9.126393" lon="-77.519283">
        <ele>4687.75</ele>
      </trkpt>
      <trkpt lat="-9.126388" lon="-77.519323">
        <ele>4686</ele>
      </trkpt>
      <trkpt lat="-9.126444" lon="-77.519463">
        <ele>4684.25</ele>
      </trkpt>
      <trkpt lat="-9.126528" lon="-77.519603">
        <ele>4683.5</ele>
      </trkpt>
      <trkpt lat="-9.126656" lon="-77.519785">
        <ele>4683</ele>
      </trkpt>
      <trkpt lat="-9.126709" lon="-77.519917">
        <ele>4681</ele>
      </trkpt>
      <trkpt lat="-9.126756" lon="-77.520072">
        <ele>4680</ele>
      </trkpt>
      <trkpt lat="-9.126791" lon="-77.520204">
        <ele>4680.5</ele>
      </trkpt>
      <trkpt lat="-9.126796" lon="-77.520445">
        <ele>4678</ele>
      </trkpt>
      <trkpt lat="-9.126785" lon="-77.520558">
        <ele>4676.25</ele>
      </trkpt>
      <trkpt lat="-9.12679" lon="-77.520583">
        <ele>4676</ele>
      </trkpt>
      <trkpt lat="-9.126836" lon="-77.520821">
        <ele>4675.5</ele>
      </trkpt>
      <trkpt lat="-9.126878" lon="-77.520981">
        <ele>4674.25</ele>
      </trkpt>
      <trkpt lat="-9.126926" lon="-77.521293">
        <ele>4669.75</ele>
      </trkpt>
      <trkpt lat="-9.126965" lon="-77.521459">
        <ele>4667.75</ele>
      </trkpt>
      <trkpt lat="-9.127018" lon="-77.521577">
        <ele>4667.25</ele>
      </trkpt>
      <trkpt lat="-9.1271" lon="-77.521724">
        <ele>4666.25</ele>
      </trkpt>
      <trkpt lat="-9.127241" lon="-77.521947">
        <ele>4663.5</ele>
      </trkpt>
      <trkpt lat="-9.127334" lon="-77.522057">
        <ele>4663.5</ele>
      </trkpt>
      <trkpt lat="-9.12741" lon="-77.522162">
        <ele>4663.25</ele>
      </trkpt>
      <trkpt lat="-9.127545" lon="-77.522331">
        <ele>4663.5</ele>
      </trkpt>
      <trkpt lat="-9.127625" lon="-77.522459">
        <ele>4662.5</ele>
      </trkpt>
      <trkpt lat="-9.127702" lon="-77.522545">
        <ele>4662</ele>
      </trkpt>
      <trkpt lat="-9.127853" lon="-77.522687">
        <ele>4661.5</ele>
      </trkpt>
      <trkpt lat="-9.127932" lon="-77.52277">
        <ele>4660.5</ele>
      </trkpt>
      <trkpt lat="-9.128088" lon="-77.522899">
        <ele>4660</ele>
      </trkpt>
      <trkpt lat="-9.128162" lon="-77.522945">
        <ele>4660.25</ele>
      </trkpt>
      <trkpt lat="-9.128244" lon="-77.522969">
        <ele>4662</ele>
      </trkpt>
      <trkpt lat="-9.128329" lon="-77.522985">
        <ele>4664</ele>
      </trkpt>
      <trkpt lat="-9.12839" lon="-77.523015">
        <ele>4663.75</ele>
      </trkpt>
      <trkpt lat="-9.128422" lon="-77.523063">
        <ele>4661.75</ele>
      </trkpt>
      <trkpt lat="-9.128433" lon="-77.523111">
        <ele>4659.5</ele>
      </trkpt>
      <trkpt lat="-9.12843" lon="-77.523149">
        <ele>4657.25</ele>
      </trkpt>
      <trkpt lat="-9.128395" lon="-77.523178">
        <ele>4655.25</ele>
      </trkpt>
      <trkpt lat="-9.128356" lon="-77.523186">
        <ele>4654</ele>
      </trkpt>
      <trkpt lat="-9.128197" lon="-77.523143">
        <ele>4651.5</ele>
      </trkpt>
      <trkpt lat="-9.127797" lon="-77.522897">
        <ele>4649.5</ele>
      </trkpt>
      <trkpt lat="-9.127622" lon="-77.522824">
        <ele>4646.5</ele>
      </trkpt>
      <trkpt lat="-9.127461" lon="-77.522706">
        <ele>4645</ele>
      </trkpt>
      <trkpt lat="-9.127384" lon="-77.522626">
        <ele>4644.75</ele>
      </trkpt>
      <trkpt lat="-9.12732" lon="-77.52254">
        <ele>4645.25</ele>
      </trkpt>
      <trkpt lat="-9.127265" lon="-77.522443">
        <ele>4646.25</ele>
      </trkpt>
      <trkpt lat="-9.127212" lon="-77.522365">
        <ele>4646.5</ele>
      </trkpt>
      <trkpt lat="-9.127138" lon="-77.522288">
        <ele>4645.75</ele>
      </trkpt>
      <trkpt lat="-9.126724" lon="-77.521936">
        <ele>4642</ele>
      </trkpt>
      <trkpt lat="-9.12655" lon="-77.521735">
        <ele>4642.5</ele>
      </trkpt>
      <trkpt lat="-9.12633" lon="-77.521448">
        <ele>4638.25</ele>
      </trkpt>
      <trkpt lat="-9.126269" lon="-77.521299">
        <ele>4638.25</ele>
      </trkpt>
      <trkpt lat="-9.126216" lon="-77.521172">
        <ele>4638.25</ele>
      </trkpt>
      <trkpt lat="-9.126126" lon="-77.520984">
        <ele>4638</ele>
      </trkpt>
      <trkpt lat="-9.126089" lon="-77.520888">
        <ele>4638.25</ele>
      </trkpt>
      <trkpt lat="-9.126015" lon="-77.520668">
        <ele>4638.25</ele>
      </trkpt>
      <trkpt lat="-9.125983" lon="-77.520526">
        <ele>4639</ele>
      </trkpt>
      <trkpt lat="-9.125925" lon="-77.520354">
        <ele>4639</ele>
      </trkpt>
      <trkpt lat="-9.12588" lon="-77.520263">
        <ele>4638.5</ele>
      </trkpt>
      <trkpt lat="-9.125835" lon="-77.520196">
        <ele>4637.75</ele>
      </trkpt>
      <trkpt lat="-9.125795" lon="-77.520147">
        <ele>4637</ele>
      </trkpt>
      <trkpt lat="-9.125755" lon="-77.520118">
        <ele>4635.75</ele>
      </trkpt>
      <trkpt lat="-9.125689" lon="-77.519986">
        <ele>4635.75</ele>
      </trkpt>
      <trkpt lat="-9.125599" lon="-77.519718">
        <ele>4640</ele>
      </trkpt>
      <trkpt lat="-9.125562" lon="-77.519643">
        <ele>4640.75</ele>
      </trkpt>
      <trkpt lat="-9.12553" lon="-77.5196">
        <ele>4640.75</ele>
      </trkpt>
      <trkpt lat="-9.125485" lon="-77.519573">
        <ele>4640</ele>
      </trkpt>
      <trkpt lat="-9.125419" lon="-77.519568">
        <ele>4637.75</ele>
      </trkpt>
      <trkpt lat="-9.125382" lon="-77.519581">
        <ele>4636</ele>
      </trkpt>
      <trkpt lat="-9.125358" lon="-77.519624">
        <ele>4633.75</ele>
      </trkpt>
      <trkpt lat="-9.125363" lon="-77.519694">
        <ele>4632</ele>
      </trkpt>
      <trkpt lat="-9.125387" lon="-77.519766">
        <ele>4630.75</ele>
      </trkpt>
      <trkpt lat="-9.125466" lon="-77.51987">
        <ele>4630.5</ele>
      </trkpt>
      <trkpt lat="-9.125572" lon="-77.52013">
        <ele>4628.25</ele>
      </trkpt>
      <trkpt lat="-9.125673" lon="-77.520329">
        <ele>4628.75</ele>
      </trkpt>
      <trkpt lat="-9.125713" lon="-77.52046">
        <ele>4628</ele>
      </trkpt>
      <trkpt lat="-9.125742" lon="-77.520597">
        <ele>4626.75</ele>
      </trkpt>
      <trkpt lat="-9.125763" lon="-77.520742">
        <ele>4625.25</ele>
      </trkpt>
      <trkpt lat="-9.125774" lon="-77.52097">
        <ele>4620.75</ele>
      </trkpt>
      <trkpt lat="-9.12579" lon="-77.521045">
        <ele>4619.75</ele>
      </trkpt>
      <trkpt lat="-9.125948" lon="-77.521533">
        <ele>4616.25</ele>
      </trkpt>
      <trkpt lat="-9.126028" lon="-77.521729">
        <ele>4615</ele>
      </trkpt>
      <trkpt lat="-9.12607" lon="-77.5218">
        <ele>4614.25</ele>
      </trkpt>
      <trkpt lat="-9.12607" lon="-77.521801">
        <ele>4614.25</ele>
      </trkpt>
      <trkpt lat="-9.126136" lon="-77.521892">
        <ele>4614</ele>
      </trkpt>
      <trkpt lat="-9.126234" lon="-77.522083">
        <ele>4611</ele>
      </trkpt>
      <trkpt lat="-9.126306" lon="-77.522193">
        <ele>4610</ele>
      </trkpt>
      <trkpt lat="-9.126393" lon="-77.5223">
        <ele>4609.75</ele>
      </trkpt>
      <trkpt lat="-9.126576" lon="-77.522496">
        <ele>4609.75</ele>
      </trkpt>
      <trkpt lat="-9.126783" lon="-77.522646">
        <ele>4614.75</ele>
      </trkpt>
      <trkpt lat="-9.126817" lon="-77.522692">
        <ele>4614.75</ele>
      </trkpt>
      <trkpt lat="-9.126828" lon="-77.52274">
        <ele>4613.5</ele>
      </trkpt>
      <trkpt lat="-9.126812" lon="-77.522764">
        <ele>4612</ele>
      </trkpt>
      <trkpt lat="-9.126769" lon="-77.522777">
        <ele>4609.5</ele>
      </trkpt>
      <trkpt lat="-9.126719" lon="-77.522772">
        <ele>4607.25</ele>
      </trkpt>
      <trkpt lat="-9.126648" lon="-77.522729">
        <ele>4605.25</ele>
      </trkpt>
      <trkpt lat="-9.126483" lon="-77.5226">
        <ele>4601.75</ele>
      </trkpt>
      <trkpt lat="-9.126364" lon="-77.522488">
        <ele>4600.25</ele>
      </trkpt>
      <trkpt lat="-9.126166" lon="-77.522281">
        <ele>4599.5</ele>
      </trkpt>
      <trkpt lat="-9.125954" lon="-77.522026">
        <ele>4599.25</ele>
      </trkpt>
      <trkpt lat="-9.125861" lon="-77.521951">
        <ele>4597.5</ele>
      </trkpt>
      <trkpt lat="-9.125844" lon="-77.521925">
        <ele>4597.5</ele>
      </trkpt>
      <trkpt lat="-9.125726" lon="-77.521747">
        <ele>4598.75</ele>
      </trkpt>
      <trkpt lat="-9.125628" lon="-77.521568">
        <ele>4599.75</ele>
      </trkpt>
      <trkpt lat="-9.125559" lon="-77.521485">
        <ele>4598.75</ele>
      </trkpt>
      <trkpt lat="-9.12548" lon="-77.521377">
        <ele>4597.5</ele>
      </trkpt>
      <trkpt lat="-9.125353" lon="-77.521224">
        <ele>4595.25</ele>
      </trkpt>
      <trkpt lat="-9.125305" lon="-77.521131">
        <ele>4595.25</ele>
      </trkpt>
      <trkpt lat="-9.125265" lon="-77.521021">
        <ele>4596</ele>
      </trkpt>
      <trkpt lat="-9.125149" lon="-77.52083">
        <ele>4595</ele>
      </trkpt>
      <trkpt lat="-9.125043" lon="-77.520715">
        <ele>4592.75</ele>
      </trkpt>
      <trkpt lat="-9.1249" lon="-77.520583">
        <ele>4591</ele>
      </trkpt>
      <trkpt lat="-9.124841" lon="-77.520492">
        <ele>4591.5</ele>
      </trkpt>
      <trkpt lat="-9.124762" lon="-77.520398">
        <ele>4591.5</ele>
      </trkpt>
      <trkpt lat="-9.124706" lon="-77.52032">
        <ele>4592</ele>
      </trkpt>
      <trkpt lat="-9.124659" lon="-77.52027">
        <ele>4592</ele>
      </trkpt>
      <trkpt lat="-9.12459" lon="-77.520227">
        <ele>4591.25</ele>
      </trkpt>
      <trkpt lat="-9.124503" lon="-77.520162">
        <ele>4590.75</ele>
      </trkpt>
      <trkpt lat="-9.124317" lon="-77.520007">
        <ele>4590.5</ele>
      </trkpt>
      <trkpt lat="-9.124224" lon="-77.519907">
        <ele>4590.25</ele>
      </trkpt>
      <trkpt lat="-9.124182" lon="-77.519811">
        <ele>4590.75</ele>
      </trkpt>
      <trkpt lat="-9.124137" lon="-77.519674">
        <ele>4591.5</ele>
      </trkpt>
      <trkpt lat="-9.124113" lon="-77.519578">
        <ele>4592</ele>
      </trkpt>
      <trkpt lat="-9.124081" lon="-77.519513">
        <ele>4591.75</ele>
      </trkpt>
      <trkpt lat="-9.123986" lon="-77.519403">
        <ele>4589.25</ele>
      </trkpt>
      <trkpt lat="-9.123941" lon="-77.519331">
        <ele>4588.25</ele>
      </trkpt>
      <trkpt lat="-9.123859" lon="-77.51917">
        <ele>4587</ele>
      </trkpt>
      <trkpt lat="-9.123658" lon="-77.518872">
        <ele>4583</ele>
      </trkpt>
      <trkpt lat="-9.12361" lon="-77.518789">
        <ele>4582.5</ele>
      </trkpt>
      <trkpt lat="-9.12356" lon="-77.518674">
        <ele>4582.75</ele>
      </trkpt>
      <trkpt lat="-9.123483" lon="-77.51855">
        <ele>4582.5</ele>
      </trkpt>
      <trkpt lat="-9.12343" lon="-77.518451">
        <ele>4582.5</ele>
      </trkpt>
      <trkpt lat="-9.123364" lon="-77.518341">
        <ele>4582.75</ele>
      </trkpt>
      <trkpt lat="-9.123292" lon="-77.518244">
        <ele>4579.5</ele>
      </trkpt>
      <trkpt lat="-9.123279" lon="-77.518193">
        <ele>4578.75</ele>
      </trkpt>
      <trkpt lat="-9.123282" lon="-77.518143">
        <ele>4578.75</ele>
      </trkpt>
      <trkpt lat="-9.123303" lon="-77.518075">
        <ele>4579.75</ele>
      </trkpt>
      <trkpt lat="-9.123313" lon="-77.518013">
        <ele>4580.25</ele>
      </trkpt>
      <trkpt lat="-9.123335" lon="-77.51795">
        <ele>4581</ele>
      </trkpt>
      <trkpt lat="-9.123364" lon="-77.517891">
        <ele>4581.75</ele>
      </trkpt>
      <trkpt lat="-9.123454" lon="-77.517547">
        <ele>4583.75</ele>
      </trkpt>
      <trkpt lat="-9.123429" lon="-77.517469">
        <ele>4581.5</ele>
      </trkpt>
      <trkpt lat="-9.123375" lon="-77.517421">
        <ele>4578.25</ele>
      </trkpt>
      <trkpt lat="-9.12331" lon="-77.517414">
        <ele>4575.75</ele>
      </trkpt>
      <trkpt lat="-9.123249" lon="-77.517425">
        <ele>4574.25</ele>
      </trkpt>
      <trkpt lat="-9.1232" lon="-77.51745">
        <ele>4573.5</ele>
      </trkpt>
      <trkpt lat="-9.123159" lon="-77.517498">
        <ele>4573.75</ele>
      </trkpt>
      <trkpt lat="-9.123135" lon="-77.517558">
        <ele>4572.75</ele>
      </trkpt>
      <trkpt lat="-9.123129" lon="-77.51765">
        <ele>4572.5</ele>
      </trkpt>
      <trkpt lat="-9.12308" lon="-77.517954">
        <ele>4569.25</ele>
      </trkpt>
      <trkpt lat="-9.12303" lon="-77.518047">
        <ele>4566.5</ele>
      </trkpt>
      <trkpt lat="-9.123022" lon="-77.518143">
        <ele>4565.75</ele>
      </trkpt>
      <trkpt lat="-9.123051" lon="-77.518231">
        <ele>4566.75</ele>
      </trkpt>
      <trkpt lat="-9.123071" lon="-77.518314">
        <ele>4567.5</ele>
      </trkpt>
      <trkpt lat="-9.123103" lon="-77.518383">
        <ele>4568</ele>
      </trkpt>
      <trkpt lat="-9.123122" lon="-77.518499">
        <ele>4566.75</ele>
      </trkpt>
      <trkpt lat="-9.123127" lon="-77.5187">
        <ele>4562.5</ele>
      </trkpt>
      <trkpt lat="-9.123149" lon="-77.518861">
        <ele>4560.25</ele>
      </trkpt>
      <trkpt lat="-9.123189" lon="-77.518966">
        <ele>4559.75</ele>
      </trkpt>
      <trkpt lat="-9.123231" lon="-77.51903">
        <ele>4560.25</ele>
      </trkpt>
      <trkpt lat="-9.123343" lon="-77.51914">
        <ele>4563</ele>
      </trkpt>
      <trkpt lat="-9.123374" lon="-77.519205">
        <ele>4563.25</ele>
      </trkpt>
      <trkpt lat="-9.12339" lon="-77.519291">
        <ele>4562.75</ele>
      </trkpt>
      <trkpt lat="-9.12338" lon="-77.519508">
        <ele>4559.25</ele>
      </trkpt>
      <trkpt lat="-9.123417" lon="-77.519784">
        <ele>4556.75</ele>
      </trkpt>
      <trkpt lat="-9.123435" lon="-77.519856">
        <ele>4556.5</ele>
      </trkpt>
      <trkpt lat="-9.123507" lon="-77.520074">
        <ele>4555.75</ele>
      </trkpt>
      <trkpt lat="-9.123523" lon="-77.520168">
        <ele>4554</ele>
      </trkpt>
      <trkpt lat="-9.123544" lon="-77.520382">
        <ele>4549.25</ele>
      </trkpt>
      <trkpt lat="-9.12357" lon="-77.520492">
        <ele>4547.5</ele>
      </trkpt>
      <trkpt lat="-9.123629" lon="-77.520632">
        <ele>4546</ele>
      </trkpt>
      <trkpt lat="-9.123713" lon="-77.520734">
        <ele>4546</ele>
      </trkpt>
      <trkpt lat="-9.123761" lon="-77.520752">
        <ele>4547</ele>
      </trkpt>
      <trkpt lat="-9.123872" lon="-77.520776">
        <ele>4550</ele>
      </trkpt>
      <trkpt lat="-9.123928" lon="-77.520809">
        <ele>4551</ele>
      </trkpt>
      <trkpt lat="-9.124013" lon="-77.520935">
        <ele>4548.5</ele>
      </trkpt>
      <trkpt lat="-9.124113" lon="-77.521098">
        <ele>4544.75</ele>
      </trkpt>
      <trkpt lat="-9.124174" lon="-77.521168">
        <ele>4544.25</ele>
      </trkpt>
      <trkpt lat="-9.124243" lon="-77.521222">
        <ele>4545</ele>
      </trkpt>
      <trkpt lat="-9.124279" lon="-77.521282">
        <ele>4544.25</ele>
      </trkpt>
      <trkpt lat="-9.12434" lon="-77.521365">
        <ele>4544</ele>
      </trkpt>
      <trkpt lat="-9.124409" lon="-77.521443">
        <ele>4544.5</ele>
      </trkpt>
      <trkpt lat="-9.12447" lon="-77.521537">
        <ele>4544.25</ele>
      </trkpt>
      <trkpt lat="-9.124515" lon="-77.521636">
        <ele>4543.25</ele>
      </trkpt>
      <trkpt lat="-9.124604" lon="-77.521884">
        <ele>4537.5</ele>
      </trkpt>
      <trkpt lat="-9.124673" lon="-77.522033">
        <ele>4534.75</ele>
      </trkpt>
      <trkpt lat="-9.124715" lon="-77.522106">
        <ele>4534</ele>
      </trkpt>
      <trkpt lat="-9.124826" lon="-77.522191">
        <ele>4536.5</ele>
      </trkpt>
      <trkpt lat="-9.124892" lon="-77.522229">
        <ele>4538.5</ele>
      </trkpt>
      <trkpt lat="-9.124935" lon="-77.522272">
        <ele>4539</ele>
      </trkpt>
      <trkpt lat="-9.124982" lon="-77.522406">
        <ele>4536</ele>
      </trkpt>
      <trkpt lat="-9.12502" lon="-77.522481">
        <ele>4534.75</ele>
      </trkpt>
      <trkpt lat="-9.125083" lon="-77.522543">
        <ele>4535</ele>
      </trkpt>
      <trkpt lat="-9.125131" lon="-77.522602">
        <ele>4534.75</ele>
      </trkpt>
      <trkpt lat="-9.125228" lon="-77.522755">
        <ele>4532.25</ele>
      </trkpt>
      <trkpt lat="-9.125234" lon="-77.522765">
        <ele>4532.25</ele>
      </trkpt>
      <trkpt lat="-9.12543" lon="-77.52301">
        <ele>4532</ele>
      </trkpt>
      <trkpt lat="-9.125581" lon="-77.523106">
        <ele>4536.5</ele>
      </trkpt>
      <trkpt lat="-9.125625" lon="-77.523143">
        <ele>4537.5</ele>
      </trkpt>
      <trkpt lat="-9.125646" lon="-77.523227">
        <ele>4535</ele>
      </trkpt>
      <trkpt lat="-9.125659" lon="-77.523337">
        <ele>4531.25</ele>
      </trkpt>
      <trkpt lat="-9.125688" lon="-77.523436">
        <ele>4528.75</ele>
      </trkpt>
      <trkpt lat="-9.12573" lon="-77.523624">
        <ele>4523</ele>
      </trkpt>
      <trkpt lat="-9.125799" lon="-77.523722">
        <ele>4523.25</ele>
      </trkpt>
      <trkpt lat="-9.125905" lon="-77.52379">
        <ele>4526.75</ele>
      </trkpt>
      <trkpt lat="-9.125985" lon="-77.523897">
        <ele>4526.5</ele>
      </trkpt>
      <trkpt lat="-9.126337" lon="-77.524458">
        <ele>4522</ele>
      </trkpt>
      <trkpt lat="-9.126446" lon="-77.524581">
        <ele>4523</ele>
      </trkpt>
      <trkpt lat="-9.12653" lon="-77.524731">
        <ele>4521.75</ele>
      </trkpt>
      <trkpt lat="-9.126629" lon="-77.524861">
        <ele>4522.25</ele>
      </trkpt>
      <trkpt lat="-9.126688" lon="-77.524911">
        <ele>4523.25</ele>
      </trkpt>
      <trkpt lat="-9.126861" lon="-77.525002">
        <ele>4524.5</ele>
      </trkpt>
      <trkpt lat="-9.126978" lon="-77.525103">
        <ele>4523.25</ele>
      </trkpt>
      <trkpt lat="-9.127018" lon="-77.525163">
        <ele>4521.75</ele>
      </trkpt>
      <trkpt lat="-9.127174" lon="-77.525292">
        <ele>4520</ele>
      </trkpt>
      <trkpt lat="-9.127218" lon="-77.525337">
        <ele>4519</ele>
      </trkpt>
      <trkpt lat="-9.127257" lon="-77.525418">
        <ele>4516</ele>
      </trkpt>
      <trkpt lat="-9.127277" lon="-77.525768">
        <ele>4499.5</ele>
      </trkpt>
      <trkpt lat="-9.12729" lon="-77.525806">
        <ele>4498</ele>
      </trkpt>
      <trkpt lat="-9.127327" lon="-77.525827">
        <ele>4497.75</ele>
      </trkpt>
      <trkpt lat="-9.127374" lon="-77.525838">
        <ele>4498.5</ele>
      </trkpt>
      <trkpt lat="-9.12742" lon="-77.525825">
        <ele>4500.25</ele>
      </trkpt>
      <trkpt lat="-9.12757" lon="-77.525758">
        <ele>4505.5</ele>
      </trkpt>
      <trkpt lat="-9.127664" lon="-77.525744">
        <ele>4506</ele>
      </trkpt>
      <trkpt lat="-9.127818" lon="-77.5257">
        <ele>4508</ele>
      </trkpt>
      <trkpt lat="-9.127892" lon="-77.525689">
        <ele>4508.5</ele>
      </trkpt>
      <trkpt lat="-9.127974" lon="-77.525689">
        <ele>4508.5</ele>
      </trkpt>
      <trkpt lat="-9.128205" lon="-77.525705">
        <ele>4507.25</ele>
      </trkpt>
      <trkpt lat="-9.128297" lon="-77.525694">
        <ele>4507.75</ele>
      </trkpt>
      <trkpt lat="-9.128374" lon="-77.525678">
        <ele>4508</ele>
      </trkpt>
      <trkpt lat="-9.128438" lon="-77.525643">
        <ele>4509</ele>
      </trkpt>
      <trkpt lat="-9.128552" lon="-77.525547">
        <ele>4512.75</ele>
      </trkpt>
      <trkpt lat="-9.128586" lon="-77.525528">
        <ele>4513.25</ele>
      </trkpt>
      <trkpt lat="-9.128631" lon="-77.525509">
        <ele>4513.75</ele>
      </trkpt>
      <trkpt lat="-9.128673" lon="-77.525522">
        <ele>4512.25</ele>
      </trkpt>
      <trkpt lat="-9.128681" lon="-77.525563">
        <ele>4509.75</ele>
      </trkpt>
      <trkpt lat="-9.128665" lon="-77.5256">
        <ele>4508</ele>
      </trkpt>
      <trkpt lat="-9.128618" lon="-77.525643">
        <ele>4506.25</ele>
      </trkpt>
      <trkpt lat="-9.128372" lon="-77.525839">
        <ele>4499</ele>
      </trkpt>
      <trkpt lat="-9.128231" lon="-77.525941">
        <ele>4494.25</ele>
      </trkpt>
      <trkpt lat="-9.128162" lon="-77.525981">
        <ele>4492</ele>
      </trkpt>
      <trkpt lat="-9.128093" lon="-77.526003">
        <ele>4491</ele>
      </trkpt>
      <trkpt lat="-9.128019" lon="-77.526016">
        <ele>4490.5</ele>
      </trkpt>
      <trkpt lat="-9.127838" lon="-77.526006">
        <ele>4491.5</ele>
      </trkpt>
      <trkpt lat="-9.127797" lon="-77.526003">
        <ele>4491.75</ele>
      </trkpt>
      <trkpt lat="-9.127731" lon="-77.526011">
        <ele>4491.25</ele>
      </trkpt>
      <trkpt lat="-9.12768" lon="-77.52604">
        <ele>4489.75</ele>
      </trkpt>
      <trkpt lat="-9.127601" lon="-77.52607">
        <ele>4488.25</ele>
      </trkpt>
      <trkpt lat="-9.127508" lon="-77.526118">
        <ele>4485.75</ele>
      </trkpt>
      <trkpt lat="-9.127301" lon="-77.526179">
        <ele>4478.75</ele>
      </trkpt>
      <trkpt lat="-9.127234" lon="-77.526174">
        <ele>4478</ele>
      </trkpt>
      <trkpt lat="-9.127181" lon="-77.52615">
        <ele>4478.25</ele>
      </trkpt>
      <trkpt lat="-9.127134" lon="-77.526112">
        <ele>4479.25</ele>
      </trkpt>
      <trkpt lat="-9.127073" lon="-77.526083">
        <ele>4479.25</ele>
      </trkpt>
      <trkpt lat="-9.127001" lon="-77.52608">
        <ele>4478</ele>
      </trkpt>
      <trkpt lat="-9.126959" lon="-77.526112">
        <ele>4475.75</ele>
      </trkpt>
      <trkpt lat="-9.126948" lon="-77.526169">
        <ele>4473</ele>
      </trkpt>
      <trkpt lat="-9.126996" lon="-77.526222">
        <ele>4471.5</ele>
      </trkpt>
      <trkpt lat="-9.127086" lon="-77.526246">
        <ele>4471.75</ele>
      </trkpt>
      <trkpt lat="-9.127335" lon="-77.526263">
        <ele>4475</ele>
      </trkpt>
      <trkpt lat="-9.127415" lon="-77.526257">
        <ele>4476.5</ele>
      </trkpt>
      <trkpt lat="-9.127511" lon="-77.526239">
        <ele>4479</ele>
      </trkpt>
      <trkpt lat="-9.127627" lon="-77.526209">
        <ele>4480.5</ele>
      </trkpt>
      <trkpt lat="-9.127723" lon="-77.526177">
        <ele>4482</ele>
      </trkpt>
      <trkpt lat="-9.127813" lon="-77.526158">
        <ele>4483</ele>
      </trkpt>
      <trkpt lat="-9.127857" lon="-77.526163">
        <ele>4482.5</ele>
      </trkpt>
      <trkpt lat="-9.128001" lon="-77.526177">
        <ele>4481.5</ele>
      </trkpt>
      <trkpt lat="-9.12825" lon="-77.52619">
        <ele>4480.25</ele>
      </trkpt>
      <trkpt lat="-9.128462" lon="-77.526166">
        <ele>4478.75</ele>
      </trkpt>
      <trkpt lat="-9.128716" lon="-77.526115">
        <ele>4476.75</ele>
      </trkpt>
      <trkpt lat="-9.128795" lon="-77.52608">
        <ele>4477.25</ele>
      </trkpt>
      <trkpt lat="-9.128843" lon="-77.526043">
        <ele>4478.75</ele>
      </trkpt>
      <trkpt lat="-9.128869" lon="-77.525986">
        <ele>4481.75</ele>
      </trkpt>
      <trkpt lat="-9.128906" lon="-77.525933">
        <ele>4484.5</ele>
      </trkpt>
      <trkpt lat="-9.128973" lon="-77.525855">
        <ele>4488.5</ele>
      </trkpt>
      <trkpt lat="-9.129039" lon="-77.525823">
        <ele>4489.5</ele>
      </trkpt>
      <trkpt lat="-9.129105" lon="-77.525826">
        <ele>4488.25</ele>
      </trkpt>
      <trkpt lat="-9.129185" lon="-77.525842">
        <ele>4486.25</ele>
      </trkpt>
      <trkpt lat="-9.129354" lon="-77.525901">
        <ele>4481.5</ele>
      </trkpt>
      <trkpt lat="-9.129441" lon="-77.525925">
        <ele>4479.5</ele>
      </trkpt>
      <trkpt lat="-9.129518" lon="-77.525927">
        <ele>4479.25</ele>
      </trkpt>
      <trkpt lat="-9.129741" lon="-77.525855">
        <ele>4483.25</ele>
      </trkpt>
      <trkpt lat="-9.129807" lon="-77.525852">
        <ele>4483.25</ele>
      </trkpt>
      <trkpt lat="-9.129868" lon="-77.525868">
        <ele>4482</ele>
      </trkpt>
      <trkpt lat="-9.130032" lon="-77.526015">
        <ele>4471.75</ele>
      </trkpt>
      <trkpt lat="-9.130067" lon="-77.526058">
        <ele>4469.5</ele>
      </trkpt>
      <trkpt lat="-9.130112" lon="-77.526082">
        <ele>4468.75</ele>
      </trkpt>
      <trkpt lat="-9.130162" lon="-77.526095">
        <ele>4468.75</ele>
      </trkpt>
      <trkpt lat="-9.130731" lon="-77.526181">
        <ele>4473.75</ele>
      </trkpt>
      <trkpt lat="-9.130867" lon="-77.526211">
        <ele>4474.75</ele>
      </trkpt>
      <trkpt lat="-9.131081" lon="-77.526331">
        <ele>4472.5</ele>
      </trkpt>
      <trkpt lat="-9.131139" lon="-77.526401">
        <ele>4469.75</ele>
      </trkpt>
      <trkpt lat="-9.131182" lon="-77.526481">
        <ele>4466</ele>
      </trkpt>
      <trkpt lat="-9.131224" lon="-77.526538">
        <ele>4463.5</ele>
      </trkpt>
      <trkpt lat="-9.131296" lon="-77.526594">
        <ele>4462</ele>
      </trkpt>
      <trkpt lat="-9.131386" lon="-77.526653">
        <ele>4461</ele>
      </trkpt>
      <trkpt lat="-9.131589" lon="-77.526777">
        <ele>4458.75</ele>
      </trkpt>
      <trkpt lat="-9.131695" lon="-77.526833">
        <ele>4458.5</ele>
      </trkpt>
      <trkpt lat="-9.131915" lon="-77.526929">
        <ele>4460.5</ele>
      </trkpt>
      <trkpt lat="-9.132074" lon="-77.526967">
        <ele>4464</ele>
      </trkpt>
      <trkpt lat="-9.132217" lon="-77.526962">
        <ele>4469.75</ele>
      </trkpt>
      <trkpt lat="-9.132273" lon="-77.526972">
        <ele>4471.25</ele>
      </trkpt>
      <trkpt lat="-9.132315" lon="-77.527007">
        <ele>4470.25</ele>
      </trkpt>
      <trkpt lat="-9.132328" lon="-77.52705">
        <ele>4467.75</ele>
      </trkpt>
      <trkpt lat="-9.132312" lon="-77.52709">
        <ele>4464.5</ele>
      </trkpt>
      <trkpt lat="-9.132278" lon="-77.527109">
        <ele>4462</ele>
      </trkpt>
      <trkpt lat="-9.132225" lon="-77.527109">
        <ele>4460</ele>
      </trkpt>
      <trkpt lat="-9.132095" lon="-77.527072">
        <ele>4457.75</ele>
      </trkpt>
      <trkpt lat="-9.131883" lon="-77.527031">
        <ele>4452.75</ele>
      </trkpt>
      <trkpt lat="-9.131611" lon="-77.526937">
        <ele>4449.25</ele>
      </trkpt>
      <trkpt lat="-9.131211" lon="-77.526763">
        <ele>4449.25</ele>
      </trkpt>
      <trkpt lat="-9.131123" lon="-77.526715">
        <ele>4449.75</ele>
      </trkpt>
      <trkpt lat="-9.131058" lon="-77.526669">
        <ele>4451</ele>
      </trkpt>
      <trkpt lat="-9.130984" lon="-77.526583">
        <ele>4454.25</ele>
      </trkpt>
      <trkpt lat="-9.130928" lon="-77.526538">
        <ele>4455.5</ele>
      </trkpt>
      <trkpt lat="-9.130873" lon="-77.526519">
        <ele>4455.25</ele>
      </trkpt>
      <trkpt lat="-9.130772" lon="-77.526508">
        <ele>4453.75</ele>
      </trkpt>
      <trkpt lat="-9.130616" lon="-77.526508">
        <ele>4450.25</ele>
      </trkpt>
      <trkpt lat="-9.130306" lon="-77.52649">
        <ele>4444.75</ele>
      </trkpt>
      <trkpt lat="-9.130147" lon="-77.526499">
        <ele>4440.75</ele>
      </trkpt>
      <trkpt lat="-9.130051" lon="-77.526468">
        <ele>4440.75</ele>
      </trkpt>
      <trkpt lat="-9.129951" lon="-77.52639">
        <ele>4445.25</ele>
      </trkpt>
      <trkpt lat="-9.129879" lon="-77.526318">
        <ele>4450.75</ele>
      </trkpt>
      <trkpt lat="-9.129816" lon="-77.526275">
        <ele>4454</ele>
      </trkpt>
      <trkpt lat="-9.129732" lon="-77.526282">
        <ele>4453.75</ele>
      </trkpt>
      <trkpt lat="-9.129647" lon="-77.526309">
        <ele>4452.25</ele>
      </trkpt>
      <trkpt lat="-9.128389" lon="-77.526966">
        <ele>4428</ele>
      </trkpt>
      <trkpt lat="-9.1282" lon="-77.52703">
        <ele>4424.75</ele>
      </trkpt>
      <trkpt lat="-9.128115" lon="-77.527068">
        <ele>4422</ele>
      </trkpt>
      <trkpt lat="-9.128031" lon="-77.527105">
        <ele>4419.75</ele>
      </trkpt>
      <trkpt lat="-9.127899" lon="-77.52714">
        <ele>4417.75</ele>
      </trkpt>
      <trkpt lat="-9.127817" lon="-77.52714">
        <ele>4418.25</ele>
      </trkpt>
      <trkpt lat="-9.127689" lon="-77.527115">
        <ele>4421</ele>
      </trkpt>
      <trkpt lat="-9.127575" lon="-77.527115">
        <ele>4421.5</ele>
      </trkpt>
      <trkpt lat="-9.127442" lon="-77.527126">
        <ele>4421.5</ele>
      </trkpt>
      <trkpt lat="-9.126958" lon="-77.527215">
        <ele>4417.25</ele>
      </trkpt>
      <trkpt lat="-9.126627" lon="-77.527255">
        <ele>4415.25</ele>
      </trkpt>
      <trkpt lat="-9.126466" lon="-77.527251">
        <ele>4411</ele>
      </trkpt>
      <trkpt lat="-9.126395" lon="-77.527219">
        <ele>4410.25</ele>
      </trkpt>
      <trkpt lat="-9.126269" lon="-77.527132">
        <ele>4409.75</ele>
      </trkpt>
      <trkpt lat="-9.126163" lon="-77.5271">
        <ele>4407.25</ele>
      </trkpt>
      <trkpt lat="-9.126115" lon="-77.527106">
        <ele>4405.25</ele>
      </trkpt>
      <trkpt lat="-9.126089" lon="-77.527131">
        <ele>4403.75</ele>
      </trkpt>
      <trkpt lat="-9.126094" lon="-77.527172">
        <ele>4402.75</ele>
      </trkpt>
      <trkpt lat="-9.126115" lon="-77.527207">
        <ele>4402.25</ele>
      </trkpt>
      <trkpt lat="-9.126145" lon="-77.527247">
        <ele>4402</ele>
      </trkpt>
      <trkpt lat="-9.126176" lon="-77.527274">
        <ele>4402</ele>
      </trkpt>
      <trkpt lat="-9.126216" lon="-77.527306">
        <ele>4402</ele>
      </trkpt>
      <trkpt lat="-9.126272" lon="-77.52733">
        <ele>4402.5</ele>
      </trkpt>
      <trkpt lat="-9.126341" lon="-77.527349">
        <ele>4403.5</ele>
      </trkpt>
      <trkpt lat="-9.126552" lon="-77.527349">
        <ele>4408.5</ele>
      </trkpt>
      <trkpt lat="-9.126775" lon="-77.527338">
        <ele>4411</ele>
      </trkpt>
      <trkpt lat="-9.12717" lon="-77.527389">
        <ele>4404.75</ele>
      </trkpt>
      <trkpt lat="-9.127318" lon="-77.527381">
        <ele>4404</ele>
      </trkpt>
      <trkpt lat="-9.127471" lon="-77.527351">
        <ele>4405</ele>
      </trkpt>
      <trkpt lat="-9.127551" lon="-77.527354">
        <ele>4404.25</ele>
      </trkpt>
      <trkpt lat="-9.127891" lon="-77.527411">
        <ele>4397</ele>
      </trkpt>
      <trkpt lat="-9.128034" lon="-77.527403">
        <ele>4396.25</ele>
      </trkpt>
      <trkpt lat="-9.128108" lon="-77.527419">
        <ele>4394.5</ele>
      </trkpt>
      <trkpt lat="-9.128123" lon="-77.527418">
        <ele>4394.25</ele>
      </trkpt>
      <trkpt lat="-9.128307" lon="-77.527403">
        <ele>4394</ele>
      </trkpt>
      <trkpt lat="-9.128442" lon="-77.527386">
        <ele>4393</ele>
      </trkpt>
      <trkpt lat="-9.128529" lon="-77.527362">
        <ele>4393.25</ele>
      </trkpt>
      <trkpt lat="-9.128582" lon="-77.527325">
        <ele>4395</ele>
      </trkpt>
      <trkpt lat="-9.128736" lon="-77.527285">
        <ele>4395</ele>
      </trkpt>
      <trkpt lat="-9.128874" lon="-77.527266">
        <ele>4393.5</ele>
      </trkpt>
      <trkpt lat="-9.128982" lon="-77.527212">
        <ele>4395.25</ele>
      </trkpt>
      <trkpt lat="-9.129093" lon="-77.527124">
        <ele>4399.25</ele>
      </trkpt>
      <trkpt lat="-9.129173" lon="-77.527094">
        <ele>4399.5</ele>
      </trkpt>
      <trkpt lat="-9.12934" lon="-77.527048">
        <ele>4402.5</ele>
      </trkpt>
      <trkpt lat="-9.129403" lon="-77.527016">
        <ele>4404.75</ele>
      </trkpt>
      <trkpt lat="-9.129528" lon="-77.526984">
        <ele>4406.75</ele>
      </trkpt>
      <trkpt lat="-9.129594" lon="-77.527">
        <ele>4405.5</ele>
      </trkpt>
      <trkpt lat="-9.129673" lon="-77.527038">
        <ele>4402.75</ele>
      </trkpt>
      <trkpt lat="-9.129853" lon="-77.527145">
        <ele>4395.5</ele>
      </trkpt>
      <trkpt lat="-9.129936" lon="-77.527185">
        <ele>4393</ele>
      </trkpt>
      <trkpt lat="-9.130089" lon="-77.527212">
        <ele>4393.25</ele>
      </trkpt>
      <trkpt lat="-9.13023" lon="-77.52726">
        <ele>4393.5</ele>
      </trkpt>
      <trkpt lat="-9.13031" lon="-77.527298">
        <ele>4393</ele>
      </trkpt>
      <trkpt lat="-9.130434" lon="-77.527376">
        <ele>4391</ele>
      </trkpt>
      <trkpt lat="-9.130482" lon="-77.527438">
        <ele>4388.25</ele>
      </trkpt>
      <trkpt lat="-9.130561" lon="-77.527491">
        <ele>4387</ele>
      </trkpt>
      <trkpt lat="-9.13086" lon="-77.52766">
        <ele>4384.25</ele>
      </trkpt>
      <trkpt lat="-9.131136" lon="-77.527794">
        <ele>4383.25</ele>
      </trkpt>
      <trkpt lat="-9.131292" lon="-77.527878">
        <ele>4381.75</ele>
      </trkpt>
      <trkpt lat="-9.131485" lon="-77.527947">
        <ele>4381.75</ele>
      </trkpt>
      <trkpt lat="-9.131605" lon="-77.528001">
        <ele>4381</ele>
      </trkpt>
      <trkpt lat="-9.131715" lon="-77.528034">
        <ele>4381.25</ele>
      </trkpt>
      <trkpt lat="-9.13192" lon="-77.52806">
        <ele>4383.25</ele>
      </trkpt>
      <trkpt lat="-9.132032" lon="-77.528049">
        <ele>4386</ele>
      </trkpt>
      <trkpt lat="-9.132089" lon="-77.528061">
        <ele>4386.25</ele>
      </trkpt>
      <trkpt lat="-9.132151" lon="-77.528084">
        <ele>4385.5</ele>
      </trkpt>
      <trkpt lat="-9.13218" lon="-77.528105">
        <ele>4384.5</ele>
      </trkpt>
      <trkpt lat="-9.132194" lon="-77.528137">
        <ele>4382</ele>
      </trkpt>
      <trkpt lat="-9.13218" lon="-77.528178">
        <ele>4378.75</ele>
      </trkpt>
      <trkpt lat="-9.132138" lon="-77.528191">
        <ele>4377</ele>
      </trkpt>
      <trkpt lat="-9.132067" lon="-77.528202">
        <ele>4375.25</ele>
      </trkpt>
      <trkpt lat="-9.13195" lon="-77.528196">
        <ele>4374</ele>
      </trkpt>
      <trkpt lat="-9.131751" lon="-77.528167">
        <ele>4373</ele>
      </trkpt>
      <trkpt lat="-9.131649" lon="-77.528166">
        <ele>4371.25</ele>
      </trkpt>
      <trkpt lat="-9.131449" lon="-77.52814">
        <ele>4368.75</ele>
      </trkpt>
      <trkpt lat="-9.131306" lon="-77.528104">
        <ele>4368</ele>
      </trkpt>
      <trkpt lat="-9.131234" lon="-77.528086">
        <ele>4367.75</ele>
      </trkpt>
      <trkpt lat="-9.13102" lon="-77.528019">
        <ele>4367</ele>
      </trkpt>
      <trkpt lat="-9.130533" lon="-77.52783">
        <ele>4366.25</ele>
      </trkpt>
      <trkpt lat="-9.130448" lon="-77.527769">
        <ele>4367.75</ele>
      </trkpt>
      <trkpt lat="-9.130411" lon="-77.527753">
        <ele>4367.75</ele>
      </trkpt>
      <trkpt lat="-9.130369" lon="-77.527742">
        <ele>4367.5</ele>
      </trkpt>
      <trkpt lat="-9.130334" lon="-77.527747">
        <ele>4366.25</ele>
      </trkpt>
      <trkpt lat="-9.130316" lon="-77.52778">
        <ele>4364</ele>
      </trkpt>
      <trkpt lat="-9.130321" lon="-77.527817">
        <ele>4361.75</ele>
      </trkpt>
      <trkpt lat="-9.13035" lon="-77.527849">
        <ele>4360.75</ele>
      </trkpt>
      <trkpt lat="-9.130533" lon="-77.527916">
        <ele>4361.25</ele>
      </trkpt>
      <trkpt lat="-9.130644" lon="-77.527967">
        <ele>4361.25</ele>
      </trkpt>
      <trkpt lat="-9.130922" lon="-77.528112">
        <ele>4359.5</ele>
      </trkpt>
      <trkpt lat="-9.131051" lon="-77.528199">
        <ele>4357</ele>
      </trkpt>
      <trkpt lat="-9.131329" lon="-77.528317">
        <ele>4355.25</ele>
      </trkpt>
      <trkpt lat="-9.131433" lon="-77.52836">
        <ele>4354.75</ele>
      </trkpt>
      <trkpt lat="-9.131676" lon="-77.52851">
        <ele>4350.25</ele>
      </trkpt>
      <trkpt lat="-9.131782" lon="-77.528559">
        <ele>4348</ele>
      </trkpt>
      <trkpt lat="-9.132047" lon="-77.528597">
        <ele>4347.75</ele>
      </trkpt>
      <trkpt lat="-9.132229" lon="-77.52857">
        <ele>4351</ele>
      </trkpt>
      <trkpt lat="-9.132404" lon="-77.528557">
        <ele>4353.5</ele>
      </trkpt>
      <trkpt lat="-9.132489" lon="-77.528578">
        <ele>4352.75</ele>
      </trkpt>
      <trkpt lat="-9.132502" lon="-77.528659">
        <ele>4347.25</ele>
      </trkpt>
      <trkpt lat="-9.132484" lon="-77.528699">
        <ele>4344.25</ele>
      </trkpt>
      <trkpt lat="-9.132306" lon="-77.528766">
        <ele>4338.5</ele>
      </trkpt>
      <trkpt lat="-9.132204" lon="-77.528797">
        <ele>4335.75</ele>
      </trkpt>
      <trkpt lat="-9.131976" lon="-77.528827">
        <ele>4332.5</ele>
      </trkpt>
      <trkpt lat="-9.131873" lon="-77.528848">
        <ele>4330.5</ele>
      </trkpt>
      <trkpt lat="-9.131653" lon="-77.528805">
        <ele>4331.75</ele>
      </trkpt>
      <trkpt lat="-9.131414" lon="-77.52877">
        <ele>4329.5</ele>
      </trkpt>
      <trkpt lat="-9.131339" lon="-77.52875">
        <ele>4329.25</ele>
      </trkpt>
      <trkpt lat="-9.131242" lon="-77.52876">
        <ele>4326.75</ele>
      </trkpt>
      <trkpt lat="-9.131218" lon="-77.528752">
        <ele>4326.75</ele>
      </trkpt>
      <trkpt lat="-9.131177" lon="-77.528736">
        <ele>4327</ele>
      </trkpt>
      <trkpt lat="-9.130576" lon="-77.528567">
        <ele>4324.25</ele>
      </trkpt>
      <trkpt lat="-9.130293" lon="-77.528449">
        <ele>4324</ele>
      </trkpt>
      <trkpt lat="-9.13014" lon="-77.528364">
        <ele>4324.75</ele>
      </trkpt>
      <trkpt lat="-9.130097" lon="-77.528372">
        <ele>4323.25</ele>
      </trkpt>
      <trkpt lat="-9.130083" lon="-77.528391">
        <ele>4321.75</ele>
      </trkpt>
      <trkpt lat="-9.130079" lon="-77.528416">
        <ele>4320.25</ele>
      </trkpt>
      <trkpt lat="-9.130091" lon="-77.528439">
        <ele>4319.25</ele>
      </trkpt>
      <trkpt lat="-9.130121" lon="-77.528465">
        <ele>4318.5</ele>
      </trkpt>
      <trkpt lat="-9.130176" lon="-77.528486">
        <ele>4318.75</ele>
      </trkpt>
      <trkpt lat="-9.13024" lon="-77.528502">
        <ele>4319.5</ele>
      </trkpt>
      <trkpt lat="-9.130356" lon="-77.528561">
        <ele>4319</ele>
      </trkpt>
      <trkpt lat="-9.130473" lon="-77.528634">
        <ele>4317.75</ele>
      </trkpt>
      <trkpt lat="-9.13064" lon="-77.528711">
        <ele>4317.5</ele>
      </trkpt>
      <trkpt lat="-9.130777" lon="-77.528757">
        <ele>4318</ele>
      </trkpt>
      <trkpt lat="-9.13091" lon="-77.528813">
        <ele>4317.5</ele>
      </trkpt>
      <trkpt lat="-9.131015" lon="-77.528877">
        <ele>4315.5</ele>
      </trkpt>
      <trkpt lat="-9.13121" lon="-77.528978">
        <ele>4313</ele>
      </trkpt>
      <trkpt lat="-9.131377" lon="-77.529041">
        <ele>4312.25</ele>
      </trkpt>
      <trkpt lat="-9.131491" lon="-77.529076">
        <ele>4312.25</ele>
      </trkpt>
      <trkpt lat="-9.131759" lon="-77.529146">
        <ele>4311.25</ele>
      </trkpt>
      <trkpt lat="-9.131986" lon="-77.529192">
        <ele>4309</ele>
      </trkpt>
      <trkpt lat="-9.132074" lon="-77.529189">
        <ele>4309.5</ele>
      </trkpt>
      <trkpt lat="-9.132238" lon="-77.529162">
        <ele>4311.5</ele>
      </trkpt>
      <trkpt lat="-9.132405" lon="-77.529127">
        <ele>4314.25</ele>
      </trkpt>
      <trkpt lat="-9.132551" lon="-77.529087">
        <ele>4318.75</ele>
      </trkpt>
      <trkpt lat="-9.132635" lon="-77.529076">
        <ele>4321.5</ele>
      </trkpt>
      <trkpt lat="-9.132691" lon="-77.529079">
        <ele>4322.5</ele>
      </trkpt>
      <trkpt lat="-9.132731" lon="-77.529111">
        <ele>4321.25</ele>
      </trkpt>
      <trkpt lat="-9.132725" lon="-77.529167">
        <ele>4317</ele>
      </trkpt>
      <trkpt lat="-9.132691" lon="-77.529208">
        <ele>4313.75</ele>
      </trkpt>
      <trkpt lat="-9.132625" lon="-77.529221">
        <ele>4311.25</ele>
      </trkpt>
      <trkpt lat="-9.132527" lon="-77.529224">
        <ele>4308.75</ele>
      </trkpt>
      <trkpt lat="-9.132355" lon="-77.529245">
        <ele>4306.5</ele>
      </trkpt>
      <trkpt lat="-9.132087" lon="-77.529307">
        <ele>4301.75</ele>
      </trkpt>
      <trkpt lat="-9.132008" lon="-77.529318">
        <ele>4301</ele>
      </trkpt>
      <trkpt lat="-9.131645" lon="-77.529304">
        <ele>4300.5</ele>
      </trkpt>
      <trkpt lat="-9.131534" lon="-77.529293">
        <ele>4299.5</ele>
      </trkpt>
      <trkpt lat="-9.131465" lon="-77.529283">
        <ele>4298.75</ele>
      </trkpt>
      <trkpt lat="-9.131203" lon="-77.529226">
        <ele>4297.75</ele>
      </trkpt>
      <trkpt lat="-9.131162" lon="-77.529222">
        <ele>4297.25</ele>
      </trkpt>
      <trkpt lat="-9.131131" lon="-77.529218">
        <ele>4297</ele>
      </trkpt>
      <trkpt lat="-9.131091" lon="-77.529203">
        <ele>4297.25</ele>
      </trkpt>
      <trkpt lat="-9.131002" lon="-77.529199">
        <ele>4296</ele>
      </trkpt>
      <trkpt lat="-9.13093" lon="-77.529176">
        <ele>4296</ele>
      </trkpt>
      <trkpt lat="-9.130867" lon="-77.529169">
        <ele>4295.25</ele>
      </trkpt>
      <trkpt lat="-9.130626" lon="-77.529081">
        <ele>4295.25</ele>
      </trkpt>
      <trkpt lat="-9.130552" lon="-77.529064">
        <ele>4294.5</ele>
      </trkpt>
      <trkpt lat="-9.130337" lon="-77.52903">
        <ele>4291.5</ele>
      </trkpt>
      <trkpt lat="-9.130075" lon="-77.528914">
        <ele>4292</ele>
      </trkpt>
      <trkpt lat="-9.129924" lon="-77.528823">
        <ele>4294</ele>
      </trkpt>
      <trkpt lat="-9.129866" lon="-77.528804">
        <ele>4294</ele>
      </trkpt>
      <trkpt lat="-9.129808" lon="-77.528799">
        <ele>4293.5</ele>
      </trkpt>
      <trkpt lat="-9.129771" lon="-77.528818">
        <ele>4291.75</ele>
      </trkpt>
      <trkpt lat="-9.129752" lon="-77.528842">
        <ele>4290</ele>
      </trkpt>
      <trkpt lat="-9.129752" lon="-77.528885">
        <ele>4287.5</ele>
      </trkpt>
      <trkpt lat="-9.129787" lon="-77.528928">
        <ele>4285.5</ele>
      </trkpt>
      <trkpt lat="-9.129842" lon="-77.528952">
        <ele>4285.25</ele>
      </trkpt>
      <trkpt lat="-9.129937" lon="-77.528979">
        <ele>4285.25</ele>
      </trkpt>
      <trkpt lat="-9.130051" lon="-77.529032">
        <ele>4284.75</ele>
      </trkpt>
      <trkpt lat="-9.130332" lon="-77.529177">
        <ele>4282.75</ele>
      </trkpt>
      <trkpt lat="-9.130438" lon="-77.529215">
        <ele>4283</ele>
      </trkpt>
      <trkpt lat="-9.130811" lon="-77.529384">
        <ele>4281.25</ele>
      </trkpt>
      <trkpt lat="-9.130964" lon="-77.529471">
        <ele>4278.75</ele>
      </trkpt>
      <trkpt lat="-9.131042" lon="-77.529502">
        <ele>4278</ele>
      </trkpt>
      <trkpt lat="-9.13147" lon="-77.529666">
        <ele>4274.5</ele>
      </trkpt>
      <trkpt lat="-9.131621" lon="-77.529717">
        <ele>4273.5</ele>
      </trkpt>
      <trkpt lat="-9.131732" lon="-77.529747">
        <ele>4272.5</ele>
      </trkpt>
      <trkpt lat="-9.131859" lon="-77.529757">
        <ele>4272.25</ele>
      </trkpt>
      <trkpt lat="-9.132175" lon="-77.529763">
        <ele>4273</ele>
      </trkpt>
      <trkpt lat="-9.132278" lon="-77.529771">
        <ele>4272.75</ele>
      </trkpt>
      <trkpt lat="-9.13267" lon="-77.529825">
        <ele>4275.25</ele>
      </trkpt>
      <trkpt lat="-9.132725" lon="-77.529862">
        <ele>4274.75</ele>
      </trkpt>
      <trkpt lat="-9.132749" lon="-77.529916">
        <ele>4272.25</ele>
      </trkpt>
      <trkpt lat="-9.132736" lon="-77.529956">
        <ele>4269.5</ele>
      </trkpt>
      <trkpt lat="-9.132691" lon="-77.529969">
        <ele>4267.25</ele>
      </trkpt>
      <trkpt lat="-9.132635" lon="-77.529967">
        <ele>4265.5</ele>
      </trkpt>
      <trkpt lat="-9.132537" lon="-77.529921">
        <ele>4265</ele>
      </trkpt>
      <trkpt lat="-9.132466" lon="-77.529905">
        <ele>4264.75</ele>
      </trkpt>
      <trkpt lat="-9.132238" lon="-77.529878">
        <ele>4265.75</ele>
      </trkpt>
      <trkpt lat="-9.132082" lon="-77.529892">
        <ele>4264.25</ele>
      </trkpt>
      <trkpt lat="-9.131926" lon="-77.529926">
        <ele>4261.5</ele>
      </trkpt>
      <trkpt lat="-9.131783" lon="-77.529935">
        <ele>4260.5</ele>
      </trkpt>
      <trkpt lat="-9.131187" lon="-77.529894">
        <ele>4256</ele>
      </trkpt>
      <trkpt lat="-9.131098" lon="-77.529876">
        <ele>4256</ele>
      </trkpt>
      <trkpt lat="-9.131041" lon="-77.529851">
        <ele>4256.75</ele>
      </trkpt>
      <trkpt lat="-9.130929" lon="-77.529816">
        <ele>4257.25</ele>
      </trkpt>
      <trkpt lat="-9.130892" lon="-77.529811">
        <ele>4257</ele>
      </trkpt>
      <trkpt lat="-9.130848" lon="-77.529804">
        <ele>4256.75</ele>
      </trkpt>
      <trkpt lat="-9.130717" lon="-77.52977">
        <ele>4256.25</ele>
      </trkpt>
      <trkpt lat="-9.130526" lon="-77.52976">
        <ele>4252.75</ele>
      </trkpt>
      <trkpt lat="-9.130452" lon="-77.529744">
        <ele>4252.25</ele>
      </trkpt>
      <trkpt lat="-9.130391" lon="-77.529725">
        <ele>4252</ele>
      </trkpt>
      <trkpt lat="-9.130269" lon="-77.52966">
        <ele>4253.25</ele>
      </trkpt>
      <trkpt lat="-9.130126" lon="-77.529628">
        <ele>4252</ele>
      </trkpt>
      <trkpt lat="-9.129825" lon="-77.529591">
        <ele>4248</ele>
      </trkpt>
      <trkpt lat="-9.129697" lon="-77.52954">
        <ele>4248.5</ele>
      </trkpt>
      <trkpt lat="-9.129539" lon="-77.529427">
        <ele>4252</ele>
      </trkpt>
      <trkpt lat="-9.12948" lon="-77.529398">
        <ele>4252.5</ele>
      </trkpt>
      <trkpt lat="-9.129438" lon="-77.529392">
        <ele>4252</ele>
      </trkpt>
      <trkpt lat="-9.129388" lon="-77.529411">
        <ele>4250</ele>
      </trkpt>
      <trkpt lat="-9.129356" lon="-77.52944">
        <ele>4247.75</ele>
      </trkpt>
      <trkpt lat="-9.129364" lon="-77.529491">
        <ele>4245</ele>
      </trkpt>
      <trkpt lat="-9.129395" lon="-77.529526">
        <ele>4243.5</ele>
      </trkpt>
      <trkpt lat="-9.129541" lon="-77.529601">
        <ele>4242</ele>
      </trkpt>
      <trkpt lat="-9.129713" lon="-77.529679">
        <ele>4240.75</ele>
      </trkpt>
      <trkpt lat="-9.129936" lon="-77.529744">
        <ele>4241.5</ele>
      </trkpt>
      <trkpt lat="-9.130018" lon="-77.52976">
        <ele>4242</ele>
      </trkpt>
      <trkpt lat="-9.130108" lon="-77.529803">
        <ele>4241.5</ele>
      </trkpt>
      <trkpt lat="-9.130259" lon="-77.529921">
        <ele>4237.75</ele>
      </trkpt>
      <trkpt lat="-9.130346" lon="-77.529958">
        <ele>4237.5</ele>
      </trkpt>
      <trkpt lat="-9.130442" lon="-77.529974">
        <ele>4238.5</ele>
      </trkpt>
      <trkpt lat="-9.130574" lon="-77.530006">
        <ele>4239.25</ele>
      </trkpt>
      <trkpt lat="-9.130685" lon="-77.530041">
        <ele>4239.25</ele>
      </trkpt>
      <trkpt lat="-9.13076" lon="-77.530122">
        <ele>4235.75</ele>
      </trkpt>
      <trkpt lat="-9.130854" lon="-77.530172">
        <ele>4234</ele>
      </trkpt>
      <trkpt lat="-9.130877" lon="-77.530184">
        <ele>4233.75</ele>
      </trkpt>
      <trkpt lat="-9.13106" lon="-77.530248">
        <ele>4232.25</ele>
      </trkpt>
      <trkpt lat="-9.131414" lon="-77.530329">
        <ele>4232</ele>
      </trkpt>
      <trkpt lat="-9.131634" lon="-77.530396">
        <ele>4230.75</ele>
      </trkpt>
      <trkpt lat="-9.131881" lon="-77.530436">
        <ele>4230.25</ele>
      </trkpt>
      <trkpt lat="-9.132084" lon="-77.530479">
        <ele>4229.5</ele>
      </trkpt>
      <trkpt lat="-9.132348" lon="-77.530467">
        <ele>4232.5</ele>
      </trkpt>
      <trkpt lat="-9.132509" lon="-77.530476">
        <ele>4233.5</ele>
      </trkpt>
      <trkpt lat="-9.132697" lon="-77.530499">
        <ele>4237</ele>
      </trkpt>
      <trkpt lat="-9.13275" lon="-77.530536">
        <ele>4236.25</ele>
      </trkpt>
      <trkpt lat="-9.132778" lon="-77.530585">
        <ele>4234</ele>
      </trkpt>
      <trkpt lat="-9.132774" lon="-77.530636">
        <ele>4231</ele>
      </trkpt>
      <trkpt lat="-9.132717" lon="-77.530704">
        <ele>4225.75</ele>
      </trkpt>
      <trkpt lat="-9.132645" lon="-77.530716">
        <ele>4223.5</ele>
      </trkpt>
      <trkpt lat="-9.132564" lon="-77.530704">
        <ele>4222.25</ele>
      </trkpt>
      <trkpt lat="-9.132392" lon="-77.530653">
        <ele>4222.5</ele>
      </trkpt>
      <trkpt lat="-9.132243" lon="-77.530629">
        <ele>4222.25</ele>
      </trkpt>
      <trkpt lat="-9.132074" lon="-77.530613">
        <ele>4221.5</ele>
      </trkpt>
      <trkpt lat="-9.131658" lon="-77.530613">
        <ele>4217.5</ele>
      </trkpt>
      <trkpt lat="-9.131441" lon="-77.530597">
        <ele>4215.5</ele>
      </trkpt>
      <trkpt lat="-9.131316" lon="-77.530573">
        <ele>4215.25</ele>
      </trkpt>
      <trkpt lat="-9.131065" lon="-77.530541">
        <ele>4213.75</ele>
      </trkpt>
      <trkpt lat="-9.130935" lon="-77.530541">
        <ele>4212</ele>
      </trkpt>
      <trkpt lat="-9.130715" lon="-77.530509">
        <ele>4210.5</ele>
      </trkpt>
      <trkpt lat="-9.130669" lon="-77.530497">
        <ele>4210.25</ele>
      </trkpt>
      <trkpt lat="-9.130369" lon="-77.530416">
        <ele>4210</ele>
      </trkpt>
      <trkpt lat="-9.130288" lon="-77.530379">
        <ele>4210.75</ele>
      </trkpt>
      <trkpt lat="-9.130137" lon="-77.530331">
        <ele>4211</ele>
      </trkpt>
      <trkpt lat="-9.130052" lon="-77.530291">
        <ele>4211.75</ele>
      </trkpt>
      <trkpt lat="-9.129946" lon="-77.530251">
        <ele>4212</ele>
      </trkpt>
      <trkpt lat="-9.129845" lon="-77.530221">
        <ele>4212</ele>
      </trkpt>
      <trkpt lat="-9.129644" lon="-77.530173">
        <ele>4211</ele>
      </trkpt>
      <trkpt lat="-9.129599" lon="-77.530152">
        <ele>4211.25</ele>
      </trkpt>
      <trkpt lat="-9.12953" lon="-77.53013">
        <ele>4211.25</ele>
      </trkpt>
      <trkpt lat="-9.129424" lon="-77.530109">
        <ele>4210.5</ele>
      </trkpt>
      <trkpt lat="-9.129358" lon="-77.530109">
        <ele>4209.25</ele>
      </trkpt>
      <trkpt lat="-9.12926" lon="-77.530071">
        <ele>4209.5</ele>
      </trkpt>
      <trkpt lat="-9.12921" lon="-77.530026">
        <ele>4211.25</ele>
      </trkpt>
      <trkpt lat="-9.129085" lon="-77.529937">
        <ele>4213.25</ele>
      </trkpt>
      <trkpt lat="-9.128781" lon="-77.529787">
        <ele>4213.5</ele>
      </trkpt>
      <trkpt lat="-9.128738" lon="-77.529771">
        <ele>4213.25</ele>
      </trkpt>
      <trkpt lat="-9.128696" lon="-77.529768">
        <ele>4212.5</ele>
      </trkpt>
      <trkpt lat="-9.128651" lon="-77.529787">
        <ele>4210</ele>
      </trkpt>
      <trkpt lat="-9.128627" lon="-77.529811">
        <ele>4208</ele>
      </trkpt>
      <trkpt lat="-9.128627" lon="-77.529854">
        <ele>4205.5</ele>
      </trkpt>
      <trkpt lat="-9.128664" lon="-77.529894">
        <ele>4204.25</ele>
      </trkpt>
      <trkpt lat="-9.128712" lon="-77.529921">
        <ele>4204</ele>
      </trkpt>
      <trkpt lat="-9.128842" lon="-77.529967">
        <ele>4204.75</ele>
      </trkpt>
      <trkpt lat="-9.128955" lon="-77.530017">
        <ele>4205</ele>
      </trkpt>
      <trkpt lat="-9.129014" lon="-77.530055">
        <ele>4204.5</ele>
      </trkpt>
      <trkpt lat="-9.12912" lon="-77.530141">
        <ele>4202.5</ele>
      </trkpt>
      <trkpt lat="-9.12921" lon="-77.530235">
        <ele>4199.25</ele>
      </trkpt>
      <trkpt lat="-9.129247" lon="-77.530259">
        <ele>4198.5</ele>
      </trkpt>
      <trkpt lat="-9.129284" lon="-77.530272">
        <ele>4198.5</ele>
      </trkpt>
      <trkpt lat="-9.129435" lon="-77.530288">
        <ele>4200.25</ele>
      </trkpt>
      <trkpt lat="-9.129493" lon="-77.530304">
        <ele>4200.5</ele>
      </trkpt>
      <trkpt lat="-9.129702" lon="-77.530388">
        <ele>4199.5</ele>
      </trkpt>
      <trkpt lat="-9.129946" lon="-77.530506">
        <ele>4197</ele>
      </trkpt>
      <trkpt lat="-9.1302" lon="-77.530602">
        <ele>4195.75</ele>
      </trkpt>
      <trkpt lat="-9.130319" lon="-77.530664">
        <ele>4194</ele>
      </trkpt>
      <trkpt lat="-9.130455" lon="-77.530762">
        <ele>4190.25</ele>
      </trkpt>
      <trkpt lat="-9.130536" lon="-77.530805">
        <ele>4188.75</ele>
      </trkpt>
      <trkpt lat="-9.130566" lon="-77.530821">
        <ele>4188.5</ele>
      </trkpt>
      <trkpt lat="-9.130667" lon="-77.530856">
        <ele>4188</ele>
      </trkpt>
      <trkpt lat="-9.13085" lon="-77.530905">
        <ele>4188.25</ele>
      </trkpt>
      <trkpt lat="-9.130927" lon="-77.530914">
        <ele>4188.75</ele>
      </trkpt>
      <trkpt lat="-9.131099" lon="-77.530983">
        <ele>4187.25</ele>
      </trkpt>
      <trkpt lat="-9.131311" lon="-77.531093">
        <ele>4183.75</ele>
      </trkpt>
      <trkpt lat="-9.131401" lon="-77.531123">
        <ele>4183.25</ele>
      </trkpt>
      <trkpt lat="-9.131512" lon="-77.531142">
        <ele>4183.5</ele>
      </trkpt>
      <trkpt lat="-9.131634" lon="-77.531174">
        <ele>4183</ele>
      </trkpt>
      <trkpt lat="-9.131738" lon="-77.531214">
        <ele>4182</ele>
      </trkpt>
      <trkpt lat="-9.131822" lon="-77.531235">
        <ele>4181.75</ele>
      </trkpt>
      <trkpt lat="-9.131899" lon="-77.531251">
        <ele>4181.5</ele>
      </trkpt>
      <trkpt lat="-9.132137" lon="-77.531273">
        <ele>4183.25</ele>
      </trkpt>
      <trkpt lat="-9.132233" lon="-77.531294">
        <ele>4183</ele>
      </trkpt>
      <trkpt lat="-9.13232" lon="-77.53134">
        <ele>4181.25</ele>
      </trkpt>
      <trkpt lat="-9.132458" lon="-77.531437">
        <ele>4177.25</ele>
      </trkpt>
      <trkpt lat="-9.132521" lon="-77.531471">
        <ele>4175.75</ele>
      </trkpt>
      <trkpt lat="-9.132625" lon="-77.531488">
        <ele>4176</ele>
      </trkpt>
      <trkpt lat="-9.132823" lon="-77.531493">
        <ele>4177.75</ele>
      </trkpt>
      <trkpt lat="-9.13321" lon="-77.531568">
        <ele>4176.75</ele>
      </trkpt>
      <trkpt lat="-9.133342" lon="-77.531581">
        <ele>4177.25</ele>
      </trkpt>
      <trkpt lat="-9.133432" lon="-77.531576">
        <ele>4180.75</ele>
      </trkpt>
      <trkpt lat="-9.133549" lon="-77.531557">
        <ele>4186.25</ele>
      </trkpt>
      <trkpt lat="-9.133597" lon="-77.531565">
        <ele>4187.5</ele>
      </trkpt>
      <trkpt lat="-9.133647" lon="-77.531581">
        <ele>4188</ele>
      </trkpt>
      <trkpt lat="-9.133695" lon="-77.531648">
        <ele>4184.5</ele>
      </trkpt>
      <trkpt lat="-9.133724" lon="-77.53171">
        <ele>4181.25</ele>
      </trkpt>
      <trkpt lat="-9.133769" lon="-77.531785">
        <ele>4178</ele>
      </trkpt>
      <trkpt lat="-9.133811" lon="-77.531839">
        <ele>4175.75</ele>
      </trkpt>
      <trkpt lat="-9.133848" lon="-77.531903">
        <ele>4172.75</ele>
      </trkpt>
      <trkpt lat="-9.133901" lon="-77.531954">
        <ele>4171</ele>
      </trkpt>
      <trkpt lat="-9.133967" lon="-77.531997">
        <ele>4170</ele>
      </trkpt>
      <trkpt lat="-9.1342" lon="-77.532088">
        <ele>4170</ele>
      </trkpt>
      <trkpt lat="-9.134463" lon="-77.532169">
        <ele>4167.25</ele>
      </trkpt>
      <trkpt lat="-9.134516" lon="-77.532177">
        <ele>4167.25</ele>
      </trkpt>
      <trkpt lat="-9.134566" lon="-77.532177">
        <ele>4167.75</ele>
      </trkpt>
      <trkpt lat="-9.134632" lon="-77.532169">
        <ele>4169.25</ele>
      </trkpt>
      <trkpt lat="-9.134751" lon="-77.532139">
        <ele>4172.75</ele>
      </trkpt>
      <trkpt lat="-9.134791" lon="-77.532134">
        <ele>4173.75</ele>
      </trkpt>
      <trkpt lat="-9.134825" lon="-77.532139">
        <ele>4173.75</ele>
      </trkpt>
      <trkpt lat="-9.134865" lon="-77.532161">
        <ele>4172.5</ele>
      </trkpt>
      <trkpt lat="-9.134873" lon="-77.532204">
        <ele>4169</ele>
      </trkpt>
      <trkpt lat="-9.13487" lon="-77.532233">
        <ele>4166.75</ele>
      </trkpt>
      <trkpt lat="-9.134844" lon="-77.532255">
        <ele>4164.5</ele>
      </trkpt>
      <trkpt lat="-9.13473" lon="-77.532279">
        <ele>4161.5</ele>
      </trkpt>
      <trkpt lat="-9.134576" lon="-77.53229">
        <ele>4159.25</ele>
      </trkpt>
      <trkpt lat="-9.134505" lon="-77.532287">
        <ele>4158.75</ele>
      </trkpt>
      <trkpt lat="-9.134314" lon="-77.53226">
        <ele>4159</ele>
      </trkpt>
      <trkpt lat="-9.13402" lon="-77.53219">
        <ele>4158.5</ele>
      </trkpt>
      <trkpt lat="-9.133912" lon="-77.532147">
        <ele>4158.75</ele>
      </trkpt>
      <trkpt lat="-9.133808" lon="-77.532096">
        <ele>4159.25</ele>
      </trkpt>
      <trkpt lat="-9.133763" lon="-77.532067">
        <ele>4159.75</ele>
      </trkpt>
      <trkpt lat="-9.133573" lon="-77.531884">
        <ele>4165.75</ele>
      </trkpt>
      <trkpt lat="-9.133504" lon="-77.531847">
        <ele>4165.75</ele>
      </trkpt>
      <trkpt lat="-9.133387" lon="-77.531823">
        <ele>4163.5</ele>
      </trkpt>
      <trkpt lat="-9.133236" lon="-77.531817">
        <ele>4161.25</ele>
      </trkpt>
      <trkpt lat="-9.133048" lon="-77.53182">
        <ele>4159.5</ele>
      </trkpt>
      <trkpt lat="-9.132874" lon="-77.531836">
        <ele>4157</ele>
      </trkpt>
      <trkpt lat="-9.132611" lon="-77.531844">
        <ele>4154</ele>
      </trkpt>
      <trkpt lat="-9.132492" lon="-77.531855">
        <ele>4152.25</ele>
      </trkpt>
      <trkpt lat="-9.132018" lon="-77.531766">
        <ele>4152.25</ele>
      </trkpt>
      <trkpt lat="-9.131883" lon="-77.531761">
        <ele>4150.75</ele>
      </trkpt>
      <trkpt lat="-9.131719" lon="-77.531766">
        <ele>4148.75</ele>
      </trkpt>
      <trkpt lat="-9.131425" lon="-77.531737">
        <ele>4147.75</ele>
      </trkpt>
      <trkpt lat="-9.131213" lon="-77.531742">
        <ele>4145.75</ele>
      </trkpt>
      <trkpt lat="-9.131046" lon="-77.531716">
        <ele>4145.75</ele>
      </trkpt>
      <trkpt lat="-9.130734" lon="-77.531641">
        <ele>4146.25</ele>
      </trkpt>
      <trkpt lat="-9.130663" lon="-77.53163">
        <ele>4145.5</ele>
      </trkpt>
      <trkpt lat="-9.130504" lon="-77.531616">
        <ele>4143.25</ele>
      </trkpt>
      <trkpt lat="-9.130422" lon="-77.531627">
        <ele>4141.25</ele>
      </trkpt>
      <trkpt lat="-9.130329" lon="-77.531627">
        <ele>4139.5</ele>
      </trkpt>
      <trkpt lat="-9.130296" lon="-77.531625">
        <ele>4138.75</ele>
      </trkpt>
      <trkpt lat="-9.130223" lon="-77.531619">
        <ele>4137.75</ele>
      </trkpt>
      <trkpt lat="-9.13012" lon="-77.53159">
        <ele>4137.5</ele>
      </trkpt>
      <trkpt lat="-9.13003" lon="-77.531555">
        <ele>4137.75</ele>
      </trkpt>
      <trkpt lat="-9.129966" lon="-77.531517">
        <ele>4139</ele>
      </trkpt>
      <trkpt lat="-9.12977" lon="-77.531434">
        <ele>4140.25</ele>
      </trkpt>
      <trkpt lat="-9.129678" lon="-77.531388">
        <ele>4141</ele>
      </trkpt>
      <trkpt lat="-9.12958" lon="-77.531362">
        <ele>4140.75</ele>
      </trkpt>
      <trkpt lat="-9.129487" lon="-77.53134">
        <ele>4140.5</ele>
      </trkpt>
      <trkpt lat="-9.12913" lon="-77.531324">
        <ele>4135</ele>
      </trkpt>
      <trkpt lat="-9.128918" lon="-77.531287">
        <ele>4132.75</ele>
      </trkpt>
      <trkpt lat="-9.128781" lon="-77.531232">
        <ele>4133.25</ele>
      </trkpt>
      <trkpt lat="-9.128671" lon="-77.531206">
        <ele>4132.5</ele>
      </trkpt>
      <trkpt lat="-9.128504" lon="-77.531132">
        <ele>4133.25</ele>
      </trkpt>
      <trkpt lat="-9.128342" lon="-77.531019">
        <ele>4136</ele>
      </trkpt>
      <trkpt lat="-9.128279" lon="-77.530944">
        <ele>4138.25</ele>
      </trkpt>
      <trkpt lat="-9.128181" lon="-77.530856">
        <ele>4139.75</ele>
      </trkpt>
      <trkpt lat="-9.128141" lon="-77.530837">
        <ele>4139.5</ele>
      </trkpt>
      <trkpt lat="-9.128094" lon="-77.530832">
        <ele>4138.25</ele>
      </trkpt>
      <trkpt lat="-9.128049" lon="-77.530837">
        <ele>4136.5</ele>
      </trkpt>
      <trkpt lat="-9.128019" lon="-77.530872">
        <ele>4133.75</ele>
      </trkpt>
      <trkpt lat="-9.128014" lon="-77.530944">
        <ele>4129.75</ele>
      </trkpt>
      <trkpt lat="-9.128038" lon="-77.530982">
        <ele>4128.75</ele>
      </trkpt>
      <trkpt lat="-9.128252" lon="-77.531103">
        <ele>4128.75</ele>
      </trkpt>
      <trkpt lat="-9.128385" lon="-77.531242">
        <ele>4124.75</ele>
      </trkpt>
      <trkpt lat="-9.128459" lon="-77.531288">
        <ele>4123.75</ele>
      </trkpt>
      <trkpt lat="-9.12857" lon="-77.531344">
        <ele>4123</ele>
      </trkpt>
      <trkpt lat="-9.128835" lon="-77.531454">
        <ele>4121.75</ele>
      </trkpt>
      <trkpt lat="-9.129053" lon="-77.531557">
        <ele>4120</ele>
      </trkpt>
      <trkpt lat="-9.129183" lon="-77.531581">
        <ele>4121</ele>
      </trkpt>
      <trkpt lat="-9.12927" lon="-77.531619">
        <ele>4120.5</ele>
      </trkpt>
      <trkpt lat="-9.129344" lon="-77.531643">
        <ele>4120.5</ele>
      </trkpt>
      <trkpt lat="-9.129508" lon="-77.531678">
        <ele>4121.5</ele>
      </trkpt>
      <trkpt lat="-9.129575" lon="-77.53171">
        <ele>4120.75</ele>
      </trkpt>
      <trkpt lat="-9.129781" lon="-77.53186">
        <ele>4116.5</ele>
      </trkpt>
      <trkpt lat="-9.129913" lon="-77.53193">
        <ele>4115.25</ele>
      </trkpt>
      <trkpt lat="-9.130014" lon="-77.531976">
        <ele>4114.75</ele>
      </trkpt>
      <trkpt lat="-9.130136" lon="-77.532048">
        <ele>4113</ele>
      </trkpt>
      <trkpt lat="-9.130241" lon="-77.532087">
        <ele>4112.75</ele>
      </trkpt>
      <trkpt lat="-9.130276" lon="-77.532099">
        <ele>4112.75</ele>
      </trkpt>
      <trkpt lat="-9.130345" lon="-77.532107">
        <ele>4113.25</ele>
      </trkpt>
      <trkpt lat="-9.130448" lon="-77.532134">
        <ele>4113.5</ele>
      </trkpt>
      <trkpt lat="-9.130631" lon="-77.532228">
        <ele>4111.25</ele>
      </trkpt>
      <trkpt lat="-9.130739" lon="-77.532276">
        <ele>4110.25</ele>
      </trkpt>
      <trkpt lat="-9.130977" lon="-77.532306">
        <ele>4111</ele>
      </trkpt>
      <trkpt lat="-9.131176" lon="-77.532327">
        <ele>4111.5</ele>
      </trkpt>
      <trkpt lat="-9.131634" lon="-77.532469">
        <ele>4106.5</ele>
      </trkpt>
      <trkpt lat="-9.131828" lon="-77.532517">
        <ele>4105.5</ele>
      </trkpt>
      <trkpt lat="-9.131986" lon="-77.532544">
        <ele>4105.25</ele>
      </trkpt>
      <trkpt lat="-9.132127" lon="-77.532576">
        <ele>4104.75</ele>
      </trkpt>
      <trkpt lat="-9.132256" lon="-77.532584">
        <ele>4105.5</ele>
      </trkpt>
      <trkpt lat="-9.132515" lon="-77.532635">
        <ele>4105</ele>
      </trkpt>
      <trkpt lat="-9.132613" lon="-77.532665">
        <ele>4104.5</ele>
      </trkpt>
      <trkpt lat="-9.132703" lon="-77.532711">
        <ele>4102.75</ele>
      </trkpt>
      <trkpt lat="-9.132769" lon="-77.532737">
        <ele>4102.25</ele>
      </trkpt>
      <trkpt lat="-9.132891" lon="-77.532751">
        <ele>4103</ele>
      </trkpt>
      <trkpt lat="-9.133024" lon="-77.532743">
        <ele>4105.25</ele>
      </trkpt>
      <trkpt lat="-9.133084" lon="-77.532759">
        <ele>4105</ele>
      </trkpt>
      <trkpt lat="-9.133153" lon="-77.532794">
        <ele>4104</ele>
      </trkpt>
      <trkpt lat="-9.133212" lon="-77.532837">
        <ele>4102.25</ele>
      </trkpt>
      <trkpt lat="-9.133259" lon="-77.532888">
        <ele>4100</ele>
      </trkpt>
      <trkpt lat="-9.133365" lon="-77.532981">
        <ele>4096.5</ele>
      </trkpt>
      <trkpt lat="-9.133442" lon="-77.533032">
        <ele>4095.25</ele>
      </trkpt>
      <trkpt lat="-9.133524" lon="-77.533075">
        <ele>4094.5</ele>
      </trkpt>
      <trkpt lat="-9.133623" lon="-77.533116">
        <ele>4094.25</ele>
      </trkpt>
      <trkpt lat="-9.133727" lon="-77.53315">
        <ele>4094.25</ele>
      </trkpt>
      <trkpt lat="-9.133976" lon="-77.533217">
        <ele>4095.75</ele>
      </trkpt>
      <trkpt lat="-9.134074" lon="-77.53325">
        <ele>4095.75</ele>
      </trkpt>
      <trkpt lat="-9.134198" lon="-77.533301">
        <ele>4094.75</ele>
      </trkpt>
      <trkpt lat="-9.134553" lon="-77.5334">
        <ele>4090</ele>
      </trkpt>
      <trkpt lat="-9.13472" lon="-77.533389">
        <ele>4090.75</ele>
      </trkpt>
      <trkpt lat="-9.134783" lon="-77.53337">
        <ele>4091.75</ele>
      </trkpt>
      <trkpt lat="-9.134987" lon="-77.533285">
        <ele>4096.75</ele>
      </trkpt>
      <trkpt lat="-9.135117" lon="-77.533244">
        <ele>4101.5</ele>
      </trkpt>
      <trkpt lat="-9.135223" lon="-77.533236">
        <ele>4104</ele>
      </trkpt>
      <trkpt lat="-9.135323" lon="-77.533266">
        <ele>4103.75</ele>
      </trkpt>
      <trkpt lat="-9.135355" lon="-77.533314">
        <ele>4101</ele>
      </trkpt>
      <trkpt lat="-9.135347" lon="-77.533376">
        <ele>4097.75</ele>
      </trkpt>
      <trkpt lat="-9.135326" lon="-77.533416">
        <ele>4095.25</ele>
      </trkpt>
      <trkpt lat="-9.135271" lon="-77.533445">
        <ele>4093</ele>
      </trkpt>
      <trkpt lat="-9.135186" lon="-77.533445">
        <ele>4091.5</ele>
      </trkpt>
      <trkpt lat="-9.135077" lon="-77.533432">
        <ele>4090.25</ele>
      </trkpt>
      <trkpt lat="-9.134974" lon="-77.533435">
        <ele>4088.75</ele>
      </trkpt>
      <trkpt lat="-9.134865" lon="-77.53348">
        <ele>4086.5</ele>
      </trkpt>
      <trkpt lat="-9.134775" lon="-77.533542">
        <ele>4083</ele>
      </trkpt>
      <trkpt lat="-9.134638" lon="-77.53359">
        <ele>4080.5</ele>
      </trkpt>
      <trkpt lat="-9.134423" lon="-77.533625">
        <ele>4078</ele>
      </trkpt>
      <trkpt lat="-9.134346" lon="-77.533628">
        <ele>4077.75</ele>
      </trkpt>
      <trkpt lat="-9.134264" lon="-77.53362">
        <ele>4078</ele>
      </trkpt>
      <trkpt lat="-9.134082" lon="-77.533577">
        <ele>4078.25</ele>
      </trkpt>
      <trkpt lat="-9.134023" lon="-77.533542">
        <ele>4079</ele>
      </trkpt>
      <trkpt lat="-9.133875" lon="-77.533499">
        <ele>4078.25</ele>
      </trkpt>
      <trkpt lat="-9.133541" lon="-77.533478">
        <ele>4072.75</ele>
      </trkpt>
      <trkpt lat="-9.133311" lon="-77.533419">
        <ele>4071.25</ele>
      </trkpt>
      <trkpt lat="-9.133242" lon="-77.533389">
        <ele>4071.75</ele>
      </trkpt>
      <trkpt lat="-9.133118" lon="-77.533295">
        <ele>4074.75</ele>
      </trkpt>
      <trkpt lat="-9.133025" lon="-77.533252">
        <ele>4075.75</ele>
      </trkpt>
      <trkpt lat="-9.132937" lon="-77.533239">
        <ele>4075.25</ele>
      </trkpt>
      <trkpt lat="-9.132834" lon="-77.533228">
        <ele>4074.25</ele>
      </trkpt>
      <trkpt lat="-9.132749" lon="-77.533231">
        <ele>4072.75</ele>
      </trkpt>
      <trkpt lat="-9.132612" lon="-77.533212">
        <ele>4071.75</ele>
      </trkpt>
      <trkpt lat="-9.132352" lon="-77.533164">
        <ele>4071.5</ele>
      </trkpt>
      <trkpt lat="-9.132225" lon="-77.533164">
        <ele>4070.5</ele>
      </trkpt>
      <trkpt lat="-9.131766" lon="-77.533201">
        <ele>4063.75</ele>
      </trkpt>
      <trkpt lat="-9.131628" lon="-77.533201">
        <ele>4062.5</ele>
      </trkpt>
      <trkpt lat="-9.131509" lon="-77.533193">
        <ele>4062.25</ele>
      </trkpt>
      <trkpt lat="-9.131371" lon="-77.53318">
        <ele>4062</ele>
      </trkpt>
      <trkpt lat="-9.131019" lon="-77.533073">
        <ele>4065.75</ele>
      </trkpt>
      <trkpt lat="-9.130892" lon="-77.533051">
        <ele>4066.25</ele>
      </trkpt>
      <trkpt lat="-9.130708" lon="-77.533062">
        <ele>4063.5</ele>
      </trkpt>
      <trkpt lat="-9.13052" lon="-77.533057">
        <ele>4061.25</ele>
      </trkpt>
      <trkpt lat="-9.130136" lon="-77.533032">
        <ele>4057.5</ele>
      </trkpt>
      <trkpt lat="-9.130062" lon="-77.53302">
        <ele>4057</ele>
      </trkpt>
      <trkpt lat="-9.129967" lon="-77.533003">
        <ele>4056.5</ele>
      </trkpt>
      <trkpt lat="-9.12976" lon="-77.532933">
        <ele>4056.25</ele>
      </trkpt>
      <trkpt lat="-9.129606" lon="-77.53289">
        <ele>4055.5</ele>
      </trkpt>
      <trkpt lat="-9.129502" lon="-77.53287">
        <ele>4054.25</ele>
      </trkpt>
      <trkpt lat="-9.129272" lon="-77.532795">
        <ele>4053.75</ele>
      </trkpt>
      <trkpt lat="-9.129113" lon="-77.532731">
        <ele>4054.5</ele>
      </trkpt>
      <trkpt lat="-9.129007" lon="-77.532696">
        <ele>4055.25</ele>
      </trkpt>
      <trkpt lat="-9.128922" lon="-77.532691">
        <ele>4054.25</ele>
      </trkpt>
      <trkpt lat="-9.12856" lon="-77.532642">
        <ele>4052</ele>
      </trkpt>
      <trkpt lat="-9.128284" lon="-77.532567">
        <ele>4051.75</ele>
      </trkpt>
      <trkpt lat="-9.128054" lon="-77.532532">
        <ele>4049.75</ele>
      </trkpt>
      <trkpt lat="-9.127797" lon="-77.532479">
        <ele>4048</ele>
      </trkpt>
      <trkpt lat="-9.1275" lon="-77.532382">
        <ele>4047.25</ele>
      </trkpt>
      <trkpt lat="-9.127191" lon="-77.532272">
        <ele>4047.75</ele>
      </trkpt>
      <trkpt lat="-9.126899" lon="-77.532216">
        <ele>4045.5</ele>
      </trkpt>
      <trkpt lat="-9.126756" lon="-77.532178">
        <ele>4044.5</ele>
      </trkpt>
      <trkpt lat="-9.126576" lon="-77.532119">
        <ele>4043</ele>
      </trkpt>
      <trkpt lat="-9.126457" lon="-77.532063">
        <ele>4042.5</ele>
      </trkpt>
      <trkpt lat="-9.126338" lon="-77.531993">
        <ele>4042.25</ele>
      </trkpt>
      <trkpt lat="-9.126274" lon="-77.531926">
        <ele>4042.75</ele>
      </trkpt>
      <trkpt lat="-9.125965" lon="-77.531368">
        <ele>4064</ele>
      </trkpt>
      <trkpt lat="-9.125875" lon="-77.531258">
        <ele>4070.75</ele>
      </trkpt>
      <trkpt lat="-9.125774" lon="-77.531207">
        <ele>4074</ele>
      </trkpt>
      <trkpt lat="-9.124919" lon="-77.531309">
        <ele>4066.5</ele>
      </trkpt>
      <trkpt lat="-9.124852" lon="-77.531336">
        <ele>4065</ele>
      </trkpt>
      <trkpt lat="-9.124781" lon="-77.531406">
        <ele>4060.5</ele>
      </trkpt>
      <trkpt lat="-9.124696" lon="-77.531623">
        <ele>4045.25</ele>
      </trkpt>
      <trkpt lat="-9.124712" lon="-77.531671">
        <ele>4041.5</ele>
      </trkpt>
      <trkpt lat="-9.124625" lon="-77.53184">
        <ele>4037.75</ele>
      </trkpt>
      <trkpt lat="-9.124152" lon="-77.5321">
        <ele>4034.25</ele>
      </trkpt>
      <trkpt lat="-9.124075" lon="-77.53216">
        <ele>4032.5</ele>
      </trkpt>
      <trkpt lat="-9.124006" lon="-77.532224">
        <ele>4030.5</ele>
      </trkpt>
      <trkpt lat="-9.123913" lon="-77.532275">
        <ele>4029.25</ele>
      </trkpt>
      <trkpt lat="-9.123807" lon="-77.53232">
        <ele>4028.5</ele>
      </trkpt>
      <trkpt lat="-9.123733" lon="-77.532334">
        <ele>4028.5</ele>
      </trkpt>
      <trkpt lat="-9.123649" lon="-77.532363">
        <ele>4028.25</ele>
      </trkpt>
      <trkpt lat="-9.123495" lon="-77.53243">
        <ele>4027.5</ele>
      </trkpt>
      <trkpt lat="-9.123339" lon="-77.532548">
        <ele>4026.25</ele>
      </trkpt>
      <trkpt lat="-9.12328" lon="-77.532599">
        <ele>4026.5</ele>
      </trkpt>
      <trkpt lat="-9.123251" lon="-77.532653">
        <ele>4026.25</ele>
      </trkpt>
      <trkpt lat="-9.123225" lon="-77.53272">
        <ele>4026</ele>
      </trkpt>
      <trkpt lat="-9.123214" lon="-77.532817">
        <ele>4025</ele>
      </trkpt>
      <trkpt lat="-9.123222" lon="-77.532913">
        <ele>4023.75</ele>
      </trkpt>
      <trkpt lat="-9.123265" lon="-77.53305">
        <ele>4021.75</ele>
      </trkpt>
      <trkpt lat="-9.123341" lon="-77.533144">
        <ele>4019.75</ele>
      </trkpt>
      <trkpt lat="-9.123408" lon="-77.533219">
        <ele>4018.75</ele>
      </trkpt>
      <trkpt lat="-9.123474" lon="-77.533281">
        <ele>4017.75</ele>
      </trkpt>
      <trkpt lat="-9.123564" lon="-77.533332">
        <ele>4016.75</ele>
      </trkpt>
      <trkpt lat="-9.123654" lon="-77.533348">
        <ele>4015.75</ele>
      </trkpt>
      <trkpt lat="-9.123746" lon="-77.533337">
        <ele>4015.75</ele>
      </trkpt>
      <trkpt lat="-9.123977" lon="-77.533265">
        <ele>4015.25</ele>
      </trkpt>
      <trkpt lat="-9.124099" lon="-77.533267">
        <ele>4014.5</ele>
      </trkpt>
      <trkpt lat="-9.124361" lon="-77.533313">
        <ele>4012.75</ele>
      </trkpt>
      <trkpt lat="-9.124528" lon="-77.533318">
        <ele>4011.75</ele>
      </trkpt>
      <trkpt lat="-9.124703" lon="-77.53335">
        <ele>4010</ele>
      </trkpt>
      <trkpt lat="-9.124816" lon="-77.533385">
        <ele>4008.25</ele>
      </trkpt>
      <trkpt lat="-9.124914" lon="-77.533391">
        <ele>4007.25</ele>
      </trkpt>
      <trkpt lat="-9.124999" lon="-77.53338">
        <ele>4007.25</ele>
      </trkpt>
      <trkpt lat="-9.125443" lon="-77.533286">
        <ele>4007.75</ele>
      </trkpt>
      <trkpt lat="-9.125674" lon="-77.533273">
        <ele>4007.25</ele>
      </trkpt>
      <trkpt lat="-9.125872" lon="-77.533238">
        <ele>4007.5</ele>
      </trkpt>
      <trkpt lat="-9.126132" lon="-77.533219">
        <ele>4008</ele>
      </trkpt>
      <trkpt lat="-9.126537" lon="-77.533289">
        <ele>4006.5</ele>
      </trkpt>
      <trkpt lat="-9.126812" lon="-77.533333">
        <ele>4005.75</ele>
      </trkpt>
      <trkpt lat="-9.126937" lon="-77.533353">
        <ele>4005.75</ele>
      </trkpt>
      <trkpt lat="-9.127011" lon="-77.533391">
        <ele>4005</ele>
      </trkpt>
      <trkpt lat="-9.127093" lon="-77.533442">
        <ele>4004</ele>
      </trkpt>
      <trkpt lat="-9.127186" lon="-77.533485">
        <ele>4003.25</ele>
      </trkpt>
      <trkpt lat="-9.127313" lon="-77.53353">
        <ele>4002.25</ele>
      </trkpt>
      <trkpt lat="-9.127424" lon="-77.533544">
        <ele>4002.25</ele>
      </trkpt>
      <trkpt lat="-9.127633" lon="-77.533584">
        <ele>4002</ele>
      </trkpt>
      <trkpt lat="-9.127959" lon="-77.533659">
        <ele>4001.25</ele>
      </trkpt>
      <trkpt lat="-9.12807" lon="-77.533675">
        <ele>4001.25</ele>
      </trkpt>
      <trkpt lat="-9.128245" lon="-77.533678">
        <ele>4002</ele>
      </trkpt>
      <trkpt lat="-9.128301" lon="-77.53371">
        <ele>4001.25</ele>
      </trkpt>
      <trkpt lat="-9.128327" lon="-77.533793">
        <ele>3998.25</ele>
      </trkpt>
      <trkpt lat="-9.128295" lon="-77.533844">
        <ele>3996.25</ele>
      </trkpt>
      <trkpt lat="-9.128226" lon="-77.533865">
        <ele>3995.25</ele>
      </trkpt>
      <trkpt lat="-9.128049" lon="-77.533857">
        <ele>3995</ele>
      </trkpt>
      <trkpt lat="-9.127917" lon="-77.53386">
        <ele>3994.5</ele>
      </trkpt>
      <trkpt lat="-9.127517" lon="-77.533895">
        <ele>3992</ele>
      </trkpt>
      <trkpt lat="-9.127387" lon="-77.533927">
        <ele>3991</ele>
      </trkpt>
      <trkpt lat="-9.127109" lon="-77.533983">
        <ele>3989.25</ele>
      </trkpt>
      <trkpt lat="-9.126926" lon="-77.534054">
        <ele>3987.5</ele>
      </trkpt>
      <trkpt lat="-9.126733" lon="-77.534128">
        <ele>3985.75</ele>
      </trkpt>
      <trkpt lat="-9.126664" lon="-77.534152">
        <ele>3985.25</ele>
      </trkpt>
      <trkpt lat="-9.126585" lon="-77.534171">
        <ele>3985.25</ele>
      </trkpt>
      <trkpt lat="-9.126505" lon="-77.534182">
        <ele>3985.5</ele>
      </trkpt>
      <trkpt lat="-9.126338" lon="-77.534193">
        <ele>3986</ele>
      </trkpt>
      <trkpt lat="-9.126118" lon="-77.534155">
        <ele>3987.75</ele>
      </trkpt>
      <trkpt lat="-9.126063" lon="-77.534163">
        <ele>3987.75</ele>
      </trkpt>
      <trkpt lat="-9.126015" lon="-77.534185">
        <ele>3987.5</ele>
      </trkpt>
      <trkpt lat="-9.125999" lon="-77.534241">
        <ele>3986.25</ele>
      </trkpt>
      <trkpt lat="-9.12601" lon="-77.534295">
        <ele>3984.75</ele>
      </trkpt>
      <trkpt lat="-9.126066" lon="-77.534351">
        <ele>3983.25</ele>
      </trkpt>
      <trkpt lat="-9.126238" lon="-77.534421">
        <ele>3981.5</ele>
      </trkpt>
      <trkpt lat="-9.126402" lon="-77.534512">
        <ele>3979.75</ele>
      </trkpt>
      <trkpt lat="-9.126648" lon="-77.534716">
        <ele>3977</ele>
      </trkpt>
      <trkpt lat="-9.126786" lon="-77.534818">
        <ele>3975.25</ele>
      </trkpt>
      <trkpt lat="-9.126934" lon="-77.53489">
        <ele>3973.75</ele>
      </trkpt>
      <trkpt lat="-9.127008" lon="-77.534917">
        <ele>3973.25</ele>
      </trkpt>
      <trkpt lat="-9.127225" lon="-77.534954">
        <ele>3972.25</ele>
      </trkpt>
      <trkpt lat="-9.127366" lon="-77.53496">
        <ele>3971.75</ele>
      </trkpt>
      <trkpt lat="-9.127782" lon="-77.534946">
        <ele>3970.25</ele>
      </trkpt>
      <trkpt lat="-9.128025" lon="-77.534946">
        <ele>3968.75</ele>
      </trkpt>
      <trkpt lat="-9.128134" lon="-77.53493">
        <ele>3968.25</ele>
      </trkpt>
      <trkpt lat="-9.12846" lon="-77.534882">
        <ele>3967.75</ele>
      </trkpt>
      <trkpt lat="-9.128626" lon="-77.534874">
        <ele>3966.75</ele>
      </trkpt>
      <trkpt lat="-9.128799" lon="-77.534858">
        <ele>3966</ele>
      </trkpt>
      <trkpt lat="-9.129161" lon="-77.53478">
        <ele>3966</ele>
      </trkpt>
      <trkpt lat="-9.129273" lon="-77.534769">
        <ele>3966.5</ele>
      </trkpt>
      <trkpt lat="-9.129633" lon="-77.534812">
        <ele>3965</ele>
      </trkpt>
      <trkpt lat="-9.129731" lon="-77.534836">
        <ele>3964.25</ele>
      </trkpt>
      <trkpt lat="-9.129805" lon="-77.534879">
        <ele>3962.25</ele>
      </trkpt>
      <trkpt lat="-9.129988" lon="-77.534936">
        <ele>3959.75</ele>
      </trkpt>
      <trkpt lat="-9.130101" lon="-77.534941">
        <ele>3959.75</ele>
      </trkpt>
      <trkpt lat="-9.130324" lon="-77.534938">
        <ele>3960.25</ele>
      </trkpt>
      <trkpt lat="-9.130441" lon="-77.534944">
        <ele>3960</ele>
      </trkpt>
      <trkpt lat="-9.130613" lon="-77.534954">
        <ele>3960</ele>
      </trkpt>
      <trkpt lat="-9.130809" lon="-77.534979">
        <ele>3959</ele>
      </trkpt>
      <trkpt lat="-9.130999" lon="-77.535075">
        <ele>3958</ele>
      </trkpt>
      <trkpt lat="-9.131272" lon="-77.535166">
        <ele>3958.75</ele>
      </trkpt>
      <trkpt lat="-9.131333" lon="-77.535201">
        <ele>3958.5</ele>
      </trkpt>
      <trkpt lat="-9.131473" lon="-77.535335">
        <ele>3956.75</ele>
      </trkpt>
      <trkpt lat="-9.13154" lon="-77.535394">
        <ele>3956</ele>
      </trkpt>
      <trkpt lat="-9.131683" lon="-77.535493">
        <ele>3954.75</ele>
      </trkpt>
      <trkpt lat="-9.131942" lon="-77.535695">
        <ele>3952.25</ele>
      </trkpt>
      <trkpt lat="-9.132019" lon="-77.535721">
        <ele>3952</ele>
      </trkpt>
      <trkpt lat="-9.132154" lon="-77.535783">
        <ele>3951.25</ele>
      </trkpt>
      <trkpt lat="-9.132196" lon="-77.535831">
        <ele>3950</ele>
      </trkpt>
      <trkpt lat="-9.132223" lon="-77.535885">
        <ele>3949.5</ele>
      </trkpt>
      <trkpt lat="-9.132212" lon="-77.535931">
        <ele>3948.75</ele>
      </trkpt>
      <trkpt lat="-9.132162" lon="-77.535976">
        <ele>3947.75</ele>
      </trkpt>
      <trkpt lat="-9.132085" lon="-77.536024">
        <ele>3946.75</ele>
      </trkpt>
      <trkpt lat="-9.132016" lon="-77.536019">
        <ele>3946.75</ele>
      </trkpt>
      <trkpt lat="-9.131878" lon="-77.535987">
        <ele>3946.5</ele>
      </trkpt>
      <trkpt lat="-9.131649" lon="-77.535908">
        <ele>3946.25</ele>
      </trkpt>
      <trkpt lat="-9.131523" lon="-77.535901">
        <ele>3945.75</ele>
      </trkpt>
      <trkpt lat="-9.131361" lon="-77.535902">
        <ele>3945</ele>
      </trkpt>
      <trkpt lat="-9.131218" lon="-77.535891">
        <ele>3944.5</ele>
      </trkpt>
      <trkpt lat="-9.13117" lon="-77.535891">
        <ele>3944.25</ele>
      </trkpt>
      <trkpt lat="-9.131105" lon="-77.535891">
        <ele>3944</ele>
      </trkpt>
      <trkpt lat="-9.130967" lon="-77.535907">
        <ele>3943.25</ele>
      </trkpt>
      <trkpt lat="-9.130869" lon="-77.535988">
        <ele>3942.75</ele>
      </trkpt>
      <trkpt lat="-9.13082" lon="-77.536083">
        <ele>3942.25</ele>
      </trkpt>
      <trkpt lat="-9.130751" lon="-77.536539">
        <ele>3941.5</ele>
      </trkpt>
      <trkpt lat="-9.130718" lon="-77.536847">
        <ele>3945.5</ele>
      </trkpt>
      <trkpt lat="-9.130704" lon="-77.536955">
        <ele>3948</ele>
      </trkpt>
      <trkpt lat="-9.130714" lon="-77.53707">
        <ele>3950.5</ele>
      </trkpt>
      <trkpt lat="-9.130763" lon="-77.537132">
        <ele>3951.5</ele>
      </trkpt>
      <trkpt lat="-9.13082" lon="-77.537169">
        <ele>3951.75</ele>
      </trkpt>
      <trkpt lat="-9.131217" lon="-77.537259">
        <ele>3949.5</ele>
      </trkpt>
      <trkpt lat="-9.131357" lon="-77.53734">
        <ele>3949.25</ele>
      </trkpt>
      <trkpt lat="-9.13146" lon="-77.537392">
        <ele>3948.5</ele>
      </trkpt>
      <trkpt lat="-9.131629" lon="-77.537508">
        <ele>3947.75</ele>
      </trkpt>
      <trkpt lat="-9.131823" lon="-77.537703">
        <ele>3952.5</ele>
      </trkpt>
      <trkpt lat="-9.132006" lon="-77.537806">
        <ele>3953.5</ele>
      </trkpt>
      <trkpt lat="-9.132212" lon="-77.537902">
        <ele>3953.75</ele>
      </trkpt>
      <trkpt lat="-9.132478" lon="-77.538003">
        <ele>3953.25</ele>
      </trkpt>
      <trkpt lat="-9.132543" lon="-77.53803">
        <ele>3953</ele>
      </trkpt>
      <trkpt lat="-9.133083" lon="-77.538254">
        <ele>3951</ele>
      </trkpt>
      <trkpt lat="-9.133696" lon="-77.538577">
        <ele>3953</ele>
      </trkpt>
      <trkpt lat="-9.134322" lon="-77.538927">
        <ele>3952.75</ele>
      </trkpt>
      <trkpt lat="-9.134737" lon="-77.539221">
        <ele>3945.25</ele>
      </trkpt>
      <trkpt lat="-9.134938" lon="-77.539332">
        <ele>3942</ele>
      </trkpt>
      <trkpt lat="-9.135056" lon="-77.539483">
        <ele>3945.25</ele>
      </trkpt>
      <trkpt lat="-9.135248" lon="-77.539687">
        <ele>3947.75</ele>
      </trkpt>
      <trkpt lat="-9.135743" lon="-77.540119">
        <ele>3941</ele>
      </trkpt>
      <trkpt lat="-9.136986" lon="-77.541128">
        <ele>3930.25</ele>
      </trkpt>
      <trkpt lat="-9.137369" lon="-77.541394">
        <ele>3923.25</ele>
      </trkpt>
      <trkpt lat="-9.138256" lon="-77.542533">
        <ele>3917.25</ele>
      </trkpt>
      <trkpt lat="-9.138409" lon="-77.542786">
        <ele>3917.75</ele>
      </trkpt>
      <trkpt lat="-9.138774" lon="-77.543164">
        <ele>3911.5</ele>
      </trkpt>
      <trkpt lat="-9.139041" lon="-77.543577">
        <ele>3906.75</ele>
      </trkpt>
      <trkpt lat="-9.139223" lon="-77.543933">
        <ele>3903.75</ele>
      </trkpt>
      <trkpt lat="-9.139289" lon="-77.544148">
        <ele>3904.5</ele>
      </trkpt>
      <trkpt lat="-9.139302" lon="-77.544337">
        <ele>3907.25</ele>
      </trkpt>
      <trkpt lat="-9.139279" lon="-77.544572">
        <ele>3912.75</ele>
      </trkpt>
      <trkpt lat="-9.139312" lon="-77.544761">
        <ele>3914.5</ele>
      </trkpt>
      <trkpt lat="-9.139434" lon="-77.545043">
        <ele>3913</ele>
      </trkpt>
      <trkpt lat="-9.13955" lon="-77.545205">
        <ele>3912</ele>
      </trkpt>
      <trkpt lat="-9.139793" lon="-77.545486">
        <ele>3905.75</ele>
      </trkpt>
      <trkpt lat="-9.139951" lon="-77.545668">
        <ele>3901.75</ele>
      </trkpt>
      <trkpt lat="-9.140194" lon="-77.545926">
        <ele>3897.75</ele>
      </trkpt>
      <trkpt lat="-9.140351" lon="-77.546142">
        <ele>3896.5</ele>
      </trkpt>
      <trkpt lat="-9.140442" lon="-77.546309">
        <ele>3896.25</ele>
      </trkpt>
      <trkpt lat="-9.140614" lon="-77.546648">
        <ele>3894.5</ele>
      </trkpt>
      <trkpt lat="-9.140723" lon="-77.546934">
        <ele>3890.75</ele>
      </trkpt>
      <trkpt lat="-9.14074" lon="-77.547189">
        <ele>3892.75</ele>
      </trkpt>
      <trkpt lat="-9.140766" lon="-77.547428">
        <ele>3893.75</ele>
      </trkpt>
      <trkpt lat="-9.140811" lon="-77.547635">
        <ele>3895.75</ele>
      </trkpt>
      <trkpt lat="-9.141065" lon="-77.548105">
        <ele>3895</ele>
      </trkpt>
      <trkpt lat="-9.14137" lon="-77.548758">
        <ele>3893</ele>
      </trkpt>
      <trkpt lat="-9.141533" lon="-77.549089">
        <ele>3890</ele>
      </trkpt>
      <trkpt lat="-9.141758" lon="-77.54936">
        <ele>3882.25</ele>
      </trkpt>
      <trkpt lat="-9.141918" lon="-77.549566">
        <ele>3879.5</ele>
      </trkpt>
      <trkpt lat="-9.142014" lon="-77.549765">
        <ele>3879.75</ele>
      </trkpt>
      <trkpt lat="-9.142048" lon="-77.550035">
        <ele>3885.5</ele>
      </trkpt>
      <trkpt lat="-9.142125" lon="-77.550168">
        <ele>3885.75</ele>
      </trkpt>
      <trkpt lat="-9.142504" lon="-77.550575">
        <ele>3874.25</ele>
      </trkpt>
      <trkpt lat="-9.142596" lon="-77.55071">
        <ele>3873.75</ele>
      </trkpt>
      <trkpt lat="-9.142705" lon="-77.550892">
        <ele>3872.5</ele>
      </trkpt>
      <trkpt lat="-9.142781" lon="-77.551096">
        <ele>3873</ele>
      </trkpt>
      <trkpt lat="-9.142844" lon="-77.551384">
        <ele>3876.25</ele>
      </trkpt>
      <trkpt lat="-9.142906" lon="-77.551582">
        <ele>3877.5</ele>
      </trkpt>
      <trkpt lat="-9.143079" lon="-77.551934">
        <ele>3874</ele>
      </trkpt>
      <trkpt lat="-9.143137" lon="-77.552175">
        <ele>3873.75</ele>
      </trkpt>
      <trkpt lat="-9.143168" lon="-77.55241">
        <ele>3874.5</ele>
      </trkpt>
      <trkpt lat="-9.143175" lon="-77.552512">
        <ele>3875.75</ele>
      </trkpt>
      <trkpt lat="-9.143194" lon="-77.552613">
        <ele>3878.25</ele>
      </trkpt>
      <trkpt lat="-9.143229" lon="-77.552708">
        <ele>3878.5</ele>
      </trkpt>
      <trkpt lat="-9.143323" lon="-77.552869">
        <ele>3874.25</ele>
      </trkpt>
      <trkpt lat="-9.143599" lon="-77.55339">
        <ele>3876.75</ele>
      </trkpt>
      <trkpt lat="-9.143667" lon="-77.553537">
        <ele>3881.25</ele>
      </trkpt>
      <trkpt lat="-9.143757" lon="-77.553665">
        <ele>3881.75</ele>
      </trkpt>
      <trkpt lat="-9.143883" lon="-77.553794">
        <ele>3878.25</ele>
      </trkpt>
      <trkpt lat="-9.144194" lon="-77.554036">
        <ele>3862.75</ele>
      </trkpt>
      <trkpt lat="-9.14486" lon="-77.554723">
        <ele>3860</ele>
      </trkpt>
      <trkpt lat="-9.144941" lon="-77.554909">
        <ele>3859.5</ele>
      </trkpt>
      <trkpt lat="-9.14501" lon="-77.55515">
        <ele>3862.75</ele>
      </trkpt>
      <trkpt lat="-9.145046" lon="-77.555212">
        <ele>3863.5</ele>
      </trkpt>
      <trkpt lat="-9.145109" lon="-77.55526">
        <ele>3862.5</ele>
      </trkpt>
      <trkpt lat="-9.14524" lon="-77.55533">
        <ele>3859</ele>
      </trkpt>
      <trkpt lat="-9.145469" lon="-77.555441">
        <ele>3851.5</ele>
      </trkpt>
      <trkpt lat="-9.145544" lon="-77.555517">
        <ele>3849.5</ele>
      </trkpt>
      <trkpt lat="-9.14561" lon="-77.555632">
        <ele>3848.25</ele>
      </trkpt>
      <trkpt lat="-9.145855" lon="-77.556174">
        <ele>3850.5</ele>
      </trkpt>
      <trkpt lat="-9.14604" lon="-77.556519">
        <ele>3853.25</ele>
      </trkpt>
      <trkpt lat="-9.146238" lon="-77.556856">
        <ele>3851.25</ele>
      </trkpt>
      <trkpt lat="-9.146562" lon="-77.557301">
        <ele>3842.75</ele>
      </trkpt>
      <trkpt lat="-9.146874" lon="-77.557871">
        <ele>3840</ele>
      </trkpt>
      <trkpt lat="-9.147014" lon="-77.558252">
        <ele>3840.5</ele>
      </trkpt>
      <trkpt lat="-9.147092" lon="-77.558542">
        <ele>3843.75</ele>
      </trkpt>
      <trkpt lat="-9.147224" lon="-77.558814">
        <ele>3843</ele>
      </trkpt>
      <trkpt lat="-9.147519" lon="-77.559358">
        <ele>3839.5</ele>
      </trkpt>
      <trkpt lat="-9.147756" lon="-77.559746">
        <ele>3840.75</ele>
      </trkpt>
      <trkpt lat="-9.14813" lon="-77.560315">
        <ele>3836.25</ele>
      </trkpt>
      <trkpt lat="-9.148528" lon="-77.560889">
        <ele>3834.75</ele>
      </trkpt>
      <trkpt lat="-9.149096" lon="-77.561753">
        <ele>3820.75</ele>
      </trkpt>
      <trkpt lat="-9.149252" lon="-77.562063">
        <ele>3822.5</ele>
      </trkpt>
      <trkpt lat="-9.149391" lon="-77.562282">
        <ele>3823</ele>
      </trkpt>
      <trkpt lat="-9.149467" lon="-77.562402">
        <ele>3823.5</ele>
      </trkpt>
      <trkpt lat="-9.14974" lon="-77.562809">
        <ele>3823.5</ele>
      </trkpt>
      <trkpt lat="-9.149881" lon="-77.563">
        <ele>3820.75</ele>
      </trkpt>
      <trkpt lat="-9.150076" lon="-77.563217">
        <ele>3816.5</ele>
      </trkpt>
      <trkpt lat="-9.150542" lon="-77.563701">
        <ele>3815.25</ele>
      </trkpt>
      <trkpt lat="-9.150951" lon="-77.56411">
        <ele>3807.5</ele>
      </trkpt>
      <trkpt lat="-9.151137" lon="-77.564278">
        <ele>3808.75</ele>
      </trkpt>
      <trkpt lat="-9.151373" lon="-77.564415">
        <ele>3807.5</ele>
      </trkpt>
      <trkpt lat="-9.152098" lon="-77.564761">
        <ele>3804</ele>
      </trkpt>
      <trkpt lat="-9.152265" lon="-77.564857">
        <ele>3803.5</ele>
      </trkpt>
      <trkpt lat="-9.152387" lon="-77.564959">
        <ele>3803</ele>
      </trkpt>
      <trkpt lat="-9.152559" lon="-77.565165">
        <ele>3802</ele>
      </trkpt>
      <trkpt lat="-9.152758" lon="-77.565422">
        <ele>3800.25</ele>
      </trkpt>
      <trkpt lat="-9.152899" lon="-77.565683">
        <ele>3798.5</ele>
      </trkpt>
      <trkpt lat="-9.153485" lon="-77.56683">
        <ele>3793.25</ele>
      </trkpt>
      <trkpt lat="-9.153636" lon="-77.567089">
        <ele>3795.25</ele>
      </trkpt>
      <trkpt lat="-9.153752" lon="-77.56727">
        <ele>3795.75</ele>
      </trkpt>
      <trkpt lat="-9.153871" lon="-77.567424">
        <ele>3795.75</ele>
      </trkpt>
      <trkpt lat="-9.155984" lon="-77.569962">
        <ele>3788.5</ele>
      </trkpt>
      <trkpt lat="-9.156823" lon="-77.570888">
        <ele>3791</ele>
      </trkpt>
      <trkpt lat="-9.156927" lon="-77.570989">
        <ele>3791.5</ele>
      </trkpt>
      <trkpt lat="-9.157657" lon="-77.571505">
        <ele>3790.25</ele>
      </trkpt>
      <trkpt lat="-9.158395" lon="-77.572044">
        <ele>3794.5</ele>
      </trkpt>
      <trkpt lat="-9.158539" lon="-77.572096">
        <ele>3794.5</ele>
      </trkpt>
      <trkpt lat="-9.158934" lon="-77.572202">
        <ele>3793</ele>
      </trkpt>
      <trkpt lat="-9.159077" lon="-77.572254">
        <ele>3792.25</ele>
      </trkpt>
      <trkpt lat="-9.159202" lon="-77.572334">
        <ele>3792</ele>
      </trkpt>
      <trkpt lat="-9.15998" lon="-77.573033">
        <ele>3790.5</ele>
      </trkpt>
      <trkpt lat="-9.160107" lon="-77.573208">
        <ele>3790</ele>
      </trkpt>
      <trkpt lat="-9.160291" lon="-77.573494">
        <ele>3790.25</ele>
      </trkpt>
      <trkpt lat="-9.160374" lon="-77.573579">
        <ele>3790.25</ele>
      </trkpt>
      <trkpt lat="-9.160836" lon="-77.573916">
        <ele>3788.25</ele>
      </trkpt>
      <trkpt lat="-9.161387" lon="-77.574248">
        <ele>3783.5</ele>
      </trkpt>
      <trkpt lat="-9.161478" lon="-77.574365">
        <ele>3782.25</ele>
      </trkpt>
      <trkpt lat="-9.161596" lon="-77.574574">
        <ele>3780.25</ele>
      </trkpt>
      <trkpt lat="-9.161694" lon="-77.574746">
        <ele>3778.75</ele>
      </trkpt>
      <trkpt lat="-9.161796" lon="-77.575007">
        <ele>3776.75</ele>
      </trkpt>
      <trkpt lat="-9.161832" lon="-77.575172">
        <ele>3776.75</ele>
      </trkpt>
      <trkpt lat="-9.161862" lon="-77.575463">
        <ele>3777</ele>
      </trkpt>
      <trkpt lat="-9.161889" lon="-77.575502">
        <ele>3776.75</ele>
      </trkpt>
      <trkpt lat="-9.161934" lon="-77.575522">
        <ele>3776</ele>
      </trkpt>
      <trkpt lat="-9.161997" lon="-77.575503">
        <ele>3774.75</ele>
      </trkpt>
      <trkpt lat="-9.162046" lon="-77.575449">
        <ele>3773.75</ele>
      </trkpt>
      <trkpt lat="-9.162051" lon="-77.575358">
        <ele>3773.5</ele>
      </trkpt>
      <trkpt lat="-9.162049" lon="-77.57475">
        <ele>3775.5</ele>
      </trkpt>
      <trkpt lat="-9.162097" lon="-77.574694">
        <ele>3775.75</ele>
      </trkpt>
      <trkpt lat="-9.162172" lon="-77.574688">
        <ele>3775.25</ele>
      </trkpt>
      <trkpt lat="-9.162237" lon="-77.57473">
        <ele>3774.25</ele>
      </trkpt>
      <trkpt lat="-9.162332" lon="-77.575026">
        <ele>3768.5</ele>
      </trkpt>
      <trkpt lat="-9.162552" lon="-77.575591">
        <ele>3765.5</ele>
      </trkpt>
      <trkpt lat="-9.162589" lon="-77.575784">
        <ele>3765</ele>
      </trkpt>
      <trkpt lat="-9.1626" lon="-77.575967">
        <ele>3765</ele>
      </trkpt>
      <trkpt lat="-9.162627" lon="-77.576098">
        <ele>3765</ele>
      </trkpt>
      <trkpt lat="-9.162666" lon="-77.576187">
        <ele>3764.75</ele>
      </trkpt>
      <trkpt lat="-9.162817" lon="-77.57644">
        <ele>3762.25</ele>
      </trkpt>
      <trkpt lat="-9.162995" lon="-77.576739">
        <ele>3759.5</ele>
      </trkpt>
      <trkpt lat="-9.163079" lon="-77.57695">
        <ele>3757.75</ele>
      </trkpt>
      <trkpt lat="-9.163137" lon="-77.577174">
        <ele>3756.5</ele>
      </trkpt>
      <trkpt lat="-9.163267" lon="-77.577899">
        <ele>3753.25</ele>
      </trkpt>
      <trkpt lat="-9.163263" lon="-77.578086">
        <ele>3753.25</ele>
      </trkpt>
      <trkpt lat="-9.163245" lon="-77.578279">
        <ele>3753.5</ele>
      </trkpt>
      <trkpt lat="-9.163182" lon="-77.57853">
        <ele>3750.75</ele>
      </trkpt>
      <trkpt lat="-9.163184" lon="-77.578574">
        <ele>3750</ele>
      </trkpt>
      <trkpt lat="-9.163203" lon="-77.578613">
        <ele>3748.75</ele>
      </trkpt>
      <trkpt lat="-9.163239" lon="-77.578634">
        <ele>3747.75</ele>
      </trkpt>
      <trkpt lat="-9.163283" lon="-77.578639">
        <ele>3746.75</ele>
      </trkpt>
      <trkpt lat="-9.163327" lon="-77.578634">
        <ele>3745.75</ele>
      </trkpt>
      <trkpt lat="-9.163365" lon="-77.578609">
        <ele>3745.75</ele>
      </trkpt>
      <trkpt lat="-9.163468" lon="-77.578259">
        <ele>3749.25</ele>
      </trkpt>
      <trkpt lat="-9.163628" lon="-77.57791">
        <ele>3746.75</ele>
      </trkpt>
      <trkpt lat="-9.163691" lon="-77.577759">
        <ele>3745.75</ele>
      </trkpt>
      <trkpt lat="-9.163798" lon="-77.577501">
        <ele>3744.5</ele>
      </trkpt>
      <trkpt lat="-9.163834" lon="-77.577363">
        <ele>3744.5</ele>
      </trkpt>
      <trkpt lat="-9.163843" lon="-77.577252">
        <ele>3744.75</ele>
      </trkpt>
      <trkpt lat="-9.163828" lon="-77.576974">
        <ele>3746</ele>
      </trkpt>
      <trkpt lat="-9.163832" lon="-77.576789">
        <ele>3746.5</ele>
      </trkpt>
      <trkpt lat="-9.163903" lon="-77.576731">
        <ele>3745.75</ele>
      </trkpt>
      <trkpt lat="-9.16399" lon="-77.576743">
        <ele>3744.75</ele>
      </trkpt>
      <trkpt lat="-9.164048" lon="-77.576828">
        <ele>3743.5</ele>
      </trkpt>
      <trkpt lat="-9.164146" lon="-77.57723">
        <ele>3740.5</ele>
      </trkpt>
      <trkpt lat="-9.164248" lon="-77.577501">
        <ele>3739</ele>
      </trkpt>
      <trkpt lat="-9.164295" lon="-77.577605">
        <ele>3738.75</ele>
      </trkpt>
      <trkpt lat="-9.164308" lon="-77.57768">
        <ele>3738.25</ele>
      </trkpt>
      <trkpt lat="-9.164332" lon="-77.57783">
        <ele>3737.25</ele>
      </trkpt>
      <trkpt lat="-9.164316" lon="-77.578084">
        <ele>3736</ele>
      </trkpt>
      <trkpt lat="-9.164323" lon="-77.578229">
        <ele>3735.25</ele>
      </trkpt>
      <trkpt lat="-9.164352" lon="-77.57837">
        <ele>3734</ele>
      </trkpt>
      <trkpt lat="-9.164395" lon="-77.578488">
        <ele>3733.25</ele>
      </trkpt>
      <trkpt lat="-9.164938" lon="-77.579826">
        <ele>3717</ele>
      </trkpt>
      <trkpt lat="-9.165008" lon="-77.579961">
        <ele>3712.5</ele>
      </trkpt>
      <trkpt lat="-9.165069" lon="-77.580043">
        <ele>3713.5</ele>
      </trkpt>
      <trkpt lat="-9.165158" lon="-77.580137">
        <ele>3716.25</ele>
      </trkpt>
      <trkpt lat="-9.165609" lon="-77.580574">
        <ele>3716.5</ele>
      </trkpt>
      <trkpt lat="-9.165814" lon="-77.580873">
        <ele>3712.25</ele>
      </trkpt>
      <trkpt lat="-9.166197" lon="-77.581502">
        <ele>3738.25</ele>
      </trkpt>
      <trkpt lat="-9.16635" lon="-77.581651">
        <ele>3740.25</ele>
      </trkpt>
      <trkpt lat="-9.16653" lon="-77.581764">
        <ele>3740.5</ele>
      </trkpt>
      <trkpt lat="-9.166733" lon="-77.58183">
        <ele>3738.75</ele>
      </trkpt>
      <trkpt lat="-9.167377" lon="-77.582039">
        <ele>3733.75</ele>
      </trkpt>
      <trkpt lat="-9.167833" lon="-77.582237">
        <ele>3732.5</ele>
      </trkpt>
      <trkpt lat="-9.167959" lon="-77.582334">
        <ele>3732.75</ele>
      </trkpt>
      <trkpt lat="-9.168433" lon="-77.582847">
        <ele>3740.5</ele>
      </trkpt>
      <trkpt lat="-9.16862" lon="-77.58298">
        <ele>3741</ele>
      </trkpt>
      <trkpt lat="-9.168832" lon="-77.583068">
        <ele>3738.25</ele>
      </trkpt>
      <trkpt lat="-9.169385" lon="-77.583198">
        <ele>3727.5</ele>
      </trkpt>
      <trkpt lat="-9.169552" lon="-77.58327">
        <ele>3725.5</ele>
      </trkpt>
      <trkpt lat="-9.170636" lon="-77.583876">
        <ele>3732</ele>
      </trkpt>
      <trkpt lat="-9.170734" lon="-77.583919">
        <ele>3731.75</ele>
      </trkpt>
      <trkpt lat="-9.170837" lon="-77.58394">
        <ele>3730.25</ele>
      </trkpt>
      <trkpt lat="-9.170955" lon="-77.583923">
        <ele>3727.5</ele>
      </trkpt>
      <trkpt lat="-9.17107" lon="-77.583866">
        <ele>3723.25</ele>
      </trkpt>
      <trkpt lat="-9.171651" lon="-77.58345">
        <ele>3701.5</ele>
      </trkpt>
      <trkpt lat="-9.171958" lon="-77.583249">
        <ele>3697.5</ele>
      </trkpt>
      <trkpt lat="-9.172171" lon="-77.583143">
        <ele>3697.75</ele>
      </trkpt>
      <trkpt lat="-9.172253" lon="-77.583088">
        <ele>3698.25</ele>
      </trkpt>
      <trkpt lat="-9.172321" lon="-77.583028">
        <ele>3698.75</ele>
      </trkpt>
      <trkpt lat="-9.172417" lon="-77.582939">
        <ele>3699.5</ele>
      </trkpt>
      <trkpt lat="-9.172461" lon="-77.582906">
        <ele>3700</ele>
      </trkpt>
      <trkpt lat="-9.172514" lon="-77.582883">
        <ele>3700.5</ele>
      </trkpt>
      <trkpt lat="-9.1726" lon="-77.582874">
        <ele>3701.5</ele>
      </trkpt>
      <trkpt lat="-9.17265" lon="-77.582882">
        <ele>3701.75</ele>
      </trkpt>
      <trkpt lat="-9.172717" lon="-77.582911">
        <ele>3702</ele>
      </trkpt>
      <trkpt lat="-9.173146" lon="-77.583048">
        <ele>3701</ele>
      </trkpt>
      <trkpt lat="-9.173243" lon="-77.583123">
        <ele>3698.5</ele>
      </trkpt>
      <trkpt lat="-9.173343" lon="-77.583246">
        <ele>3693.5</ele>
      </trkpt>
      <trkpt lat="-9.173383" lon="-77.583336">
        <ele>3690</ele>
      </trkpt>
      <trkpt lat="-9.173413" lon="-77.583556">
        <ele>3690.25</ele>
      </trkpt>
      <trkpt lat="-9.173451" lon="-77.583671">
        <ele>3690</ele>
      </trkpt>
      <trkpt lat="-9.173667" lon="-77.583912">
        <ele>3685.75</ele>
      </trkpt>
      <trkpt lat="-9.173718" lon="-77.583968">
        <ele>3684.75</ele>
      </trkpt>
      <trkpt lat="-9.173805" lon="-77.58403">
        <ele>3682.25</ele>
      </trkpt>
      <trkpt lat="-9.173898" lon="-77.584069">
        <ele>3679.5</ele>
      </trkpt>
      <trkpt lat="-9.174349" lon="-77.584174">
        <ele>3670.75</ele>
      </trkpt>
      <trkpt lat="-9.174474" lon="-77.584194">
        <ele>3670.75</ele>
      </trkpt>
      <trkpt lat="-9.174777" lon="-77.584314">
        <ele>3670</ele>
      </trkpt>
      <trkpt lat="-9.174908" lon="-77.584326">
        <ele>3668.25</ele>
      </trkpt>
      <trkpt lat="-9.175023" lon="-77.584314">
        <ele>3667</ele>
      </trkpt>
      <trkpt lat="-9.175094" lon="-77.584277">
        <ele>3667</ele>
      </trkpt>
      <trkpt lat="-9.17531" lon="-77.584002">
        <ele>3672.5</ele>
      </trkpt>
      <trkpt lat="-9.17538" lon="-77.583948">
        <ele>3674.25</ele>
      </trkpt>
      <trkpt lat="-9.175463" lon="-77.583922">
        <ele>3674.75</ele>
      </trkpt>
      <trkpt lat="-9.17628" lon="-77.583917">
        <ele>3671</ele>
      </trkpt>
      <trkpt lat="-9.176694" lon="-77.583966">
        <ele>3668</ele>
      </trkpt>
      <trkpt lat="-9.177988" lon="-77.584241">
        <ele>3665.5</ele>
      </trkpt>
      <trkpt lat="-9.178146" lon="-77.584308">
        <ele>3666.25</ele>
      </trkpt>
      <trkpt lat="-9.178274" lon="-77.584418">
        <ele>3665.5</ele>
      </trkpt>
      <trkpt lat="-9.178618" lon="-77.584827">
        <ele>3662</ele>
      </trkpt>
      <trkpt lat="-9.17873" lon="-77.584905">
        <ele>3661.25</ele>
      </trkpt>
      <trkpt lat="-9.179165" lon="-77.585172">
        <ele>3659.75</ele>
      </trkpt>
      <trkpt lat="-9.179401" lon="-77.585416">
        <ele>3657</ele>
      </trkpt>
      <trkpt lat="-9.179527" lon="-77.585482">
        <ele>3656.25</ele>
      </trkpt>
      <trkpt lat="-9.179638" lon="-77.58551">
        <ele>3656.25</ele>
      </trkpt>
      <trkpt lat="-9.179897" lon="-77.585478">
        <ele>3660.25</ele>
      </trkpt>
      <trkpt lat="-9.180528" lon="-77.585698">
        <ele>3660.25</ele>
      </trkpt>
      <trkpt lat="-9.181232" lon="-77.586261">
        <ele>3652.5</ele>
      </trkpt>
      <trkpt lat="-9.181915" lon="-77.586696">
        <ele>3649.75</ele>
      </trkpt>
      <trkpt lat="-9.182159" lon="-77.586956">
        <ele>3649</ele>
      </trkpt>
      <trkpt lat="-9.182201" lon="-77.587002">
        <ele>3649</ele>
      </trkpt>
      <trkpt lat="-9.181917" lon="-77.586965">
        <ele>3643.5</ele>
      </trkpt>
      <trkpt lat="-9.181615" lon="-77.586884">
        <ele>3638.75</ele>
      </trkpt>
      <trkpt lat="-9.181308" lon="-77.58697">
        <ele>3634</ele>
      </trkpt>
      <trkpt lat="-9.181289" lon="-77.586946">
        <ele>3633.5</ele>
      </trkpt>
      <trkpt lat="-9.181308" lon="-77.58697">
        <ele>3634</ele>
      </trkpt>
      <trkpt lat="-9.181598" lon="-77.587781">
        <ele>3630.75</ele>
      </trkpt>
      <trkpt lat="-9.18329" lon="-77.589242">
        <ele>3610.75</ele>
      </trkpt>
      <trkpt lat="-9.183529" lon="-77.589502">
        <ele>3608.25</ele>
      </trkpt>
      <trkpt lat="-9.184169" lon="-77.590201">
        <ele>3602</ele>
      </trkpt>
      <trkpt lat="-9.185346" lon="-77.5907">
        <ele>3597</ele>
      </trkpt>
      <trkpt lat="-9.185352" lon="-77.590716">
        <ele>3596.75</ele>
      </trkpt>
      <trkpt lat="-9.185708" lon="-77.591713">
        <ele>3581.5</ele>
      </trkpt>
      <trkpt lat="-9.185961" lon="-77.592039">
        <ele>3577.75</ele>
      </trkpt>
      <trkpt lat="-9.18683" lon="-77.592718">
        <ele>3565.5</ele>
      </trkpt>
      <trkpt lat="-9.187247" lon="-77.592931">
        <ele>3563.25</ele>
      </trkpt>
      <trkpt lat="-9.187234" lon="-77.59296">
        <ele>3562.5</ele>
      </trkpt>
      <trkpt lat="-9.187184" lon="-77.593066">
        <ele>3560.25</ele>
      </trkpt>
      <trkpt lat="-9.187179" lon="-77.593193">
        <ele>3557.5</ele>
      </trkpt>
      <trkpt lat="-9.187114" lon="-77.593334">
        <ele>3556.5</ele>
      </trkpt>
      <trkpt lat="-9.187054" lon="-77.593344">
        <ele>3558.75</ele>
      </trkpt>
      <trkpt lat="-9.187068" lon="-77.59337">
        <ele>3559</ele>
      </trkpt>
      <trkpt lat="-9.187102" lon="-77.593436">
        <ele>3560</ele>
      </trkpt>
      <trkpt lat="-9.187769" lon="-77.594026">
        <ele>3556.25</ele>
      </trkpt>
      <trkpt lat="-9.188245" lon="-77.594458">
        <ele>3557</ele>
      </trkpt>
      <trkpt lat="-9.189117" lon="-77.595005">
        <ele>3536</ele>
      </trkpt>
      <trkpt lat="-9.189157" lon="-77.59503">
        <ele>3535.25</ele>
      </trkpt>
      <trkpt lat="-9.189977" lon="-77.59541">
        <ele>3527.25</ele>
      </trkpt>
      <trkpt lat="-9.190455" lon="-77.595685">
        <ele>3519.5</ele>
      </trkpt>
      <trkpt lat="-9.191078" lon="-77.596228">
        <ele>3524.75</ele>
      </trkpt>
      <trkpt lat="-9.191365" lon="-77.596395">
        <ele>3524.25</ele>
      </trkpt>
      <trkpt lat="-9.191475" lon="-77.596458">
        <ele>3524.25</ele>
      </trkpt>
      <trkpt lat="-9.192003" lon="-77.596724">
        <ele>3514.25</ele>
      </trkpt>
      <trkpt lat="-9.19212" lon="-77.596865">
        <ele>3517.25</ele>
      </trkpt>
      <trkpt lat="-9.192673" lon="-77.597202">
        <ele>3512.25</ele>
      </trkpt>
      <trkpt lat="-9.192685" lon="-77.597327">
        <ele>3516.25</ele>
      </trkpt>
      <trkpt lat="-9.192845" lon="-77.597491">
        <ele>3515.75</ele>
      </trkpt>
      <trkpt lat="-9.193179" lon="-77.597976">
        <ele>3519.5</ele>
      </trkpt>
      <trkpt lat="-9.193445" lon="-77.598126">
        <ele>3514.25</ele>
      </trkpt>
      <trkpt lat="-9.193459" lon="-77.598134">
        <ele>3514</ele>
      </trkpt>
      <trkpt lat="-9.193486" lon="-77.598317">
        <ele>3518.25</ele>
      </trkpt>
      <trkpt lat="-9.193792" lon="-77.598555">
        <ele>3511.5</ele>
      </trkpt>
      <trkpt lat="-9.194053" lon="-77.598907">
        <ele>3509.25</ele>
      </trkpt>
      <trkpt lat="-9.194068" lon="-77.599006">
        <ele>3510.75</ele>
      </trkpt>
      <trkpt lat="-9.194163" lon="-77.599109">
        <ele>3509.75</ele>
      </trkpt>
      <trkpt lat="-9.194365" lon="-77.599226">
        <ele>3504.5</ele>
      </trkpt>
      <trkpt lat="-9.19466" lon="-77.599637">
        <ele>3500</ele>
      </trkpt>
      <trkpt lat="-9.194648" lon="-77.599718">
        <ele>3501.75</ele>
      </trkpt>
      <trkpt lat="-9.194562" lon="-77.59981">
        <ele>3505.75</ele>
      </trkpt>
      <trkpt lat="-9.194443" lon="-77.600042">
        <ele>3513.75</ele>
      </trkpt>
      <trkpt lat="-9.194508" lon="-77.600191">
        <ele>3517.25</ele>
      </trkpt>
      <trkpt lat="-9.194683" lon="-77.60031">
        <ele>3516</ele>
      </trkpt>
      <trkpt lat="-9.195046" lon="-77.600419">
        <ele>3507.75</ele>
      </trkpt>
      <trkpt lat="-9.195182" lon="-77.600561">
        <ele>3507.25</ele>
      </trkpt>
      <trkpt lat="-9.195797" lon="-77.601208">
        <ele>3505.5</ele>
      </trkpt>
      <trkpt lat="-9.196994" lon="-77.602628">
        <ele>3498.5</ele>
      </trkpt>
      <trkpt lat="-9.197488" lon="-77.603379">
        <ele>3498.75</ele>
      </trkpt>
      <trkpt lat="-9.197717" lon="-77.603754">
        <ele>3498.25</ele>
      </trkpt>
      <trkpt lat="-9.197894" lon="-77.603854">
        <ele>3492.25</ele>
      </trkpt>
      <trkpt lat="-9.198531" lon="-77.604597">
        <ele>3484.25</ele>
      </trkpt>
      <trkpt lat="-9.19969" lon="-77.60575">
        <ele>3460.25</ele>
      </trkpt>
      <trkpt lat="-9.19989" lon="-77.605979">
        <ele>3453.75</ele>
      </trkpt>
      <trkpt lat="-9.199904" lon="-77.605994">
        <ele>3453.5</ele>
      </trkpt>
      <trkpt lat="-9.199879" lon="-77.606215">
        <ele>3455.5</ele>
      </trkpt>
      <trkpt lat="-9.199851" lon="-77.60638">
        <ele>3457</ele>
      </trkpt>
      <trkpt lat="-9.199719" lon="-77.60658">
        <ele>3460</ele>
      </trkpt>
      <trkpt lat="-9.199559" lon="-77.606933">
        <ele>3453.25</ele>
      </trkpt>
      <trkpt lat="-9.199521" lon="-77.606937">
        <ele>3453.5</ele>
      </trkpt>
      <trkpt lat="-9.199215" lon="-77.606964">
        <ele>3456.25</ele>
      </trkpt>
      <trkpt lat="-9.198414" lon="-77.606875">
        <ele>3451.75</ele>
      </trkpt>
      <trkpt lat="-9.197811" lon="-77.606697">
        <ele>3452.5</ele>
      </trkpt>
      <trkpt lat="-9.196713" lon="-77.606441">
        <ele>3455.5</ele>
      </trkpt>
      <trkpt lat="-9.196265" lon="-77.606474">
        <ele>3455.5</ele>
      </trkpt>
      <trkpt lat="-9.196263" lon="-77.606474">
        <ele>3455.75</ele>
      </trkpt>
      <trkpt lat="-9.196428" lon="-77.60723">
        <ele>3442</ele>
      </trkpt>
      <trkpt lat="-9.197174" lon="-77.607408">
        <ele>3432</ele>
      </trkpt>
      <trkpt lat="-9.199044" lon="-77.608287">
        <ele>3413</ele>
      </trkpt>
      <trkpt lat="-9.199545" lon="-77.608493">
        <ele>3407.75</ele>
      </trkpt>
      <trkpt lat="-9.19956" lon="-77.608529">
        <ele>3407</ele>
      </trkpt>
      <trkpt lat="-9.199781" lon="-77.609073">
        <ele>3397.5</ele>
      </trkpt>
      <trkpt lat="-9.199784" lon="-77.609079">
        <ele>3397.25</ele>
      </trkpt>
      <trkpt lat="-9.199842" lon="-77.609196">
        <ele>3395.5</ele>
      </trkpt>
      <trkpt lat="-9.200649" lon="-77.60972">
        <ele>3387.25</ele>
      </trkpt>
      <trkpt lat="-9.20086" lon="-77.610429">
        <ele>3383.75</ele>
      </trkpt>
      <trkpt lat="-9.200934" lon="-77.610628">
        <ele>3383.75</ele>
      </trkpt>
      <trkpt lat="-9.200936" lon="-77.610633">
        <ele>3384</ele>
      </trkpt>
      <trkpt lat="-9.200969" lon="-77.610599">
        <ele>3383.5</ele>
      </trkpt>
      <trkpt lat="-9.201024" lon="-77.6106">
        <ele>3383</ele>
      </trkpt>
      <trkpt lat="-9.201173" lon="-77.610666">
        <ele>3381.75</ele>
      </trkpt>
      <trkpt lat="-9.201553" lon="-77.610833">
        <ele>3379</ele>
      </trkpt>
      <trkpt lat="-9.202144" lon="-77.611292">
        <ele>3365</ele>
      </trkpt>
      <trkpt lat="-9.202171" lon="-77.611357">
        <ele>3364.25</ele>
      </trkpt>
      <trkpt lat="-9.202156" lon="-77.611422">
        <ele>3364.25</ele>
      </trkpt>
      <trkpt lat="-9.201991" lon="-77.611593">
        <ele>3365.75</ele>
      </trkpt>
      <trkpt lat="-9.202274" lon="-77.611883">
        <ele>3360.75</ele>
      </trkpt>
      <trkpt lat="-9.202471" lon="-77.612141">
        <ele>3357.25</ele>
      </trkpt>
      <trkpt lat="-9.202631" lon="-77.612299">
        <ele>3354.5</ele>
      </trkpt>
      <trkpt lat="-9.202807" lon="-77.612451">
        <ele>3351.75</ele>
      </trkpt>
      <trkpt lat="-9.203075" lon="-77.612701">
        <ele>3346.75</ele>
      </trkpt>
      <trkpt lat="-9.203175" lon="-77.612817">
        <ele>3344.75</ele>
      </trkpt>
      <trkpt lat="-9.2033" lon="-77.612981">
        <ele>3342.25</ele>
      </trkpt>
      <trkpt lat="-9.203387" lon="-77.613157">
        <ele>3339.75</ele>
      </trkpt>
      <trkpt lat="-9.203438" lon="-77.613299">
        <ele>3338</ele>
      </trkpt>
      <trkpt lat="-9.20359" lon="-77.613519">
        <ele>3333.5</ele>
      </trkpt>
      <trkpt lat="-9.203612" lon="-77.613588">
        <ele>3332.5</ele>
      </trkpt>
      <trkpt lat="-9.203617" lon="-77.613605">
        <ele>3332.25</ele>
      </trkpt>
      <trkpt lat="-9.203853" lon="-77.613912">
        <ele>3326.75</ele>
      </trkpt>
      <trkpt lat="-9.203916" lon="-77.613925">
        <ele>3326</ele>
      </trkpt>
      <trkpt lat="-9.203948" lon="-77.613923">
        <ele>3325.75</ele>
      </trkpt>
      <trkpt lat="-9.204016" lon="-77.613894">
        <ele>3325.5</ele>
      </trkpt>
      <trkpt lat="-9.204274" lon="-77.61406">
        <ele>3322.5</ele>
      </trkpt>
      <trkpt lat="-9.204524" lon="-77.61425">
        <ele>3320.25</ele>
      </trkpt>
      <trkpt lat="-9.204784" lon="-77.614413">
        <ele>3317.6697452117287</ele>
      </trkpt>
      <trkpt lat="-9.204997733481369" lon="-77.61481377729574">
        <ele>3307.162677687221</ele>
      </trkpt>
      <trkpt lat="-9.205006350826793" lon="-77.61482993590774">
        <ele>3306.8986727854713</ele>
      </trkpt>
      <trkpt lat="-9.205426995378645" lon="-77.6149909192741">
        <ele>3303.112058530132</ele>
      </trkpt>
      <trkpt lat="-9.205476726283749" lon="-77.61500995161028">
        <ele>3303.1785377979013</ele>
      </trkpt>
      <trkpt lat="-9.205831418365577" lon="-77.61528994135963">
        <ele>3303.725867848751</ele>
      </trkpt>
      <trkpt lat="-9.206186110447405" lon="-77.615569931109">
        <ele>3305.0607292534123</ele>
      </trkpt>
      <trkpt lat="-9.206281589503732" lon="-77.61564530115083">
        <ele>3304.4730344186178</ele>
      </trkpt>
      <trkpt lat="-9.206294" lon="-77.615632">
        <ele>3306.75</ele>
      </trkpt>
      <trkpt lat="-9.206368" lon="-77.615691">
        <ele>3306.75</ele>
      </trkpt>
      <trkpt lat="-9.206812" lon="-77.616107">
        <ele>3305.5</ele>
      </trkpt>
      <trkpt lat="-9.20729" lon="-77.616298">
        <ele>3298.5</ele>
      </trkpt>
      <trkpt lat="-9.207652" lon="-77.616608">
        <ele>3292.5</ele>
      </trkpt>
      <trkpt lat="-9.208054" lon="-77.617065">
        <ele>3288.25</ele>
      </trkpt>
      <trkpt lat="-9.208294" lon="-77.617189">
        <ele>3283.5</ele>
      </trkpt>
      <trkpt lat="-9.208488" lon="-77.617353">
        <ele>3280.25</ele>
      </trkpt>
      <trkpt lat="-9.208668" lon="-77.617638">
        <ele>3279</ele>
      </trkpt>
      <trkpt lat="-9.208822" lon="-77.617813">
        <ele>3278.25</ele>
      </trkpt>
      <trkpt lat="-9.208989" lon="-77.61798">
        <ele>3276.25</ele>
      </trkpt>
      <trkpt lat="-9.209359" lon="-77.618166">
        <ele>3270.5</ele>
      </trkpt>
      <trkpt lat="-9.209626" lon="-77.618376">
        <ele>3267.75</ele>
      </trkpt>
      <trkpt lat="-9.209707" lon="-77.61843">
        <ele>3267</ele>
      </trkpt>
      <trkpt lat="-9.209733" lon="-77.618425">
        <ele>3266.5</ele>
      </trkpt>
      <trkpt lat="-9.209831" lon="-77.618354">
        <ele>3264</ele>
      </trkpt>
      <trkpt lat="-9.209832" lon="-77.618343">
        <ele>3263.75</ele>
      </trkpt>
      <trkpt lat="-9.209832" lon="-77.618343">
        <ele>3263.75</ele>
      </trkpt>
      <trkpt lat="-9.209836" lon="-77.618297">
        <ele>3263.5</ele>
      </trkpt>
      <trkpt lat="-9.20985" lon="-77.618131">
        <ele>3263.25</ele>
      </trkpt>
      <trkpt lat="-9.20998" lon="-77.617758">
        <ele>3261.75</ele>
      </trkpt>
      <trkpt lat="-9.210046" lon="-77.617645">
        <ele>3261.5</ele>
      </trkpt>
      <trkpt lat="-9.210123" lon="-77.617617">
        <ele>3261.5</ele>
      </trkpt>
      <trkpt lat="-9.210165" lon="-77.617625">
        <ele>3261.25</ele>
      </trkpt>
      <trkpt lat="-9.210184" lon="-77.617629">
        <ele>3261.25</ele>
      </trkpt>
      <trkpt lat="-9.210562" lon="-77.617867">
        <ele>3259</ele>
      </trkpt>
      <trkpt lat="-9.210937" lon="-77.618179">
        <ele>3254.5</ele>
      </trkpt>
      <trkpt lat="-9.211137" lon="-77.618406">
        <ele>3252.75</ele>
      </trkpt>
      <trkpt lat="-9.211639" lon="-77.618973">
        <ele>3248.75</ele>
      </trkpt>
      <trkpt lat="-9.211925" lon="-77.619275">
        <ele>3242.75</ele>
      </trkpt>
      <trkpt lat="-9.211989" lon="-77.619342">
        <ele>3241.5</ele>
      </trkpt>
      <trkpt lat="-9.212036" lon="-77.61947">
        <ele>3241.5</ele>
      </trkpt>
      <trkpt lat="-9.212052" lon="-77.619552">
        <ele>3241.75</ele>
      </trkpt>
      <trkpt lat="-9.212057" lon="-77.619582">
        <ele>3242</ele>
      </trkpt>
      <trkpt lat="-9.212057" lon="-77.619751">
        <ele>3243.75</ele>
      </trkpt>
      <trkpt lat="-9.212007" lon="-77.620028">
        <ele>3248.25</ele>
      </trkpt>
      <trkpt lat="-9.212016" lon="-77.620083">
        <ele>3249</ele>
      </trkpt>
      <trkpt lat="-9.212068" lon="-77.620154">
        <ele>3249</ele>
      </trkpt>
      <trkpt lat="-9.212109" lon="-77.620176">
        <ele>3248.5</ele>
      </trkpt>
      <trkpt lat="-9.212117" lon="-77.62018">
        <ele>3248.5</ele>
      </trkpt>
      <trkpt lat="-9.212243" lon="-77.620232">
        <ele>3247</ele>
      </trkpt>
      <trkpt lat="-9.212314" lon="-77.620244">
        <ele>3246</ele>
      </trkpt>
      <trkpt lat="-9.212627" lon="-77.620166">
        <ele>3240.25</ele>
      </trkpt>
      <trkpt lat="-9.212921" lon="-77.620185">
        <ele>3241</ele>
      </trkpt>
      <trkpt lat="-9.213155" lon="-77.620186">
        <ele>3241</ele>
      </trkpt>
      <trkpt lat="-9.213251" lon="-77.620104">
        <ele>3237.25</ele>
      </trkpt>
      <trkpt lat="-9.213244" lon="-77.620011">
        <ele>3232.75</ele>
      </trkpt>
      <trkpt lat="-9.213171" lon="-77.619958">
        <ele>3231.75</ele>
      </trkpt>
      <trkpt lat="-9.212585" lon="-77.619692">
        <ele>3231</ele>
      </trkpt>
      <trkpt lat="-9.212582" lon="-77.619661">
        <ele>3230.5</ele>
      </trkpt>
      <trkpt lat="-9.212575" lon="-77.619587">
        <ele>3229.75</ele>
      </trkpt>
      <trkpt lat="-9.212828" lon="-77.61963">
        <ele>3227.75</ele>
      </trkpt>
      <trkpt lat="-9.213241" lon="-77.61962">
        <ele>3223.75</ele>
      </trkpt>
      <trkpt lat="-9.213644" lon="-77.619426">
        <ele>3218</ele>
      </trkpt>
      <trkpt lat="-9.214343" lon="-77.619169">
        <ele>3207</ele>
      </trkpt>
      <trkpt lat="-9.214534" lon="-77.619051">
        <ele>3203.75</ele>
      </trkpt>
      <trkpt lat="-9.214764" lon="-77.619091">
        <ele>3203.75</ele>
      </trkpt>
      <trkpt lat="-9.215149" lon="-77.619158">
        <ele>3203.75</ele>
      </trkpt>
      <trkpt lat="-9.215901" lon="-77.619212">
        <ele>3191</ele>
      </trkpt>
      <trkpt lat="-9.216361" lon="-77.6194">
        <ele>3187</ele>
      </trkpt>
      <trkpt lat="-9.216559" lon="-77.61948">
        <ele>3185.5</ele>
      </trkpt>
      <trkpt lat="-9.217205" lon="-77.619695">
        <ele>3178.75</ele>
      </trkpt>
      <trkpt lat="-9.217944" lon="-77.620278">
        <ele>3179.75</ele>
      </trkpt>
      <trkpt lat="-9.218005" lon="-77.620249">
        <ele>3176.75</ele>
      </trkpt>
      <trkpt lat="-9.21791" lon="-77.62011">
        <ele>3174</ele>
      </trkpt>
      <trkpt lat="-9.217169" lon="-77.619464">
        <ele>3169.75</ele>
      </trkpt>
      <trkpt lat="-9.216841" lon="-77.619079">
        <ele>3164.25</ele>
      </trkpt>
      <trkpt lat="-9.216739" lon="-77.618959">
        <ele>3162.75</ele>
      </trkpt>
      <trkpt lat="-9.216793" lon="-77.618842">
        <ele>3160</ele>
      </trkpt>
      <trkpt lat="-9.216857" lon="-77.618843">
        <ele>3159</ele>
      </trkpt>
      <trkpt lat="-9.217015" lon="-77.619026">
        <ele>3158</ele>
      </trkpt>
      <trkpt lat="-9.217209" lon="-77.61912">
        <ele>3155.25</ele>
      </trkpt>
      <trkpt lat="-9.217291" lon="-77.619216">
        <ele>3156.75</ele>
      </trkpt>
      <trkpt lat="-9.217379" lon="-77.619318">
        <ele>3158.5</ele>
      </trkpt>
      <trkpt lat="-9.217692" lon="-77.619557">
        <ele>3161</ele>
      </trkpt>
      <trkpt lat="-9.218014" lon="-77.619783">
        <ele>3160</ele>
      </trkpt>
      <trkpt lat="-9.218275" lon="-77.619882">
        <ele>3155</ele>
      </trkpt>
      <trkpt lat="-9.218591" lon="-77.620013">
        <ele>3149.75</ele>
      </trkpt>
      <trkpt lat="-9.218805" lon="-77.620088">
        <ele>3147</ele>
      </trkpt>
      <trkpt lat="-9.219025" lon="-77.620154">
        <ele>3143.75</ele>
      </trkpt>
      <trkpt lat="-9.219268" lon="-77.620307">
        <ele>3143.5</ele>
      </trkpt>
      <trkpt lat="-9.219284" lon="-77.620331">
        <ele>3144</ele>
      </trkpt>
      <trkpt lat="-9.21936" lon="-77.620354">
        <ele>3143</ele>
      </trkpt>
      <trkpt lat="-9.219364" lon="-77.620355">
        <ele>3142.75</ele>
      </trkpt>
      <trkpt lat="-9.21936" lon="-77.620354">
        <ele>3143</ele>
      </trkpt>
      <trkpt lat="-9.219429" lon="-77.620234">
        <ele>3137.5</ele>
      </trkpt>
      <trkpt lat="-9.219541" lon="-77.620176">
        <ele>3133.5</ele>
      </trkpt>
      <trkpt lat="-9.21968" lon="-77.620024">
        <ele>3126.5</ele>
      </trkpt>
      <trkpt lat="-9.219984" lon="-77.619749">
        <ele>3120.5</ele>
      </trkpt>
      <trkpt lat="-9.220087" lon="-77.619772">
        <ele>3119.25</ele>
      </trkpt>
      <trkpt lat="-9.220092" lon="-77.619761">
        <ele>3119</ele>
      </trkpt>
      <trkpt lat="-9.220087" lon="-77.619772">
        <ele>3119.25</ele>
      </trkpt>
      <trkpt lat="-9.220511" lon="-77.619919">
        <ele>3115.5</ele>
      </trkpt>
      <trkpt lat="-9.220889" lon="-77.619755">
        <ele>3109.25</ele>
      </trkpt>
      <trkpt lat="-9.221056" lon="-77.619771">
        <ele>3108.5</ele>
      </trkpt>
      <trkpt lat="-9.221392" lon="-77.619861">
        <ele>3108</ele>
      </trkpt>
      <trkpt lat="-9.221398" lon="-77.619862">
        <ele>3108</ele>
      </trkpt>
      <trkpt lat="-9.221454" lon="-77.619786">
        <ele>3106.5</ele>
      </trkpt>
      <trkpt lat="-9.221493" lon="-77.619786">
        <ele>3106.25</ele>
      </trkpt>
      <trkpt lat="-9.221784" lon="-77.619818">
        <ele>3105.5</ele>
      </trkpt>
      <trkpt lat="-9.221844" lon="-77.619841">
        <ele>3105.75</ele>
      </trkpt>
      <trkpt lat="-9.221865" lon="-77.619871">
        <ele>3106</ele>
      </trkpt>
      <trkpt lat="-9.221877" lon="-77.619977">
        <ele>3107.25</ele>
      </trkpt>
      <trkpt lat="-9.222111" lon="-77.620042">
        <ele>3106.25</ele>
      </trkpt>
      <trkpt lat="-9.222668" lon="-77.61995">
        <ele>3100.25</ele>
      </trkpt>
      <trkpt lat="-9.222863" lon="-77.620002">
        <ele>3096</ele>
      </trkpt>
      <trkpt lat="-9.22313" lon="-77.620121">
        <ele>3089.75</ele>
      </trkpt>
      <trkpt lat="-9.223181" lon="-77.620143">
        <ele>3088.75</ele>
      </trkpt>
      <trkpt lat="-9.223618" lon="-77.620685">
        <ele>3078</ele>
      </trkpt>
      <trkpt lat="-9.223745" lon="-77.620835">
        <ele>3073.75</ele>
      </trkpt>
      <trkpt lat="-9.223767" lon="-77.620862">
        <ele>3073</ele>
      </trkpt>
      <trkpt lat="-9.224178" lon="-77.621065">
        <ele>3065.75</ele>
      </trkpt>
      <trkpt lat="-9.224587" lon="-77.62121">
        <ele>3064.25</ele>
      </trkpt>
      <trkpt lat="-9.22499" lon="-77.621444">
        <ele>3061.75</ele>
      </trkpt>
      <trkpt lat="-9.224982" lon="-77.621455">
        <ele>3061.75</ele>
      </trkpt>
      <trkpt lat="-9.22499" lon="-77.621444">
        <ele>3061.75</ele>
      </trkpt>
      <trkpt lat="-9.225043" lon="-77.621352">
        <ele>3061.5</ele>
      </trkpt>
      <trkpt lat="-9.225082" lon="-77.621159">
        <ele>3061.5</ele>
      </trkpt>
      <trkpt lat="-9.225108" lon="-77.621075">
        <ele>3061.75</ele>
      </trkpt>
      <trkpt lat="-9.225171" lon="-77.621045">
        <ele>3062</ele>
      </trkpt>
      <trkpt lat="-9.225184" lon="-77.621038">
        <ele>3062.25</ele>
      </trkpt>
      <trkpt lat="-9.225478" lon="-77.621109">
        <ele>3063.5</ele>
      </trkpt>
      <trkpt lat="-9.225655" lon="-77.621202">
        <ele>3063.75</ele>
      </trkpt>
      <trkpt lat="-9.225851" lon="-77.621494">
        <ele>3061.75</ele>
      </trkpt>
      <trkpt lat="-9.225946" lon="-77.621524">
        <ele>3061.75</ele>
      </trkpt>
      <trkpt lat="-9.225999" lon="-77.62154">
        <ele>3062</ele>
      </trkpt>
      <trkpt lat="-9.226937" lon="-77.62215">
        <ele>3056.25</ele>
      </trkpt>
      <trkpt lat="-9.22714" lon="-77.622171">
        <ele>3057.75</ele>
      </trkpt>
      <trkpt lat="-9.227391" lon="-77.622286">
        <ele>3059.5</ele>
      </trkpt>
      <trkpt lat="-9.227729" lon="-77.622155">
        <ele>3062</ele>
      </trkpt>
      <trkpt lat="-9.227877" lon="-77.622206">
        <ele>3062</ele>
      </trkpt>
      <trkpt lat="-9.227954" lon="-77.622297">
        <ele>3061.5</ele>
      </trkpt>
      <trkpt lat="-9.227935" lon="-77.622433">
        <ele>3060</ele>
      </trkpt>
      <trkpt lat="-9.22798" lon="-77.622613">
        <ele>3057.5</ele>
      </trkpt>
      <trkpt lat="-9.228001" lon="-77.622623">
        <ele>3057.25</ele>
      </trkpt>
      <trkpt lat="-9.228054" lon="-77.622645">
        <ele>3057</ele>
      </trkpt>
      <trkpt lat="-9.228281" lon="-77.622627">
        <ele>3057</ele>
      </trkpt>
      <trkpt lat="-9.228802" lon="-77.622586">
        <ele>3059.75</ele>
      </trkpt>
      <trkpt lat="-9.229227" lon="-77.62251">
        <ele>3062.25</ele>
      </trkpt>
      <trkpt lat="-9.229238" lon="-77.622508">
        <ele>3062.5</ele>
      </trkpt>
      <trkpt lat="-9.229343" lon="-77.62291">
        <ele>3055.25</ele>
      </trkpt>
      <trkpt lat="-9.229346" lon="-77.622923">
        <ele>3055</ele>
      </trkpt>
      <trkpt lat="-9.229448" lon="-77.622905">
        <ele>3055</ele>
      </trkpt>
      <trkpt lat="-9.229509" lon="-77.622893">
        <ele>3055.25</ele>
      </trkpt>
      <trkpt lat="-9.229615" lon="-77.622938">
        <ele>3054.25</ele>
      </trkpt>
      <trkpt lat="-9.229931" lon="-77.623071">
        <ele>3051.75</ele>
      </trkpt>
      <trkpt lat="-9.230518" lon="-77.623379">
        <ele>3046</ele>
      </trkpt>
      <trkpt lat="-9.231411" lon="-77.623883">
        <ele>3039</ele>
      </trkpt>
      <trkpt lat="-9.231569" lon="-77.623988">
        <ele>3036.75</ele>
      </trkpt>
      <trkpt lat="-9.231658" lon="-77.624031">
        <ele>3035.75</ele>
      </trkpt>
      <trkpt lat="-9.231663" lon="-77.624033">
        <ele>3035.75</ele>
      </trkpt>
      <trkpt lat="-9.231804" lon="-77.624048">
        <ele>3036.25</ele>
      </trkpt>
      <trkpt lat="-9.232904" lon="-77.624704">
        <ele>3029</ele>
      </trkpt>
      <trkpt lat="-9.233363" lon="-77.624994">
        <ele>3024.5</ele>
      </trkpt>
      <trkpt lat="-9.233805" lon="-77.625281">
        <ele>3026</ele>
      </trkpt>
      <trkpt lat="-9.234074" lon="-77.625486">
        <ele>3022.25</ele>
      </trkpt>
      <trkpt lat="-9.23419" lon="-77.625575">
        <ele>3020.75</ele>
      </trkpt>
      <trkpt lat="-9.234411" lon="-77.625734">
        <ele>3019.75</ele>
      </trkpt>
      <trkpt lat="-9.234461" lon="-77.62578">
        <ele>3019.25</ele>
      </trkpt>
      <trkpt lat="-9.234885" lon="-77.626102">
        <ele>3018.25</ele>
      </trkpt>
      <trkpt lat="-9.235388" lon="-77.62657">
        <ele>3010.5</ele>
      </trkpt>
      <trkpt lat="-9.235476" lon="-77.626637">
        <ele>3009.5</ele>
      </trkpt>
      <trkpt lat="-9.235818" lon="-77.626868">
        <ele>3008.25</ele>
      </trkpt>
      <trkpt lat="-9.23593" lon="-77.626925">
        <ele>3008.5</ele>
      </trkpt>
      <trkpt lat="-9.236411" lon="-77.627285">
        <ele>3005</ele>
      </trkpt>
      <trkpt lat="-9.236562" lon="-77.627444">
        <ele>3002.5</ele>
      </trkpt>
      <trkpt lat="-9.236608" lon="-77.627533">
        <ele>3001</ele>
      </trkpt>
      <trkpt lat="-9.236637" lon="-77.62764">
        <ele>2999.5</ele>
      </trkpt>
      <trkpt lat="-9.236663" lon="-77.627878">
        <ele>2996</ele>
      </trkpt>
      <trkpt lat="-9.236734" lon="-77.62818">
        <ele>2992</ele>
      </trkpt>
      <trkpt lat="-9.23683" lon="-77.628384">
        <ele>2990</ele>
      </trkpt>
      <trkpt lat="-9.236933" lon="-77.628508">
        <ele>2989</ele>
      </trkpt>
      <trkpt lat="-9.237144" lon="-77.628697">
        <ele>2988.25</ele>
      </trkpt>
      <trkpt lat="-9.237265" lon="-77.628773">
        <ele>2988.25</ele>
      </trkpt>
      <trkpt lat="-9.237382" lon="-77.628836">
        <ele>2988.25</ele>
      </trkpt>
      <trkpt lat="-9.237448" lon="-77.628871">
        <ele>2988.5</ele>
      </trkpt>
      <trkpt lat="-9.237958" lon="-77.62909">
        <ele>2992.5</ele>
      </trkpt>
      <trkpt lat="-9.238071" lon="-77.629163">
        <ele>2992.75</ele>
      </trkpt>
      <trkpt lat="-9.238147" lon="-77.629239">
        <ele>2992.25</ele>
      </trkpt>
      <trkpt lat="-9.238232" lon="-77.629393">
        <ele>2989.75</ele>
      </trkpt>
      <trkpt lat="-9.23913" lon="-77.630875">
        <ele>2973.25</ele>
      </trkpt>
      <trkpt lat="-9.239178" lon="-77.630931">
        <ele>2973.25</ele>
      </trkpt>
      <trkpt lat="-9.239214" lon="-77.630973">
        <ele>2973.5</ele>
      </trkpt>
      <trkpt lat="-9.239312" lon="-77.631063">
        <ele>2975</ele>
      </trkpt>
      <trkpt lat="-9.239603" lon="-77.631252">
        <ele>2980.75</ele>
      </trkpt>
      <trkpt lat="-9.239636" lon="-77.631295">
        <ele>2981</ele>
      </trkpt>
      <trkpt lat="-9.239668" lon="-77.631459">
        <ele>2978</ele>
      </trkpt>
      <trkpt lat="-9.239668" lon="-77.63152">
        <ele>2976.5</ele>
      </trkpt>
      <trkpt lat="-9.239563" lon="-77.631903">
        <ele>2964.5</ele>
      </trkpt>
      <trkpt lat="-9.239566" lon="-77.632022">
        <ele>2962</ele>
      </trkpt>
      <trkpt lat="-9.239601" lon="-77.632107">
        <ele>2961.5</ele>
      </trkpt>
      <trkpt lat="-9.239656" lon="-77.632181">
        <ele>2961.5</ele>
      </trkpt>
      <trkpt lat="-9.239879" lon="-77.632406">
        <ele>2962.25</ele>
      </trkpt>
      <trkpt lat="-9.239978" lon="-77.632471">
        <ele>2963</ele>
      </trkpt>
      <trkpt lat="-9.240264" lon="-77.632708">
        <ele>2969</ele>
      </trkpt>
      <trkpt lat="-9.240295" lon="-77.63279">
        <ele>2968.75</ele>
      </trkpt>
      <trkpt lat="-9.240322" lon="-77.633028">
        <ele>2965.75</ele>
      </trkpt>
      <trkpt lat="-9.24031" lon="-77.633194">
        <ele>2962.25</ele>
      </trkpt>
      <trkpt lat="-9.24031" lon="-77.633371">
        <ele>2958.75</ele>
      </trkpt>
      <trkpt lat="-9.240373" lon="-77.633571">
        <ele>2955.75</ele>
      </trkpt>
      <trkpt lat="-9.240462" lon="-77.633708">
        <ele>2955.5</ele>
      </trkpt>
      <trkpt lat="-9.240722" lon="-77.633946">
        <ele>2957.25</ele>
      </trkpt>
      <trkpt lat="-9.240935" lon="-77.634142">
        <ele>2958.75</ele>
      </trkpt>
      <trkpt lat="-9.241104" lon="-77.634321">
        <ele>2959.75</ele>
      </trkpt>
      <trkpt lat="-9.241221" lon="-77.634536">
        <ele>2958.5</ele>
      </trkpt>
      <trkpt lat="-9.241419" lon="-77.634988">
        <ele>2955</ele>
      </trkpt>
      <trkpt lat="-9.241595" lon="-77.635434">
        <ele>2947.5</ele>
      </trkpt>
      <trkpt lat="-9.241712" lon="-77.635628">
        <ele>2945.75</ele>
      </trkpt>
      <trkpt lat="-9.241802" lon="-77.635746">
        <ele>2946.25</ele>
      </trkpt>
      <trkpt lat="-9.242075" lon="-77.635995">
        <ele>2955.5</ele>
      </trkpt>
      <trkpt lat="-9.242119" lon="-77.636067">
        <ele>2956.75</ele>
      </trkpt>
      <trkpt lat="-9.242127" lon="-77.636209">
        <ele>2955.25</ele>
      </trkpt>
      <trkpt lat="-9.242113" lon="-77.636369">
        <ele>2952</ele>
      </trkpt>
      <trkpt lat="-9.242101" lon="-77.636681">
        <ele>2947</ele>
      </trkpt>
      <trkpt lat="-9.242035" lon="-77.63724">
        <ele>2944.5</ele>
      </trkpt>
      <trkpt lat="-9.242019" lon="-77.637373">
        <ele>2944</ele>
      </trkpt>
      <trkpt lat="-9.241967" lon="-77.637515">
        <ele>2941.25</ele>
      </trkpt>
      <trkpt lat="-9.241744" lon="-77.63792">
        <ele>2935.5</ele>
      </trkpt>
      <trkpt lat="-9.241657" lon="-77.638098">
        <ele>2934.25</ele>
      </trkpt>
      <trkpt lat="-9.241547" lon="-77.638276">
        <ele>2930.75</ele>
      </trkpt>
      <trkpt lat="-9.241359" lon="-77.63855">
        <ele>2918.25</ele>
      </trkpt>
      <trkpt lat="-9.241311" lon="-77.638644">
        <ele>2915.25</ele>
      </trkpt>
      <trkpt lat="-9.241281" lon="-77.63875">
        <ele>2913.25</ele>
      </trkpt>
      <trkpt lat="-9.241301" lon="-77.638817">
        <ele>2914</ele>
      </trkpt>
      <trkpt lat="-9.241316" lon="-77.63887">
        <ele>2914.75</ele>
      </trkpt>
      <trkpt lat="-9.241488" lon="-77.639149">
        <ele>2922</ele>
      </trkpt>
      <trkpt lat="-9.241618" lon="-77.639342">
        <ele>2924.25</ele>
      </trkpt>
      <trkpt lat="-9.241708" lon="-77.639557">
        <ele>2923.5</ele>
      </trkpt>
      <trkpt lat="-9.241781" lon="-77.639791">
        <ele>2921.5</ele>
      </trkpt>
      <trkpt lat="-9.241948" lon="-77.640209">
        <ele>2921</ele>
      </trkpt>
      <trkpt lat="-9.242016" lon="-77.640344">
        <ele>2922</ele>
      </trkpt>
      <trkpt lat="-9.242107" lon="-77.640457">
        <ele>2924.25</ele>
      </trkpt>
      <trkpt lat="-9.242134" lon="-77.640547">
        <ele>2924.5</ele>
      </trkpt>
      <trkpt lat="-9.242124" lon="-77.640612">
        <ele>2923.25</ele>
      </trkpt>
      <trkpt lat="-9.24209" lon="-77.640676">
        <ele>2921.25</ele>
      </trkpt>
      <trkpt lat="-9.241995" lon="-77.640787">
        <ele>2916.5</ele>
      </trkpt>
      <trkpt lat="-9.241893" lon="-77.640957">
        <ele>2911.25</ele>
      </trkpt>
      <trkpt lat="-9.241847" lon="-77.641087">
        <ele>2908.5</ele>
      </trkpt>
      <trkpt lat="-9.241857" lon="-77.641244">
        <ele>2908</ele>
      </trkpt>
      <trkpt lat="-9.241906" lon="-77.641481">
        <ele>2909</ele>
      </trkpt>
      <trkpt lat="-9.241925" lon="-77.641698">
        <ele>2908.25</ele>
      </trkpt>
      <trkpt lat="-9.241921" lon="-77.641798">
        <ele>2905.75</ele>
      </trkpt>
      <trkpt lat="-9.241916" lon="-77.641922">
        <ele>2902.75</ele>
      </trkpt>
      <trkpt lat="-9.241943" lon="-77.64203">
        <ele>2901.75</ele>
      </trkpt>
      <trkpt lat="-9.242202" lon="-77.64237">
        <ele>2907.5</ele>
      </trkpt>
      <trkpt lat="-9.242419" lon="-77.642784">
        <ele>2909.5</ele>
      </trkpt>
      <trkpt lat="-9.242475" lon="-77.643049">
        <ele>2906.75</ele>
      </trkpt>
      <trkpt lat="-9.242548" lon="-77.643264">
        <ele>2905</ele>
      </trkpt>
      <trkpt lat="-9.24275" lon="-77.643812">
        <ele>2894.25</ele>
      </trkpt>
      <trkpt lat="-9.242842" lon="-77.644065">
        <ele>2889.5</ele>
      </trkpt>
      <trkpt lat="-9.242921" lon="-77.64419">
        <ele>2888.25</ele>
      </trkpt>
      <trkpt lat="-9.243187" lon="-77.644448">
        <ele>2889.75</ele>
      </trkpt>
      <trkpt lat="-9.243461" lon="-77.644698">
        <ele>2889.5</ele>
      </trkpt>
      <trkpt lat="-9.243945" lon="-77.644977">
        <ele>2889.75</ele>
      </trkpt>
      <trkpt lat="-9.244021" lon="-77.645031">
        <ele>2889.5</ele>
      </trkpt>
      <trkpt lat="-9.244133" lon="-77.645129">
        <ele>2888.75</ele>
      </trkpt>
      <trkpt lat="-9.244309" lon="-77.645325">
        <ele>2886.75</ele>
      </trkpt>
      <trkpt lat="-9.244678" lon="-77.645633">
        <ele>2885.75</ele>
      </trkpt>
      <trkpt lat="-9.245084" lon="-77.646058">
        <ele>2882.25</ele>
      </trkpt>
      <trkpt lat="-9.245507" lon="-77.646615">
        <ele>2874.75</ele>
      </trkpt>
      <trkpt lat="-9.245673" lon="-77.646785">
        <ele>2871.75</ele>
      </trkpt>
      <trkpt lat="-9.24574" lon="-77.646853">
        <ele>2870.75</ele>
      </trkpt>
      <trkpt lat="-9.245908" lon="-77.646957">
        <ele>2869.5</ele>
      </trkpt>
      <trkpt lat="-9.246197" lon="-77.647052">
        <ele>2869.25</ele>
      </trkpt>
      <trkpt lat="-9.246548" lon="-77.647097">
        <ele>2871.75</ele>
      </trkpt>
      <trkpt lat="-9.246709" lon="-77.647151">
        <ele>2871.75</ele>
      </trkpt>
      <trkpt lat="-9.246871" lon="-77.647243">
        <ele>2871.25</ele>
      </trkpt>
      <trkpt lat="-9.247185" lon="-77.647472">
        <ele>2869.25</ele>
      </trkpt>
      <trkpt lat="-9.247903" lon="-77.647966">
        <ele>2862.5</ele>
      </trkpt>
      <trkpt lat="-9.248185" lon="-77.6481">
        <ele>2862</ele>
      </trkpt>
      <trkpt lat="-9.248468" lon="-77.648245">
        <ele>2863</ele>
      </trkpt>
      <trkpt lat="-9.24864" lon="-77.648423">
        <ele>2861</ele>
      </trkpt>
      <trkpt lat="-9.248858" lon="-77.648632">
        <ele>2857.25</ele>
      </trkpt>
      <trkpt lat="-9.249129" lon="-77.648829">
        <ele>2854</ele>
      </trkpt>
      <trkpt lat="-9.24976" lon="-77.649122">
        <ele>2845.5</ele>
      </trkpt>
      <trkpt lat="-9.249862" lon="-77.649131">
        <ele>2845.5</ele>
      </trkpt>
      <trkpt lat="-9.249884" lon="-77.649132">
        <ele>2845.75</ele>
      </trkpt>
      <trkpt lat="-9.249991" lon="-77.649114">
        <ele>2846.75</ele>
      </trkpt>
      <trkpt lat="-9.250229" lon="-77.649046">
        <ele>2847</ele>
      </trkpt>
      <trkpt lat="-9.250549" lon="-77.648916">
        <ele>2847.5</ele>
      </trkpt>
      <trkpt lat="-9.250791" lon="-77.648735">
        <ele>2849</ele>
      </trkpt>
      <trkpt lat="-9.25091" lon="-77.64866">
        <ele>2850.75</ele>
      </trkpt>
      <trkpt lat="-9.251024" lon="-77.648649">
        <ele>2852.25</ele>
      </trkpt>
      <trkpt lat="-9.251108" lon="-77.648663">
        <ele>2853</ele>
      </trkpt>
      <trkpt lat="-9.251151" lon="-77.648767">
        <ele>2851.25</ele>
      </trkpt>
      <trkpt lat="-9.25118" lon="-77.649148">
        <ele>2844</ele>
      </trkpt>
      <trkpt lat="-9.251203" lon="-77.649355">
        <ele>2840</ele>
      </trkpt>
      <trkpt lat="-9.251342" lon="-77.649606">
        <ele>2837.25</ele>
      </trkpt>
      <trkpt lat="-9.25169" lon="-77.649869">
        <ele>2837.75</ele>
      </trkpt>
      <trkpt lat="-9.25174" lon="-77.649956">
        <ele>2836</ele>
      </trkpt>
      <trkpt lat="-9.251966" lon="-77.650347">
        <ele>2828.5</ele>
      </trkpt>
      <trkpt lat="-9.252197" lon="-77.650487">
        <ele>2826.75</ele>
      </trkpt>
      <trkpt lat="-9.25244" lon="-77.650476">
        <ele>2828</ele>
      </trkpt>
      <trkpt lat="-9.25303" lon="-77.650143">
        <ele>2830</ele>
      </trkpt>
      <trkpt lat="-9.253166" lon="-77.650091">
        <ele>2829.75</ele>
      </trkpt>
      <trkpt lat="-9.253372" lon="-77.650115">
        <ele>2827.25</ele>
      </trkpt>
      <trkpt lat="-9.253548" lon="-77.650197">
        <ele>2824</ele>
      </trkpt>
      <trkpt lat="-9.253709" lon="-77.650191">
        <ele>2822.5</ele>
      </trkpt>
      <trkpt lat="-9.253942" lon="-77.650113">
        <ele>2821.75</ele>
      </trkpt>
      <trkpt lat="-9.254253" lon="-77.649944">
        <ele>2825</ele>
      </trkpt>
      <trkpt lat="-9.254363" lon="-77.649884">
        <ele>2826.25</ele>
      </trkpt>
      <trkpt lat="-9.25449" lon="-77.649837">
        <ele>2828.5</ele>
      </trkpt>
      <trkpt lat="-9.254605" lon="-77.649838">
        <ele>2829.5</ele>
      </trkpt>
      <trkpt lat="-9.254689" lon="-77.649865">
        <ele>2830</ele>
      </trkpt>
      <trkpt lat="-9.254731" lon="-77.649919">
        <ele>2829.5</ele>
      </trkpt>
      <trkpt lat="-9.254664" lon="-77.650421">
        <ele>2822.25</ele>
      </trkpt>
      <trkpt lat="-9.254734" lon="-77.650907">
        <ele>2817.25</ele>
      </trkpt>
      <trkpt lat="-9.254804" lon="-77.651146">
        <ele>2812.25</ele>
      </trkpt>
      <trkpt lat="-9.254894" lon="-77.651246">
        <ele>2811.25</ele>
      </trkpt>
      <trkpt lat="-9.25518" lon="-77.651414">
        <ele>2813.5</ele>
      </trkpt>
      <trkpt lat="-9.255382" lon="-77.651594">
        <ele>2812.75</ele>
      </trkpt>
      <trkpt lat="-9.255587" lon="-77.651739">
        <ele>2812.5</ele>
      </trkpt>
      <trkpt lat="-9.256041" lon="-77.651914">
        <ele>2821.25</ele>
      </trkpt>
      <trkpt lat="-9.256084" lon="-77.651961">
        <ele>2821.5</ele>
      </trkpt>
      <trkpt lat="-9.256131" lon="-77.652048">
        <ele>2820.25</ele>
      </trkpt>
      <trkpt lat="-9.256229" lon="-77.652262">
        <ele>2816</ele>
      </trkpt>
      <trkpt lat="-9.256315" lon="-77.652424">
        <ele>2813.25</ele>
      </trkpt>
      <trkpt lat="-9.25653" lon="-77.652722">
        <ele>2808.75</ele>
      </trkpt>
      <trkpt lat="-9.256618" lon="-77.652802">
        <ele>2808</ele>
      </trkpt>
      <trkpt lat="-9.25665" lon="-77.65283">
        <ele>2808</ele>
      </trkpt>
      <trkpt lat="-9.256767" lon="-77.652907">
        <ele>2807.5</ele>
      </trkpt>
      <trkpt lat="-9.257033" lon="-77.653011">
        <ele>2809</ele>
      </trkpt>
      <trkpt lat="-9.257669" lon="-77.653212">
        <ele>2813.75</ele>
      </trkpt>
      <trkpt lat="-9.257801" lon="-77.653301">
        <ele>2812.25</ele>
      </trkpt>
      <trkpt lat="-9.258235" lon="-77.653647">
        <ele>2806.75</ele>
      </trkpt>
      <trkpt lat="-9.258534" lon="-77.653846">
        <ele>2807.25</ele>
      </trkpt>
      <trkpt lat="-9.258873" lon="-77.654041">
        <ele>2809.5</ele>
      </trkpt>
      <trkpt lat="-9.259183" lon="-77.65432">
        <ele>2806</ele>
      </trkpt>
      <trkpt lat="-9.259466" lon="-77.654615">
        <ele>2802.25</ele>
      </trkpt>
      <trkpt lat="-9.259636" lon="-77.654774">
        <ele>2800</ele>
      </trkpt>
      <trkpt lat="-9.259877" lon="-77.654932">
        <ele>2799</ele>
      </trkpt>
      <trkpt lat="-9.260115" lon="-77.654983">
        <ele>2803</ele>
      </trkpt>
      <trkpt lat="-9.260319" lon="-77.65505">
        <ele>2805.25</ele>
      </trkpt>
      <trkpt lat="-9.260499" lon="-77.655122">
        <ele>2806.75</ele>
      </trkpt>
      <trkpt lat="-9.260811" lon="-77.655396">
        <ele>2801.25</ele>
      </trkpt>
      <trkpt lat="-9.261011" lon="-77.655497">
        <ele>2804</ele>
      </trkpt>
      <trkpt lat="-9.261319" lon="-77.655653">
        <ele>2808.75</ele>
      </trkpt>
      <trkpt lat="-9.261521" lon="-77.655801">
        <ele>2809.5</ele>
      </trkpt>
      <trkpt lat="-9.261666" lon="-77.656007">
        <ele>2810</ele>
      </trkpt>
      <trkpt lat="-9.261772" lon="-77.656203">
        <ele>2811.75</ele>
      </trkpt>
      <trkpt lat="-9.261807" lon="-77.656312">
        <ele>2811.25</ele>
      </trkpt>
      <trkpt lat="-9.261826" lon="-77.65643">
        <ele>2809.5</ele>
      </trkpt>
      <trkpt lat="-9.261827" lon="-77.656599">
        <ele>2805.5</ele>
      </trkpt>
      <trkpt lat="-9.261805" lon="-77.656815">
        <ele>2798.25</ele>
      </trkpt>
      <trkpt lat="-9.261845" lon="-77.657049">
        <ele>2793.5</ele>
      </trkpt>
      <trkpt lat="-9.261928" lon="-77.657352">
        <ele>2789.5</ele>
      </trkpt>
      <trkpt lat="-9.262299" lon="-77.658105">
        <ele>2783</ele>
      </trkpt>
      <trkpt lat="-9.262598" lon="-77.658427">
        <ele>2782.5</ele>
      </trkpt>
      <trkpt lat="-9.262697" lon="-77.658494">
        <ele>2778.75</ele>
      </trkpt>
      <trkpt lat="-9.262733" lon="-77.658519">
        <ele>2777.5</ele>
      </trkpt>
      <trkpt lat="-9.262813" lon="-77.658539">
        <ele>2775.5</ele>
      </trkpt>
      <trkpt lat="-9.26284" lon="-77.658537">
        <ele>2775.25</ele>
      </trkpt>
      <trkpt lat="-9.262916" lon="-77.658506">
        <ele>2775.25</ele>
      </trkpt>
      <trkpt lat="-9.263285" lon="-77.658193">
        <ele>2782.5</ele>
      </trkpt>
      <trkpt lat="-9.263463" lon="-77.658095">
        <ele>2783</ele>
      </trkpt>
      <trkpt lat="-9.263961" lon="-77.657898">
        <ele>2779.25</ele>
      </trkpt>
      <trkpt lat="-9.264194" lon="-77.657814">
        <ele>2777</ele>
      </trkpt>
      <trkpt lat="-9.264299" lon="-77.657753">
        <ele>2777.25</ele>
      </trkpt>
      <trkpt lat="-9.264345" lon="-77.657734">
        <ele>2776.75</ele>
      </trkpt>
      <trkpt lat="-9.264395" lon="-77.65774">
        <ele>2775</ele>
      </trkpt>
      <trkpt lat="-9.264407" lon="-77.657741">
        <ele>2774.75</ele>
      </trkpt>
      <trkpt lat="-9.264437" lon="-77.657776">
        <ele>2772.5</ele>
      </trkpt>
      <trkpt lat="-9.264437" lon="-77.657841">
        <ele>2769.75</ele>
      </trkpt>
      <trkpt lat="-9.264424" lon="-77.65788">
        <ele>2768.5</ele>
      </trkpt>
      <trkpt lat="-9.263635" lon="-77.658243">
        <ele>2771.25</ele>
      </trkpt>
      <trkpt lat="-9.263452" lon="-77.658361">
        <ele>2770.75</ele>
      </trkpt>
      <trkpt lat="-9.26329" lon="-77.658514">
        <ele>2769.5</ele>
      </trkpt>
      <trkpt lat="-9.263144" lon="-77.658723">
        <ele>2764.5</ele>
      </trkpt>
      <trkpt lat="-9.262632" lon="-77.659626">
        <ele>2750.75</ele>
      </trkpt>
      <trkpt lat="-9.262619" lon="-77.659707">
        <ele>2749.5</ele>
      </trkpt>
      <trkpt lat="-9.262661" lon="-77.659761">
        <ele>2748</ele>
      </trkpt>
      <trkpt lat="-9.262745" lon="-77.659787">
        <ele>2746.25</ele>
      </trkpt>
      <trkpt lat="-9.26281" lon="-77.659781">
        <ele>2745.5</ele>
      </trkpt>
      <trkpt lat="-9.263249" lon="-77.65904">
        <ele>2752.5</ele>
      </trkpt>
      <trkpt lat="-9.263449" lon="-77.658758">
        <ele>2757</ele>
      </trkpt>
      <trkpt lat="-9.263575" lon="-77.658641">
        <ele>2757.25</ele>
      </trkpt>
      <trkpt lat="-9.263733" lon="-77.658526">
        <ele>2756.75</ele>
      </trkpt>
      <trkpt lat="-9.263871" lon="-77.658491">
        <ele>2754.25</ele>
      </trkpt>
      <trkpt lat="-9.263969" lon="-77.65848">
        <ele>2752</ele>
      </trkpt>
      <trkpt lat="-9.264221" lon="-77.658435">
        <ele>2747.5</ele>
      </trkpt>
      <trkpt lat="-9.264771" lon="-77.658386">
        <ele>2741.25</ele>
      </trkpt>
      <trkpt lat="-9.264954" lon="-77.65833">
        <ele>2740.75</ele>
      </trkpt>
      <trkpt lat="-9.265121" lon="-77.65825">
        <ele>2738.25</ele>
      </trkpt>
      <trkpt lat="-9.265253" lon="-77.658158">
        <ele>2736.5</ele>
      </trkpt>
      <trkpt lat="-9.265638" lon="-77.65771">
        <ele>2735</ele>
      </trkpt>
      <trkpt lat="-9.265831" lon="-77.657483">
        <ele>2734.5</ele>
      </trkpt>
      <trkpt lat="-9.265995" lon="-77.657309">
        <ele>2735.5</ele>
      </trkpt>
      <trkpt lat="-9.266894" lon="-77.656638">
        <ele>2728</ele>
      </trkpt>
      <trkpt lat="-9.2676" lon="-77.655974">
        <ele>2721.5</ele>
      </trkpt>
      <trkpt lat="-9.269064" lon="-77.654404">
        <ele>2711</ele>
      </trkpt>
      <trkpt lat="-9.269129" lon="-77.654314">
        <ele>2711</ele>
      </trkpt>
      <trkpt lat="-9.26915" lon="-77.654205">
        <ele>2713.5</ele>
      </trkpt>
      <trkpt lat="-9.269147" lon="-77.654099">
        <ele>2718</ele>
      </trkpt>
      <trkpt lat="-9.269169" lon="-77.653996">
        <ele>2722</ele>
      </trkpt>
      <trkpt lat="-9.269212" lon="-77.653938">
        <ele>2723</ele>
      </trkpt>
      <trkpt lat="-9.269264" lon="-77.653898">
        <ele>2722.75</ele>
      </trkpt>
      <trkpt lat="-9.269551" lon="-77.65385">
        <ele>2713</ele>
      </trkpt>
      <trkpt lat="-9.269628" lon="-77.653821">
        <ele>2711</ele>
      </trkpt>
      <trkpt lat="-9.269685" lon="-77.65378">
        <ele>2710.5</ele>
      </trkpt>
      <trkpt lat="-9.270394" lon="-77.652989">
        <ele>2710.5</ele>
      </trkpt>
      <trkpt lat="-9.270881" lon="-77.65252">
        <ele>2707.5</ele>
      </trkpt>
      <trkpt lat="-9.271037" lon="-77.652402">
        <ele>2703.5</ele>
      </trkpt>
      <trkpt lat="-9.271214" lon="-77.652299">
        <ele>2698.25</ele>
      </trkpt>
      <trkpt lat="-9.271437" lon="-77.652038">
        <ele>2697</ele>
      </trkpt>
      <trkpt lat="-9.271787" lon="-77.651494">
        <ele>2696.25</ele>
      </trkpt>
      <trkpt lat="-9.271953" lon="-77.65116">
        <ele>2693</ele>
      </trkpt>
      <trkpt lat="-9.272122" lon="-77.650756">
        <ele>2691.5</ele>
      </trkpt>
      <trkpt lat="-9.272135" lon="-77.650716">
        <ele>2690.75</ele>
      </trkpt>
      <trkpt lat="-9.272236" lon="-77.650388">
        <ele>2685.5</ele>
      </trkpt>
      <trkpt lat="-9.272263" lon="-77.650284">
        <ele>2684.25</ele>
      </trkpt>
      <trkpt lat="-9.272245" lon="-77.650194">
        <ele>2684.5</ele>
      </trkpt>
      <trkpt lat="-9.272227" lon="-77.65016">
        <ele>2685</ele>
      </trkpt>
      <trkpt lat="-9.272199" lon="-77.650128">
        <ele>2685.75</ele>
      </trkpt>
      <trkpt lat="-9.271953" lon="-77.650014">
        <ele>2693</ele>
      </trkpt>
      <trkpt lat="-9.271933" lon="-77.649984">
        <ele>2693.5</ele>
      </trkpt>
      <trkpt lat="-9.271926" lon="-77.649955">
        <ele>2693.75</ele>
      </trkpt>
      <trkpt lat="-9.27193" lon="-77.649916">
        <ele>2693.5</ele>
      </trkpt>
      <trkpt lat="-9.271944" lon="-77.649894">
        <ele>2692.75</ele>
      </trkpt>
      <trkpt lat="-9.271949" lon="-77.649885">
        <ele>2692.75</ele>
      </trkpt>
      <trkpt lat="-9.272088" lon="-77.649718">
        <ele>2688</ele>
      </trkpt>
      <trkpt lat="-9.272235" lon="-77.649553">
        <ele>2683</ele>
      </trkpt>
      <trkpt lat="-9.272274" lon="-77.64947">
        <ele>2681.75</ele>
      </trkpt>
      <trkpt lat="-9.27228" lon="-77.649396">
        <ele>2681.25</ele>
      </trkpt>
      <trkpt lat="-9.272254" lon="-77.64934">
        <ele>2682</ele>
      </trkpt>
      <trkpt lat="-9.272208" lon="-77.649304">
        <ele>2683.25</ele>
      </trkpt>
      <trkpt lat="-9.271492" lon="-77.648877">
        <ele>2699.25</ele>
      </trkpt>
      <trkpt lat="-9.271227" lon="-77.648641">
        <ele>2700.25</ele>
      </trkpt>
      <trkpt lat="-9.271156" lon="-77.648556">
        <ele>2699.5</ele>
      </trkpt>
      <trkpt lat="-9.271073" lon="-77.648379">
        <ele>2696.25</ele>
      </trkpt>
      <trkpt lat="-9.271072" lon="-77.648213">
        <ele>2697</ele>
      </trkpt>
      <trkpt lat="-9.271094" lon="-77.648187">
        <ele>2697.25</ele>
      </trkpt>
      <trkpt lat="-9.271188" lon="-77.648071">
        <ele>2698.75</ele>
      </trkpt>
      <trkpt lat="-9.271367" lon="-77.648">
        <ele>2700.5</ele>
      </trkpt>
      <trkpt lat="-9.271638" lon="-77.648031">
        <ele>2699.75</ele>
      </trkpt>
      <trkpt lat="-9.27269" lon="-77.648343">
        <ele>2682.5</ele>
      </trkpt>
      <trkpt lat="-9.273033" lon="-77.648417">
        <ele>2681.75</ele>
      </trkpt>
      <trkpt lat="-9.273325" lon="-77.64853">
        <ele>2678.5</ele>
      </trkpt>
      <trkpt lat="-9.273834" lon="-77.648852">
        <ele>2674</ele>
      </trkpt>
      <trkpt lat="-9.274008" lon="-77.648998">
        <ele>2672.5</ele>
      </trkpt>
      <trkpt lat="-9.274081" lon="-77.649087">
        <ele>2671.5</ele>
      </trkpt>
      <trkpt lat="-9.274153" lon="-77.649225">
        <ele>2669</ele>
      </trkpt>
      <trkpt lat="-9.274268" lon="-77.649343">
        <ele>2666.5</ele>
      </trkpt>
      <trkpt lat="-9.274353" lon="-77.649358">
        <ele>2666.75</ele>
      </trkpt>
      <trkpt lat="-9.274433" lon="-77.649348">
        <ele>2667.5</ele>
      </trkpt>
      <trkpt lat="-9.274855" lon="-77.649174">
        <ele>2674.75</ele>
      </trkpt>
      <trkpt lat="-9.275285" lon="-77.648986">
        <ele>2674.5</ele>
      </trkpt>
      <trkpt lat="-9.275932" lon="-77.648778">
        <ele>2670</ele>
      </trkpt>
      <trkpt lat="-9.276467" lon="-77.648503">
        <ele>2665.75</ele>
      </trkpt>
      <trkpt lat="-9.276688" lon="-77.648298">
        <ele>2665</ele>
      </trkpt>
      <trkpt lat="-9.276851" lon="-77.647972">
        <ele>2666.25</ele>
      </trkpt>
      <trkpt lat="-9.277417" lon="-77.647298">
        <ele>2662</ele>
      </trkpt>
      <trkpt lat="-9.277532" lon="-77.647211">
        <ele>2661.5</ele>
      </trkpt>
      <trkpt lat="-9.277584" lon="-77.647171">
        <ele>2661.25</ele>
      </trkpt>
      <trkpt lat="-9.278074" lon="-77.646869">
        <ele>2656.25</ele>
      </trkpt>
      <trkpt lat="-9.278413" lon="-77.646552">
        <ele>2654</ele>
      </trkpt>
      <trkpt lat="-9.278778" lon="-77.646211">
        <ele>2653.5</ele>
      </trkpt>
      <trkpt lat="-9.278951" lon="-77.646037">
        <ele>2652.5</ele>
      </trkpt>
      <trkpt lat="-9.279391" lon="-77.645588">
        <ele>2650.5</ele>
      </trkpt>
      <trkpt lat="-9.279881" lon="-77.645072">
        <ele>2651.25</ele>
      </trkpt>
      <trkpt lat="-9.279552" lon="-77.644729">
        <ele>2658</ele>
      </trkpt>
      <trkpt lat="-9.280125" lon="-77.644144">
        <ele>2657.75</ele>
      </trkpt>
      <trkpt lat="-9.280738" lon="-77.643536">
        <ele>2659.75</ele>
      </trkpt>
      <trkpt lat="-9.281334" lon="-77.642915">
        <ele>2663</ele>
      </trkpt>
      <trkpt lat="-9.281874" lon="-77.642334">
        <ele>2666.5</ele>
      </trkpt>
      <trkpt lat="-9.282016" lon="-77.642196">
        <ele>2667.5</ele>
      </trkpt>
      <trkpt lat="-9.282122" lon="-77.642083">
        <ele>2668.25</ele>
      </trkpt>
      <trkpt lat="-9.282378" lon="-77.64196">
        <ele>2668.75</ele>
      </trkpt>
      <trkpt lat="-9.282962" lon="-77.641337">
        <ele>2673.25</ele>
      </trkpt>
      <trkpt lat="-9.283118" lon="-77.641141">
        <ele>2674.75</ele>
      </trkpt>
      <trkpt lat="-9.283743" lon="-77.64044">
        <ele>2680.75</ele>
      </trkpt>
      <trkpt lat="-9.283843" lon="-77.640322">
        <ele>2681.75</ele>
      </trkpt>
      <trkpt lat="-9.284271" lon="-77.639802">
        <ele>2686.5</ele>
      </trkpt>
      <trkpt lat="-9.284964" lon="-77.638841">
        <ele>2693.5</ele>
      </trkpt>
      <trkpt lat="-9.285127" lon="-77.638559">
        <ele>2695.5</ele>
      </trkpt>
      <trkpt lat="-9.285309" lon="-77.638242">
        <ele>2696.5</ele>
      </trkpt>
      <trkpt lat="-9.285584" lon="-77.637711">
        <ele>2695.5</ele>
      </trkpt>
      <trkpt lat="-9.286004" lon="-77.636877">
        <ele>2696</ele>
      </trkpt>
      <trkpt lat="-9.286073" lon="-77.636722">
        <ele>2696.75</ele>
      </trkpt>
      <trkpt lat="-9.286093" lon="-77.636528">
        <ele>2697.5</ele>
      </trkpt>
      <trkpt lat="-9.286123" lon="-77.636381">
        <ele>2698</ele>
      </trkpt>
      <trkpt lat="-9.286234" lon="-77.63593">
        <ele>2698.75</ele>
      </trkpt>
      <trkpt lat="-9.286302" lon="-77.635714">
        <ele>2698.75</ele>
      </trkpt>
      <trkpt lat="-9.286386" lon="-77.635546">
        <ele>2698.5</ele>
      </trkpt>
      <trkpt lat="-9.286571" lon="-77.635236">
        <ele>2696.5</ele>
      </trkpt>
      <trkpt lat="-9.286763" lon="-77.634902">
        <ele>2695</ele>
      </trkpt>
      <trkpt lat="-9.286838" lon="-77.634769">
        <ele>2694.75</ele>
      </trkpt>
      <trkpt lat="-9.286962" lon="-77.634554">
        <ele>2694.75</ele>
      </trkpt>
      <trkpt lat="-9.287387" lon="-77.633897">
        <ele>2690.75</ele>
      </trkpt>
      <trkpt lat="-9.288759" lon="-77.631665">
        <ele>2673.75</ele>
      </trkpt>
      <trkpt lat="-9.289377" lon="-77.630676">
        <ele>2669.75</ele>
      </trkpt>
      <trkpt lat="-9.289618" lon="-77.630357">
        <ele>2669.5</ele>
      </trkpt>
      <trkpt lat="-9.289738" lon="-77.630164">
        <ele>2669.25</ele>
      </trkpt>
      <trkpt lat="-9.28984" lon="-77.630041">
        <ele>2668.75</ele>
      </trkpt>
      <trkpt lat="-9.289952" lon="-77.629937">
        <ele>2668.5</ele>
      </trkpt>
      <trkpt lat="-9.290075" lon="-77.629802">
        <ele>2668.75</ele>
      </trkpt>
      <trkpt lat="-9.290517" lon="-77.629396">
        <ele>2669.25</ele>
      </trkpt>
      <trkpt lat="-9.290604" lon="-77.62928">
        <ele>2669.5</ele>
      </trkpt>
      <trkpt lat="-9.290783" lon="-77.628979">
        <ele>2670.25</ele>
      </trkpt>
      <trkpt lat="-9.290823" lon="-77.628879">
        <ele>2670.75</ele>
      </trkpt>
      <trkpt lat="-9.290898" lon="-77.628771">
        <ele>2670.75</ele>
      </trkpt>
      <trkpt lat="-9.291007" lon="-77.628637">
        <ele>2670.5</ele>
      </trkpt>
      <trkpt lat="-9.291131" lon="-77.628456">
        <ele>2670.25</ele>
      </trkpt>
      <trkpt lat="-9.291256" lon="-77.628296">
        <ele>2670</ele>
      </trkpt>
      <trkpt lat="-9.291422" lon="-77.628141">
        <ele>2668.75</ele>
      </trkpt>
      <trkpt lat="-9.29166" lon="-77.627803">
        <ele>2668.5</ele>
      </trkpt>
      <trkpt lat="-9.291698" lon="-77.627749">
        <ele>2668.5</ele>
      </trkpt>
      <trkpt lat="-9.291839" lon="-77.627584">
        <ele>2669</ele>
      </trkpt>
      <trkpt lat="-9.291921" lon="-77.627479">
        <ele>2669.25</ele>
      </trkpt>
      <trkpt lat="-9.291983" lon="-77.62738">
        <ele>2669.5</ele>
      </trkpt>
      <trkpt lat="-9.292246" lon="-77.626903">
        <ele>2669.75</ele>
      </trkpt>
      <trkpt lat="-9.292466" lon="-77.626475">
        <ele>2670.25</ele>
      </trkpt>
      <trkpt lat="-9.292587" lon="-77.62615">
        <ele>2671.75</ele>
      </trkpt>
      <trkpt lat="-9.29277" lon="-77.625632">
        <ele>2673.5</ele>
      </trkpt>
      <trkpt lat="-9.292866" lon="-77.625491">
        <ele>2673.5</ele>
      </trkpt>
      <trkpt lat="-9.29294" lon="-77.625411">
        <ele>2673.5</ele>
      </trkpt>
      <trkpt lat="-9.293157" lon="-77.625171">
        <ele>2673.75</ele>
      </trkpt>
      <trkpt lat="-9.293229" lon="-77.62511">
        <ele>2673.75</ele>
      </trkpt>
      <trkpt lat="-9.293553" lon="-77.624973">
        <ele>2673.25</ele>
      </trkpt>
      <trkpt lat="-9.293629" lon="-77.624933">
        <ele>2673.5</ele>
      </trkpt>
      <trkpt lat="-9.293707" lon="-77.624861">
        <ele>2674</ele>
      </trkpt>
      <trkpt lat="-9.294392" lon="-77.62418">
        <ele>2679.75</ele>
      </trkpt>
      <trkpt lat="-9.294634" lon="-77.623986">
        <ele>2681.25</ele>
      </trkpt>
      <trkpt lat="-9.295116" lon="-77.623672">
        <ele>2682.75</ele>
      </trkpt>
      <trkpt lat="-9.295492" lon="-77.623426">
        <ele>2683.75</ele>
      </trkpt>
      <trkpt lat="-9.296237" lon="-77.622579">
        <ele>2686.25</ele>
      </trkpt>
      <trkpt lat="-9.296372" lon="-77.622223">
        <ele>2689.5</ele>
      </trkpt>
      <trkpt lat="-9.296742" lon="-77.621779">
        <ele>2693</ele>
      </trkpt>
      <trkpt lat="-9.296994" lon="-77.62155">
        <ele>2696.5</ele>
      </trkpt>
      <trkpt lat="-9.298117" lon="-77.620274">
        <ele>2712.75</ele>
      </trkpt>
      <trkpt lat="-9.298435" lon="-77.61999">
        <ele>2714.75</ele>
      </trkpt>
      <trkpt lat="-9.298657" lon="-77.619791">
        <ele>2716.5</ele>
      </trkpt>
      <trkpt lat="-9.299323" lon="-77.619267">
        <ele>2722.5</ele>
      </trkpt>
      <trkpt lat="-9.299758" lon="-77.61889">
        <ele>2726</ele>
      </trkpt>
      <trkpt lat="-9.299851" lon="-77.618827">
        <ele>2726.25</ele>
      </trkpt>
      <trkpt lat="-9.300582" lon="-77.618324">
        <ele>2728.25</ele>
      </trkpt>
      <trkpt lat="-9.301612" lon="-77.617737">
        <ele>2726.25</ele>
      </trkpt>
      <trkpt lat="-9.301743" lon="-77.617621">
        <ele>2723.5</ele>
      </trkpt>
      <trkpt lat="-9.301777" lon="-77.617592">
        <ele>2722.25</ele>
      </trkpt>
      <trkpt lat="-9.301818" lon="-77.617555">
        <ele>2721.25</ele>
      </trkpt>
      <trkpt lat="-9.302209" lon="-77.616963">
        <ele>2713</ele>
      </trkpt>
      <trkpt lat="-9.30252" lon="-77.616354">
        <ele>2707.5</ele>
      </trkpt>
      <trkpt lat="-9.302897" lon="-77.615707">
        <ele>2700.25</ele>
      </trkpt>
      <trkpt lat="-9.303092" lon="-77.61541">
        <ele>2695.25</ele>
      </trkpt>
      <trkpt lat="-9.303447" lon="-77.614843">
        <ele>2689.75</ele>
      </trkpt>
      <trkpt lat="-9.303494" lon="-77.614642">
        <ele>2689.75</ele>
      </trkpt>
      <trkpt lat="-9.303496" lon="-77.61463">
        <ele>2689.75</ele>
      </trkpt>
      <trkpt lat="-9.303472" lon="-77.614589">
        <ele>2690</ele>
      </trkpt>
      <trkpt lat="-9.303525" lon="-77.614411">
        <ele>2690</ele>
      </trkpt>
      <trkpt lat="-9.303553" lon="-77.614355">
        <ele>2690.25</ele>
      </trkpt>
      <trkpt lat="-9.303616" lon="-77.614269">
        <ele>2690.25</ele>
      </trkpt>
      <trkpt lat="-9.303734" lon="-77.614151">
        <ele>2690.75</ele>
      </trkpt>
      <trkpt lat="-9.303825" lon="-77.614045">
        <ele>2693</ele>
      </trkpt>
      <trkpt lat="-9.303944" lon="-77.613944">
        <ele>2694.75</ele>
      </trkpt>
      <trkpt lat="-9.304066" lon="-77.613839">
        <ele>2697</ele>
      </trkpt>
      <trkpt lat="-9.304177" lon="-77.613758">
        <ele>2698.5</ele>
      </trkpt>
      <trkpt lat="-9.304393" lon="-77.613474">
        <ele>2700.25</ele>
      </trkpt>
      <trkpt lat="-9.304411" lon="-77.613429">
        <ele>2700.75</ele>
      </trkpt>
      <trkpt lat="-9.304464" lon="-77.613347">
        <ele>2700.75</ele>
      </trkpt>
      <trkpt lat="-9.304697" lon="-77.613072">
        <ele>2700.75</ele>
      </trkpt>
      <trkpt lat="-9.304812" lon="-77.612935">
        <ele>2701</ele>
      </trkpt>
      <trkpt lat="-9.304964" lon="-77.612711">
        <ele>2699.25</ele>
      </trkpt>
      <trkpt lat="-9.305119" lon="-77.612498">
        <ele>2698.5</ele>
      </trkpt>
      <trkpt lat="-9.305473" lon="-77.612102">
        <ele>2700</ele>
      </trkpt>
      <trkpt lat="-9.30588" lon="-77.611554">
        <ele>2695</ele>
      </trkpt>
      <trkpt lat="-9.306029" lon="-77.611377">
        <ele>2695</ele>
      </trkpt>
      <trkpt lat="-9.30613" lon="-77.611267">
        <ele>2694.75</ele>
      </trkpt>
      <trkpt lat="-9.306276" lon="-77.611137">
        <ele>2693.25</ele>
      </trkpt>
      <trkpt lat="-9.306281" lon="-77.611131">
        <ele>2693.25</ele>
      </trkpt>
      <trkpt lat="-9.306359" lon="-77.611045">
        <ele>2692.75</ele>
      </trkpt>
      <trkpt lat="-9.306454" lon="-77.610854">
        <ele>2693</ele>
      </trkpt>
      <trkpt lat="-9.306593" lon="-77.610693">
        <ele>2692</ele>
      </trkpt>
      <trkpt lat="-9.306709" lon="-77.610575">
        <ele>2691</ele>
      </trkpt>
      <trkpt lat="-9.306831" lon="-77.610417">
        <ele>2691</ele>
      </trkpt>
      <trkpt lat="-9.306985" lon="-77.610281">
        <ele>2690</ele>
      </trkpt>
      <trkpt lat="-9.307138" lon="-77.610131">
        <ele>2689.25</ele>
      </trkpt>
      <trkpt lat="-9.30721" lon="-77.610044">
        <ele>2689</ele>
      </trkpt>
      <trkpt lat="-9.307241" lon="-77.609955">
        <ele>2690</ele>
      </trkpt>
      <trkpt lat="-9.307241" lon="-77.609955">
        <ele>2690</ele>
      </trkpt>
      <trkpt lat="-9.307242" lon="-77.609949">
        <ele>2690.25</ele>
      </trkpt>
      <trkpt lat="-9.307355" lon="-77.60982">
        <ele>2687.6438255954054</ele>
      </trkpt>
      <trkpt lat="-9.307535221343372" lon="-77.60966616913078">
        <ele>2687.9623627338756</ele>
      </trkpt>
      <trkpt lat="-9.307631660953305" lon="-77.60949417094473">
        <ele>2690.5812418371174</ele>
      </trkpt>
      <trkpt lat="-9.308020428985028" lon="-77.60926520563238">
        <ele>2688.984095211793</ele>
      </trkpt>
      <trkpt lat="-9.30808299797171" lon="-77.60922835556651">
        <ele>2688.793791972404</ele>
      </trkpt>
      <trkpt lat="-9.308426895123059" lon="-77.60893478487283">
        <ele>2688.7679025228613</ele>
      </trkpt>
      <trkpt lat="-9.308444920434198" lon="-77.60891939741447">
        <ele>2688.683937466658</ele>
      </trkpt>
      <trkpt lat="-9.308787305781332" lon="-77.60862401741505">
        <ele>2688.171694870692</ele>
      </trkpt>
      <trkpt lat="-9.30886163337685" lon="-77.60855989409522">
        <ele>2688.2641616950123</ele>
      </trkpt>
      <trkpt lat="-9.309104156948322" lon="-77.6084929699374">
        <ele>2686.796574608401</ele>
      </trkpt>
      <trkpt lat="-9.309510326887882" lon="-77.60829746952531">
        <ele>2687.852021527015</ele>
      </trkpt>
      <trkpt lat="-9.309642819359809" lon="-77.60823369736903">
        <ele>2689.6111108336663</ele>
      </trkpt>
      <trkpt lat="-9.31006362429301" lon="-77.60807309693494">
        <ele>2694.301088685434</ele>
      </trkpt>
      <trkpt lat="-9.310132745103942" lon="-77.60804671693946">
        <ele>2695.09444666748</ele>
      </trkpt>
      <trkpt lat="-9.310132745103942" lon="-77.60804671693946">
        <ele>2695.09444666748</ele>
      </trkpt>
      <trkpt lat="-9.310539921663135" lon="-77.60785337810013">
        <ele>2699.247986555846</ele>
      </trkpt>
      <trkpt lat="-9.310734" lon="-77.607767">
        <ele>2700.5</ele>
      </trkpt>
      <trkpt lat="-9.31077" lon="-77.607749">
        <ele>2701</ele>
      </trkpt>
      <trkpt lat="-9.311148" lon="-77.607521">
        <ele>2702.75</ele>
      </trkpt>
      <trkpt lat="-9.311421" lon="-77.607382">
        <ele>2702.75</ele>
      </trkpt>
      <trkpt lat="-9.311442" lon="-77.607371">
        <ele>2703</ele>
      </trkpt>
      <trkpt lat="-9.311585" lon="-77.607146">
        <ele>2705</ele>
      </trkpt>
      <trkpt lat="-9.311611" lon="-77.607095">
        <ele>2705.5</ele>
      </trkpt>
      <trkpt lat="-9.311828" lon="-77.606896">
        <ele>2707.25</ele>
      </trkpt>
      <trkpt lat="-9.312106" lon="-77.606733">
        <ele>2709.25</ele>
      </trkpt>
      <trkpt lat="-9.312143" lon="-77.606711">
        <ele>2709.75</ele>
      </trkpt>
      <trkpt lat="-9.312417" lon="-77.606678">
        <ele>2709.75</ele>
      </trkpt>
      <trkpt lat="-9.312634" lon="-77.606639">
        <ele>2711.5</ele>
      </trkpt>
      <trkpt lat="-9.312999" lon="-77.606562">
        <ele>2716</ele>
      </trkpt>
      <trkpt lat="-9.313779" lon="-77.606495">
        <ele>2722.25</ele>
      </trkpt>
      <trkpt lat="-9.314004" lon="-77.606482">
        <ele>2724</ele>
      </trkpt>
      <trkpt lat="-9.314017" lon="-77.606481">
        <ele>2724.25</ele>
      </trkpt>
      <trkpt lat="-9.314834" lon="-77.606674">
        <ele>2728</ele>
      </trkpt>
      <trkpt lat="-9.315933" lon="-77.606771">
        <ele>2737.5</ele>
      </trkpt>
      <trkpt lat="-9.316084" lon="-77.606764">
        <ele>2738</ele>
      </trkpt>
      <trkpt lat="-9.316443" lon="-77.606736">
        <ele>2739</ele>
      </trkpt>
      <trkpt lat="-9.317564" lon="-77.606593">
        <ele>2743.75</ele>
      </trkpt>
      <trkpt lat="-9.317896" lon="-77.606464">
        <ele>2744.75</ele>
      </trkpt>
      <trkpt lat="-9.31819" lon="-77.606348">
        <ele>2745.75</ele>
      </trkpt>
      <trkpt lat="-9.318655" lon="-77.606295">
        <ele>2746.25</ele>
      </trkpt>
      <trkpt lat="-9.319234" lon="-77.606169">
        <ele>2748</ele>
      </trkpt>
      <trkpt lat="-9.31992" lon="-77.605974">
        <ele>2747.25</ele>
      </trkpt>
      <trkpt lat="-9.320449" lon="-77.605822">
        <ele>2747</ele>
      </trkpt>
      <trkpt lat="-9.320532" lon="-77.605796">
        <ele>2746.75</ele>
      </trkpt>
      <trkpt lat="-9.320642" lon="-77.605752">
        <ele>2746.75</ele>
      </trkpt>
      <trkpt lat="-9.320803" lon="-77.605648">
        <ele>2747</ele>
      </trkpt>
      <trkpt lat="-9.321008" lon="-77.605452">
        <ele>2746.25</ele>
      </trkpt>
      <trkpt lat="-9.321009" lon="-77.605452">
        <ele>2746</ele>
      </trkpt>
      <trkpt lat="-9.321008" lon="-77.605452">
        <ele>2746.25</ele>
      </trkpt>
      <trkpt lat="-9.321069" lon="-77.605523">
        <ele>2745.25</ele>
      </trkpt>
      <trkpt lat="-9.321126" lon="-77.60556">
        <ele>2744.25</ele>
      </trkpt>
      <trkpt lat="-9.321192" lon="-77.605581">
        <ele>2742.25</ele>
      </trkpt>
    </trkseg>
  </trk>
</gpx>
