<?xml version="1.0" encoding="UTF-8"?>
<gpx creator="Suunto app" version="1.1" schemaLocation="http://www.topografix.com/GPX/1/1 http://www.topografix.com/GPX/1/1/gpx.xsd http://www.garmin.com/xmlschemas/TrackPointExtension/v1 http://www.garmin.com/xmlschemas/TrackPointExtensionv1.xsd" xmlns="http://www.topografix.com/GPX/1/1" xmlns:xsi="http://www.w3.org/2001/XMLSchema-instance" xsi:schemaLocation="http://www.topografix.com/GPX/1/1 http://www.topografix.com/GPX/1/1/gpx.xsd http://www.garmin.com/xmlschemas/GpxExtensions/v3 http://www.garmin.com/xmlschemas/GpxExtensionsv3.xsd http://www.garmin.com/xmlschemas/TrackPointExtension/v1 http://www.garmin.com/xmlschemas/TrackPointExtensionv1.xsd http://www.garmin.com/xmlschemas/PowerExtension/v1 http://www.garmin.com/xmlschemas/PowerExtensionv1.xsd http://www.topografix.com/GPX/gpx_style/0/2 http://www.topografix.com/GPX/gpx_style/0/2/gpx_style.xsd" xmlns:gpxtpx="http://www.garmin.com/xmlschemas/TrackPointExtension/v1" xmlns:gpxx="http://www.garmin.com/xmlschemas/GpxExtensions/v3" xmlns:gpxpx="http://www.garmin.com/xmlschemas/PowerExtension/v1" xmlns:gpx_style="http://www.topografix.com/GPX/gpx_style/0/2">
  <metadata>
    <name>H360_Etapa 1 (Carhuaz)</name>
    <author>
      <name>gpx.studio</name>
      <link href="https://gpx.studio"/>
    </author>
  </metadata>
  <trk>
    <name>H360_Etapa 1 (Carhuaz)</name>
    <trkseg>
      <trkpt lat="-9.281575" lon="-77.645778">
        <ele>2644.25</ele>
      </trkpt>
      <trkpt lat="-9.281143" lon="-77.646255">
        <ele>2641.5</ele>
      </trkpt>
      <trkpt lat="-9.28111" lon="-77.646292">
        <ele>2641.25</ele>
      </trkpt>
      <trkpt lat="-9.281136" lon="-77.646319">
        <ele>2641</ele>
      </trkpt>
      <trkpt lat="-9.281693" lon="-77.64685">
        <ele>2637.25</ele>
      </trkpt>
      <trkpt lat="-9.281726" lon="-77.646878">
        <ele>2637.25</ele>
      </trkpt>
      <trkpt lat="-9.281756" lon="-77.646901">
        <ele>2637.25</ele>
      </trkpt>
      <trkpt lat="-9.282035" lon="-77.647197">
        <ele>2636.5</ele>
      </trkpt>
      <trkpt lat="-9.282273" lon="-77.64743">
        <ele>2636</ele>
      </trkpt>
      <trkpt lat="-9.282349" lon="-77.647506">
        <ele>2635.75</ele>
      </trkpt>
      <trkpt lat="-9.282629" lon="-77.647816">
        <ele>2634.5</ele>
      </trkpt>
      <trkpt lat="-9.282904" lon="-77.648126">
        <ele>2631.25</ele>
      </trkpt>
      <trkpt lat="-9.282903" lon="-77.648125">
        <ele>2631.25</ele>
      </trkpt>
      <trkpt lat="-9.283221" lon="-77.648483">
        <ele>2631.25</ele>
      </trkpt>
      <trkpt lat="-9.282196" lon="-77.649759">
        <ele>2625.25</ele>
      </trkpt>
      <trkpt lat="-9.281981" lon="-77.649972">
        <ele>2623.25</ele>
      </trkpt>
      <trkpt lat="-9.281981" lon="-77.649972">
        <ele>2623.25</ele>
      </trkpt>
      <trkpt lat="-9.281955" lon="-77.649997">
        <ele>2623.25</ele>
      </trkpt>
      <trkpt lat="-9.282174" lon="-77.650308">
        <ele>2621.25</ele>
      </trkpt>
      <trkpt lat="-9.282286" lon="-77.65048">
        <ele>2620.25</ele>
      </trkpt>
      <trkpt lat="-9.282362" lon="-77.650507">
        <ele>2620</ele>
      </trkpt>
      <trkpt lat="-9.282443" lon="-77.650498">
        <ele>2620.25</ele>
      </trkpt>
      <trkpt lat="-9.282603" lon="-77.650455">
        <ele>2619.25</ele>
      </trkpt>
      <trkpt lat="-9.282664" lon="-77.650415">
        <ele>2619</ele>
      </trkpt>
      <trkpt lat="-9.282772" lon="-77.650314">
        <ele>2618.25</ele>
      </trkpt>
      <trkpt lat="-9.282839" lon="-77.650216">
        <ele>2618.25</ele>
      </trkpt>
      <trkpt lat="-9.283056" lon="-77.649929">
        <ele>2618</ele>
      </trkpt>
      <trkpt lat="-9.283286" lon="-77.6495">
        <ele>2620.25</ele>
      </trkpt>
      <trkpt lat="-9.283356" lon="-77.649399">
        <ele>2620.75</ele>
      </trkpt>
      <trkpt lat="-9.283476" lon="-77.649249">
        <ele>2620.75</ele>
      </trkpt>
      <trkpt lat="-9.283552" lon="-77.649191">
        <ele>2620.25</ele>
      </trkpt>
      <trkpt lat="-9.283778" lon="-77.649093">
        <ele>2618</ele>
      </trkpt>
      <trkpt lat="-9.284056" lon="-77.648983">
        <ele>2616</ele>
      </trkpt>
      <trkpt lat="-9.284171" lon="-77.648934">
        <ele>2615.25</ele>
      </trkpt>
      <trkpt lat="-9.284292" lon="-77.648866">
        <ele>2614.75</ele>
      </trkpt>
      <trkpt lat="-9.284521" lon="-77.648701">
        <ele>2613.25</ele>
      </trkpt>
      <trkpt lat="-9.284797" lon="-77.648484">
        <ele>2610.25</ele>
      </trkpt>
      <trkpt lat="-9.284866" lon="-77.648444">
        <ele>2609.25</ele>
      </trkpt>
      <trkpt lat="-9.284923" lon="-77.648459">
        <ele>2607.75</ele>
      </trkpt>
      <trkpt lat="-9.284923" lon="-77.648459">
        <ele>2607.75</ele>
      </trkpt>
      <trkpt lat="-9.284981" lon="-77.648514">
        <ele>2606.25</ele>
      </trkpt>
      <trkpt lat="-9.284999" lon="-77.648579">
        <ele>2605.5</ele>
      </trkpt>
      <trkpt lat="-9.284972" lon="-77.648695">
        <ele>2605.25</ele>
      </trkpt>
      <trkpt lat="-9.284881" lon="-77.648912">
        <ele>2605.25</ele>
      </trkpt>
      <trkpt lat="-9.284838" lon="-77.648991">
        <ele>2605</ele>
      </trkpt>
      <trkpt lat="-9.284775" lon="-77.649105">
        <ele>2605</ele>
      </trkpt>
      <trkpt lat="-9.284696" lon="-77.649222">
        <ele>2605.75</ele>
      </trkpt>
      <trkpt lat="-9.284597" lon="-77.649352">
        <ele>2607.75</ele>
      </trkpt>
      <trkpt lat="-9.28454" lon="-77.649433">
        <ele>2608.75</ele>
      </trkpt>
      <trkpt lat="-9.284537" lon="-77.649491">
        <ele>2609.25</ele>
      </trkpt>
      <trkpt lat="-9.28457" lon="-77.64954">
        <ele>2609.5</ele>
      </trkpt>
      <trkpt lat="-9.284818" lon="-77.649743">
        <ele>2613</ele>
      </trkpt>
      <trkpt lat="-9.284854" lon="-77.649862">
        <ele>2615.25</ele>
      </trkpt>
      <trkpt lat="-9.284821" lon="-77.649942">
        <ele>2616.25</ele>
      </trkpt>
      <trkpt lat="-9.284788" lon="-77.649992">
        <ele>2616.5</ele>
      </trkpt>
      <trkpt lat="-9.284671" lon="-77.650077">
        <ele>2617.25</ele>
      </trkpt>
      <trkpt lat="-9.284617" lon="-77.650131">
        <ele>2617.75</ele>
      </trkpt>
      <trkpt lat="-9.284201" lon="-77.650652">
        <ele>2616.75</ele>
      </trkpt>
      <trkpt lat="-9.283754" lon="-77.651175">
        <ele>2617.75</ele>
      </trkpt>
      <trkpt lat="-9.283475" lon="-77.651487">
        <ele>2616.25</ele>
      </trkpt>
      <trkpt lat="-9.283014" lon="-77.651842">
        <ele>2613.75</ele>
      </trkpt>
      <trkpt lat="-9.2826" lon="-77.652187">
        <ele>2612.5</ele>
      </trkpt>
      <trkpt lat="-9.282561" lon="-77.652233">
        <ele>2612.25</ele>
      </trkpt>
      <trkpt lat="-9.282537" lon="-77.652279">
        <ele>2612.5</ele>
      </trkpt>
      <trkpt lat="-9.282527" lon="-77.652328">
        <ele>2613</ele>
      </trkpt>
      <trkpt lat="-9.28253" lon="-77.652374">
        <ele>2613.75</ele>
      </trkpt>
      <trkpt lat="-9.282587" lon="-77.652573">
        <ele>2618.75</ele>
      </trkpt>
      <trkpt lat="-9.282555" lon="-77.652611">
        <ele>2618.75</ele>
      </trkpt>
      <trkpt lat="-9.282488" lon="-77.652669">
        <ele>2618.75</ele>
      </trkpt>
      <trkpt lat="-9.282236" lon="-77.652827">
        <ele>2618.75</ele>
      </trkpt>
      <trkpt lat="-9.282165" lon="-77.652881">
        <ele>2618.75</ele>
      </trkpt>
      <trkpt lat="-9.281758" lon="-77.653262">
        <ele>2618.5</ele>
      </trkpt>
      <trkpt lat="-9.281668" lon="-77.653354">
        <ele>2618.25</ele>
      </trkpt>
      <trkpt lat="-9.281623" lon="-77.65341">
        <ele>2619.25</ele>
      </trkpt>
      <trkpt lat="-9.281615" lon="-77.653467">
        <ele>2620.25</ele>
      </trkpt>
      <trkpt lat="-9.281623" lon="-77.653529">
        <ele>2621.75</ele>
      </trkpt>
      <trkpt lat="-9.281641" lon="-77.653592">
        <ele>2623</ele>
      </trkpt>
      <trkpt lat="-9.2816" lon="-77.653688">
        <ele>2624.75</ele>
      </trkpt>
      <trkpt lat="-9.2816" lon="-77.653688">
        <ele>2644</ele>
      </trkpt>
      <trkpt lat="-9.28156" lon="-77.653715">
        <ele>2643.4</ele>
      </trkpt>
      <trkpt lat="-9.281513" lon="-77.65374">
        <ele>2643.4</ele>
      </trkpt>
      <trkpt lat="-9.281457" lon="-77.65374">
        <ele>2643.4</ele>
      </trkpt>
      <trkpt lat="-9.2814" lon="-77.653715">
        <ele>2643.6</ele>
      </trkpt>
      <trkpt lat="-9.28135" lon="-77.653677">
        <ele>2644.6</ele>
      </trkpt>
      <trkpt lat="-9.281297" lon="-77.65365">
        <ele>2644.6</ele>
      </trkpt>
      <trkpt lat="-9.281242" lon="-77.653612">
        <ele>2644.8</ele>
      </trkpt>
      <trkpt lat="-9.281183" lon="-77.653573">
        <ele>2644.8</ele>
      </trkpt>
      <trkpt lat="-9.28114" lon="-77.653535">
        <ele>2644.8</ele>
      </trkpt>
      <trkpt lat="-9.281103" lon="-77.653503">
        <ele>2644.8</ele>
      </trkpt>
      <trkpt lat="-9.281058" lon="-77.653478">
        <ele>2645.4</ele>
      </trkpt>
      <trkpt lat="-9.281013" lon="-77.653465">
        <ele>2645.4</ele>
      </trkpt>
      <trkpt lat="-9.280962" lon="-77.653458">
        <ele>2646</ele>
      </trkpt>
      <trkpt lat="-9.280915" lon="-77.653458">
        <ele>2646.2</ele>
      </trkpt>
      <trkpt lat="-9.280863" lon="-77.653465">
        <ele>2646.4</ele>
      </trkpt>
      <trkpt lat="-9.28082" lon="-77.653472">
        <ele>2646.6</ele>
      </trkpt>
      <trkpt lat="-9.28078" lon="-77.653497">
        <ele>2647</ele>
      </trkpt>
      <trkpt lat="-9.280743" lon="-77.653522">
        <ele>2647</ele>
      </trkpt>
      <trkpt lat="-9.280705" lon="-77.653555">
        <ele>2647.2</ele>
      </trkpt>
      <trkpt lat="-9.28066" lon="-77.653593">
        <ele>2647.2</ele>
      </trkpt>
      <trkpt lat="-9.28061" lon="-77.653625">
        <ele>2647.2</ele>
      </trkpt>
      <trkpt lat="-9.280558" lon="-77.65367">
        <ele>2647</ele>
      </trkpt>
      <trkpt lat="-9.280512" lon="-77.653708">
        <ele>2646.6</ele>
      </trkpt>
      <trkpt lat="-9.280467" lon="-77.653747">
        <ele>2646.4</ele>
      </trkpt>
      <trkpt lat="-9.280432" lon="-77.653778">
        <ele>2646.2</ele>
      </trkpt>
      <trkpt lat="-9.280393" lon="-77.65381">
        <ele>2646.2</ele>
      </trkpt>
      <trkpt lat="-9.280348" lon="-77.653848">
        <ele>2646.2</ele>
      </trkpt>
      <trkpt lat="-9.280302" lon="-77.653887">
        <ele>2646.2</ele>
      </trkpt>
      <trkpt lat="-9.280253" lon="-77.65392">
        <ele>2646.4</ele>
      </trkpt>
      <trkpt lat="-9.280195" lon="-77.65397">
        <ele>2646.6</ele>
      </trkpt>
      <trkpt lat="-9.280138" lon="-77.654015">
        <ele>2646.6</ele>
      </trkpt>
      <trkpt lat="-9.280083" lon="-77.654067">
        <ele>2646.6</ele>
      </trkpt>
      <trkpt lat="-9.280025" lon="-77.65413">
        <ele>2646.6</ele>
      </trkpt>
      <trkpt lat="-9.279975" lon="-77.654175">
        <ele>2646.2</ele>
      </trkpt>
      <trkpt lat="-9.279932" lon="-77.65422">
        <ele>2645.8</ele>
      </trkpt>
      <trkpt lat="-9.279892" lon="-77.654258">
        <ele>2645.8</ele>
      </trkpt>
      <trkpt lat="-9.279858" lon="-77.65429">
        <ele>2645.8</ele>
      </trkpt>
      <trkpt lat="-9.279825" lon="-77.654317">
        <ele>2645.6</ele>
      </trkpt>
      <trkpt lat="-9.279788" lon="-77.654355">
        <ele>2645.8</ele>
      </trkpt>
      <trkpt lat="-9.279748" lon="-77.654393">
        <ele>2645.8</ele>
      </trkpt>
      <trkpt lat="-9.279707" lon="-77.654443">
        <ele>2646</ele>
      </trkpt>
      <trkpt lat="-9.27966" lon="-77.654477">
        <ele>2646.2</ele>
      </trkpt>
      <trkpt lat="-9.27961" lon="-77.654527">
        <ele>2646.2</ele>
      </trkpt>
      <trkpt lat="-9.279562" lon="-77.654572">
        <ele>2646.2</ele>
      </trkpt>
      <trkpt lat="-9.279513" lon="-77.654623">
        <ele>2646.4</ele>
      </trkpt>
      <trkpt lat="-9.27946" lon="-77.654675">
        <ele>2647</ele>
      </trkpt>
      <trkpt lat="-9.279403" lon="-77.654732">
        <ele>2647.2</ele>
      </trkpt>
      <trkpt lat="-9.27936" lon="-77.65477">
        <ele>2647.2</ele>
      </trkpt>
      <trkpt lat="-9.279287" lon="-77.654822">
        <ele>2647.2</ele>
      </trkpt>
      <trkpt lat="-9.279232" lon="-77.654873">
        <ele>2647.6</ele>
      </trkpt>
      <trkpt lat="-9.279178" lon="-77.654923">
        <ele>2647.6</ele>
      </trkpt>
      <trkpt lat="-9.279125" lon="-77.654975">
        <ele>2647.6</ele>
      </trkpt>
      <trkpt lat="-9.279073" lon="-77.65502">
        <ele>2648.2</ele>
      </trkpt>
      <trkpt lat="-9.279023" lon="-77.655072">
        <ele>2648.2</ele>
      </trkpt>
      <trkpt lat="-9.27898" lon="-77.655128">
        <ele>2648.2</ele>
      </trkpt>
      <trkpt lat="-9.27894" lon="-77.655173">
        <ele>2648.2</ele>
      </trkpt>
      <trkpt lat="-9.2789" lon="-77.655218">
        <ele>2648.2</ele>
      </trkpt>
      <trkpt lat="-9.27886" lon="-77.65527">
        <ele>2648.2</ele>
      </trkpt>
      <trkpt lat="-9.278818" lon="-77.655308">
        <ele>2648.2</ele>
      </trkpt>
      <trkpt lat="-9.278783" lon="-77.655347">
        <ele>2648.2</ele>
      </trkpt>
      <trkpt lat="-9.278743" lon="-77.655398">
        <ele>2648.4</ele>
      </trkpt>
      <trkpt lat="-9.278692" lon="-77.655442">
        <ele>2648.4</ele>
      </trkpt>
      <trkpt lat="-9.27866" lon="-77.65548">
        <ele>2648.6</ele>
      </trkpt>
      <trkpt lat="-9.278615" lon="-77.655538">
        <ele>2648.8</ele>
      </trkpt>
      <trkpt lat="-9.278577" lon="-77.655583">
        <ele>2648.8</ele>
      </trkpt>
      <trkpt lat="-9.278538" lon="-77.65564">
        <ele>2648.2</ele>
      </trkpt>
      <trkpt lat="-9.2785" lon="-77.655698">
        <ele>2648.2</ele>
      </trkpt>
      <trkpt lat="-9.278458" lon="-77.655757">
        <ele>2648.4</ele>
      </trkpt>
      <trkpt lat="-9.278417" lon="-77.6558">
        <ele>2648.4</ele>
      </trkpt>
      <trkpt lat="-9.278367" lon="-77.655852">
        <ele>2648.4</ele>
      </trkpt>
      <trkpt lat="-9.278317" lon="-77.655897">
        <ele>2648.2</ele>
      </trkpt>
      <trkpt lat="-9.278268" lon="-77.655942">
        <ele>2648.2</ele>
      </trkpt>
      <trkpt lat="-9.278227" lon="-77.65598">
        <ele>2648.2</ele>
      </trkpt>
      <trkpt lat="-9.278183" lon="-77.656025">
        <ele>2648.2</ele>
      </trkpt>
      <trkpt lat="-9.278145" lon="-77.656063">
        <ele>2648.2</ele>
      </trkpt>
      <trkpt lat="-9.278115" lon="-77.656088">
        <ele>2648.2</ele>
      </trkpt>
      <trkpt lat="-9.278065" lon="-77.656133">
        <ele>2648.2</ele>
      </trkpt>
      <trkpt lat="-9.278033" lon="-77.656172">
        <ele>2647.8</ele>
      </trkpt>
      <trkpt lat="-9.278" lon="-77.656217">
        <ele>2647.6</ele>
      </trkpt>
      <trkpt lat="-9.277963" lon="-77.656255">
        <ele>2647.6</ele>
      </trkpt>
      <trkpt lat="-9.277925" lon="-77.6563">
        <ele>2648.2</ele>
      </trkpt>
      <trkpt lat="-9.277887" lon="-77.656352">
        <ele>2648.2</ele>
      </trkpt>
      <trkpt lat="-9.277847" lon="-77.656397">
        <ele>2648.8</ele>
      </trkpt>
      <trkpt lat="-9.2778" lon="-77.65644">
        <ele>2649.2</ele>
      </trkpt>
      <trkpt lat="-9.277758" lon="-77.656492">
        <ele>2649.2</ele>
      </trkpt>
      <trkpt lat="-9.277717" lon="-77.656537">
        <ele>2648.8</ele>
      </trkpt>
      <trkpt lat="-9.277673" lon="-77.656588">
        <ele>2648.6</ele>
      </trkpt>
      <trkpt lat="-9.277632" lon="-77.656633">
        <ele>2648.2</ele>
      </trkpt>
      <trkpt lat="-9.277592" lon="-77.656672">
        <ele>2648.2</ele>
      </trkpt>
      <trkpt lat="-9.277553" lon="-77.656717">
        <ele>2648.2</ele>
      </trkpt>
      <trkpt lat="-9.277513" lon="-77.656767">
        <ele>2648.2</ele>
      </trkpt>
      <trkpt lat="-9.27747" lon="-77.656812">
        <ele>2648.4</ele>
      </trkpt>
      <trkpt lat="-9.277435" lon="-77.65685">
        <ele>2649</ele>
      </trkpt>
      <trkpt lat="-9.27738" lon="-77.656915">
        <ele>2649.2</ele>
      </trkpt>
      <trkpt lat="-9.277335" lon="-77.656972">
        <ele>2649.2</ele>
      </trkpt>
      <trkpt lat="-9.27729" lon="-77.65703">
        <ele>2649.6</ele>
      </trkpt>
      <trkpt lat="-9.27725" lon="-77.657087">
        <ele>2649.6</ele>
      </trkpt>
      <trkpt lat="-9.277207" lon="-77.657145">
        <ele>2650</ele>
      </trkpt>
      <trkpt lat="-9.27717" lon="-77.65719">
        <ele>2650</ele>
      </trkpt>
      <trkpt lat="-9.27714" lon="-77.657215">
        <ele>2649.6</ele>
      </trkpt>
      <trkpt lat="-9.277115" lon="-77.65724">
        <ele>2649.6</ele>
      </trkpt>
      <trkpt lat="-9.277098" lon="-77.657267">
        <ele>2649.6</ele>
      </trkpt>
      <trkpt lat="-9.277082" lon="-77.65728">
        <ele>2649.6</ele>
      </trkpt>
      <trkpt lat="-9.277062" lon="-77.657305">
        <ele>2649.8</ele>
      </trkpt>
      <trkpt lat="-9.277038" lon="-77.65733">
        <ele>2650.2</ele>
      </trkpt>
      <trkpt lat="-9.277007" lon="-77.657368">
        <ele>2650.6</ele>
      </trkpt>
      <trkpt lat="-9.27698" lon="-77.657395">
        <ele>2650.6</ele>
      </trkpt>
      <trkpt lat="-9.276943" lon="-77.65744">
        <ele>2651</ele>
      </trkpt>
      <trkpt lat="-9.276913" lon="-77.657478">
        <ele>2651.4</ele>
      </trkpt>
      <trkpt lat="-9.27688" lon="-77.657522">
        <ele>2651.4</ele>
      </trkpt>
      <trkpt lat="-9.276848" lon="-77.657567">
        <ele>2651.4</ele>
      </trkpt>
      <trkpt lat="-9.27681" lon="-77.657612">
        <ele>2651.6</ele>
      </trkpt>
      <trkpt lat="-9.276775" lon="-77.65767">
        <ele>2652.6</ele>
      </trkpt>
      <trkpt lat="-9.276735" lon="-77.657715">
        <ele>2652.6</ele>
      </trkpt>
      <trkpt lat="-9.2767" lon="-77.657765">
        <ele>2652.4</ele>
      </trkpt>
      <trkpt lat="-9.276663" lon="-77.65781">
        <ele>2652.4</ele>
      </trkpt>
      <trkpt lat="-9.27663" lon="-77.657868">
        <ele>2652.8</ele>
      </trkpt>
      <trkpt lat="-9.276603" lon="-77.65792">
        <ele>2653</ele>
      </trkpt>
      <trkpt lat="-9.276577" lon="-77.65797">
        <ele>2653.2</ele>
      </trkpt>
      <trkpt lat="-9.276552" lon="-77.658028">
        <ele>2653.4</ele>
      </trkpt>
      <trkpt lat="-9.276532" lon="-77.658085">
        <ele>2653.4</ele>
      </trkpt>
      <trkpt lat="-9.276517" lon="-77.65815">
        <ele>2653.2</ele>
      </trkpt>
      <trkpt lat="-9.2765" lon="-77.658207">
        <ele>2653.2</ele>
      </trkpt>
      <trkpt lat="-9.276485" lon="-77.658272">
        <ele>2653</ele>
      </trkpt>
      <trkpt lat="-9.27647" lon="-77.658335">
        <ele>2653.2</ele>
      </trkpt>
      <trkpt lat="-9.276457" lon="-77.658387">
        <ele>2653</ele>
      </trkpt>
      <trkpt lat="-9.276447" lon="-77.658457">
        <ele>2653.2</ele>
      </trkpt>
      <trkpt lat="-9.276442" lon="-77.658515">
        <ele>2653.6</ele>
      </trkpt>
      <trkpt lat="-9.276438" lon="-77.658578">
        <ele>2653.6</ele>
      </trkpt>
      <trkpt lat="-9.276427" lon="-77.658637">
        <ele>2653.6</ele>
      </trkpt>
      <trkpt lat="-9.276418" lon="-77.6587">
        <ele>2653.8</ele>
      </trkpt>
      <trkpt lat="-9.2764" lon="-77.658758">
        <ele>2653.8</ele>
      </trkpt>
      <trkpt lat="-9.276387" lon="-77.658815">
        <ele>2653.8</ele>
      </trkpt>
      <trkpt lat="-9.276375" lon="-77.658873">
        <ele>2653.8</ele>
      </trkpt>
      <trkpt lat="-9.276358" lon="-77.658923">
        <ele>2654.8</ele>
      </trkpt>
      <trkpt lat="-9.276345" lon="-77.658988">
        <ele>2655.2</ele>
      </trkpt>
      <trkpt lat="-9.276338" lon="-77.659052">
        <ele>2655.2</ele>
      </trkpt>
      <trkpt lat="-9.276332" lon="-77.65911">
        <ele>2655</ele>
      </trkpt>
      <trkpt lat="-9.276332" lon="-77.659173">
        <ele>2654.2</ele>
      </trkpt>
      <trkpt lat="-9.276333" lon="-77.659225">
        <ele>2654.2</ele>
      </trkpt>
      <trkpt lat="-9.276337" lon="-77.659277">
        <ele>2654.8</ele>
      </trkpt>
      <trkpt lat="-9.27634" lon="-77.659333">
        <ele>2654.8</ele>
      </trkpt>
      <trkpt lat="-9.276342" lon="-77.659378">
        <ele>2654.2</ele>
      </trkpt>
      <trkpt lat="-9.276352" lon="-77.659423">
        <ele>2653.4</ele>
      </trkpt>
      <trkpt lat="-9.276382" lon="-77.659455">
        <ele>2653.2</ele>
      </trkpt>
      <trkpt lat="-9.276405" lon="-77.659468">
        <ele>2653.2</ele>
      </trkpt>
      <trkpt lat="-9.276432" lon="-77.659468">
        <ele>2653.4</ele>
      </trkpt>
      <trkpt lat="-9.276477" lon="-77.659475">
        <ele>2654</ele>
      </trkpt>
      <trkpt lat="-9.276535" lon="-77.659462">
        <ele>2654.2</ele>
      </trkpt>
      <trkpt lat="-9.276583" lon="-77.659462">
        <ele>2654.8</ele>
      </trkpt>
      <trkpt lat="-9.276635" lon="-77.659462">
        <ele>2655</ele>
      </trkpt>
      <trkpt lat="-9.276675" lon="-77.659475">
        <ele>2655</ele>
      </trkpt>
      <trkpt lat="-9.276708" lon="-77.6595">
        <ele>2655.4</ele>
      </trkpt>
      <trkpt lat="-9.276733" lon="-77.659538">
        <ele>2655.8</ele>
      </trkpt>
      <trkpt lat="-9.276748" lon="-77.659583">
        <ele>2656.2</ele>
      </trkpt>
      <trkpt lat="-9.276762" lon="-77.659635">
        <ele>2656.6</ele>
      </trkpt>
      <trkpt lat="-9.276778" lon="-77.659692">
        <ele>2657.4</ele>
      </trkpt>
      <trkpt lat="-9.27679" lon="-77.659737">
        <ele>2657.6</ele>
      </trkpt>
      <trkpt lat="-9.276802" lon="-77.659775">
        <ele>2657.8</ele>
      </trkpt>
      <trkpt lat="-9.276822" lon="-77.65982">
        <ele>2658</ele>
      </trkpt>
      <trkpt lat="-9.276853" lon="-77.659852">
        <ele>2658</ele>
      </trkpt>
      <trkpt lat="-9.276893" lon="-77.659865">
        <ele>2658.8</ele>
      </trkpt>
      <trkpt lat="-9.276933" lon="-77.659878">
        <ele>2659</ele>
      </trkpt>
      <trkpt lat="-9.276967" lon="-77.659858">
        <ele>2659.8</ele>
      </trkpt>
      <trkpt lat="-9.277" lon="-77.65982">
        <ele>2660.4</ele>
      </trkpt>
      <trkpt lat="-9.277032" lon="-77.659775">
        <ele>2661.4</ele>
      </trkpt>
      <trkpt lat="-9.277075" lon="-77.659718">
        <ele>2661.6</ele>
      </trkpt>
      <trkpt lat="-9.27712" lon="-77.659692">
        <ele>2662</ele>
      </trkpt>
      <trkpt lat="-9.277167" lon="-77.659653">
        <ele>2662.4</ele>
      </trkpt>
      <trkpt lat="-9.27722" lon="-77.659628">
        <ele>2663.4</ele>
      </trkpt>
      <trkpt lat="-9.27728" lon="-77.659615">
        <ele>2664.4</ele>
      </trkpt>
      <trkpt lat="-9.27735" lon="-77.659608">
        <ele>2664.8</ele>
      </trkpt>
      <trkpt lat="-9.277418" lon="-77.659597">
        <ele>2666</ele>
      </trkpt>
      <trkpt lat="-9.277487" lon="-77.659583">
        <ele>2667</ele>
      </trkpt>
      <trkpt lat="-9.277558" lon="-77.65957">
        <ele>2667.6</ele>
      </trkpt>
      <trkpt lat="-9.277628" lon="-77.659558">
        <ele>2668.4</ele>
      </trkpt>
      <trkpt lat="-9.2777" lon="-77.659552">
        <ele>2668.8</ele>
      </trkpt>
      <trkpt lat="-9.27777" lon="-77.659552">
        <ele>2669.4</ele>
      </trkpt>
      <trkpt lat="-9.277838" lon="-77.65957">
        <ele>2670.4</ele>
      </trkpt>
      <trkpt lat="-9.277902" lon="-77.659597">
        <ele>2671.2</ele>
      </trkpt>
      <trkpt lat="-9.277965" lon="-77.659628">
        <ele>2672.2</ele>
      </trkpt>
      <trkpt lat="-9.278033" lon="-77.65966">
        <ele>2673.2</ele>
      </trkpt>
      <trkpt lat="-9.278102" lon="-77.659705">
        <ele>2674.4</ele>
      </trkpt>
      <trkpt lat="-9.278168" lon="-77.65973">
        <ele>2675.8</ele>
      </trkpt>
      <trkpt lat="-9.27824" lon="-77.659743">
        <ele>2677</ele>
      </trkpt>
      <trkpt lat="-9.278307" lon="-77.659757">
        <ele>2678.2</ele>
      </trkpt>
      <trkpt lat="-9.278367" lon="-77.659768">
        <ele>2679.4</ele>
      </trkpt>
      <trkpt lat="-9.27842" lon="-77.659775">
        <ele>2680.4</ele>
      </trkpt>
      <trkpt lat="-9.278478" lon="-77.659782">
        <ele>2681.4</ele>
      </trkpt>
      <trkpt lat="-9.27853" lon="-77.659795">
        <ele>2682.2</ele>
      </trkpt>
      <trkpt lat="-9.278572" lon="-77.659813">
        <ele>2682.8</ele>
      </trkpt>
      <trkpt lat="-9.278598" lon="-77.659845">
        <ele>2683.2</ele>
      </trkpt>
      <trkpt lat="-9.278605" lon="-77.659878">
        <ele>2683.4</ele>
      </trkpt>
      <trkpt lat="-9.278577" lon="-77.659917">
        <ele>2684</ele>
      </trkpt>
      <trkpt lat="-9.278547" lon="-77.659942">
        <ele>2684.4</ele>
      </trkpt>
      <trkpt lat="-9.27851" lon="-77.659948">
        <ele>2685.2</ele>
      </trkpt>
      <trkpt lat="-9.27845" lon="-77.659948">
        <ele>2686.2</ele>
      </trkpt>
      <trkpt lat="-9.278392" lon="-77.659955">
        <ele>2686.8</ele>
      </trkpt>
      <trkpt lat="-9.278343" lon="-77.659987">
        <ele>2687.4</ele>
      </trkpt>
      <trkpt lat="-9.278317" lon="-77.660012">
        <ele>2687.4</ele>
      </trkpt>
      <trkpt lat="-9.278313" lon="-77.660043">
        <ele>2687.4</ele>
      </trkpt>
      <trkpt lat="-9.278333" lon="-77.660063">
        <ele>2687.6</ele>
      </trkpt>
      <trkpt lat="-9.278373" lon="-77.66007">
        <ele>2688</ele>
      </trkpt>
      <trkpt lat="-9.278422" lon="-77.660077">
        <ele>2688.4</ele>
      </trkpt>
      <trkpt lat="-9.278478" lon="-77.660077">
        <ele>2688.8</ele>
      </trkpt>
      <trkpt lat="-9.27854" lon="-77.660095">
        <ele>2689.2</ele>
      </trkpt>
      <trkpt lat="-9.278602" lon="-77.660115">
        <ele>2690</ele>
      </trkpt>
      <trkpt lat="-9.278668" lon="-77.660133">
        <ele>2691.4</ele>
      </trkpt>
      <trkpt lat="-9.27873" lon="-77.660153">
        <ele>2692.8</ele>
      </trkpt>
      <trkpt lat="-9.278797" lon="-77.660178">
        <ele>2693.8</ele>
      </trkpt>
      <trkpt lat="-9.278863" lon="-77.660192">
        <ele>2694.4</ele>
      </trkpt>
      <trkpt lat="-9.278928" lon="-77.660217">
        <ele>2695.2</ele>
      </trkpt>
      <trkpt lat="-9.279" lon="-77.660242">
        <ele>2696.8</ele>
      </trkpt>
      <trkpt lat="-9.279068" lon="-77.660255">
        <ele>2697</ele>
      </trkpt>
      <trkpt lat="-9.27914" lon="-77.660275">
        <ele>2697.4</ele>
      </trkpt>
      <trkpt lat="-9.279212" lon="-77.660313">
        <ele>2697.6</ele>
      </trkpt>
      <trkpt lat="-9.279277" lon="-77.660352">
        <ele>2698.4</ele>
      </trkpt>
      <trkpt lat="-9.279332" lon="-77.66039">
        <ele>2698.8</ele>
      </trkpt>
      <trkpt lat="-9.27939" lon="-77.660428">
        <ele>2699</ele>
      </trkpt>
      <trkpt lat="-9.279448" lon="-77.660473">
        <ele>2699.6</ele>
      </trkpt>
      <trkpt lat="-9.279502" lon="-77.660505">
        <ele>2700.8</ele>
      </trkpt>
      <trkpt lat="-9.279548" lon="-77.66053">
        <ele>2701.4</ele>
      </trkpt>
      <trkpt lat="-9.279588" lon="-77.660562">
        <ele>2702</ele>
      </trkpt>
      <trkpt lat="-9.279623" lon="-77.660582">
        <ele>2702.6</ele>
      </trkpt>
      <trkpt lat="-9.27966" lon="-77.660613">
        <ele>2703.4</ele>
      </trkpt>
      <trkpt lat="-9.279697" lon="-77.66064">
        <ele>2704.2</ele>
      </trkpt>
      <trkpt lat="-9.27974" lon="-77.660665">
        <ele>2704.6</ele>
      </trkpt>
      <trkpt lat="-9.279793" lon="-77.66069">
        <ele>2705</ele>
      </trkpt>
      <trkpt lat="-9.279847" lon="-77.660703">
        <ele>2706.2</ele>
      </trkpt>
      <trkpt lat="-9.279905" lon="-77.660722">
        <ele>2706.8</ele>
      </trkpt>
      <trkpt lat="-9.279965" lon="-77.660728">
        <ele>2707.2</ele>
      </trkpt>
      <trkpt lat="-9.280017" lon="-77.660735">
        <ele>2707.8</ele>
      </trkpt>
      <trkpt lat="-9.280067" lon="-77.660742">
        <ele>2708.2</ele>
      </trkpt>
      <trkpt lat="-9.28011" lon="-77.66076">
        <ele>2708.4</ele>
      </trkpt>
      <trkpt lat="-9.28014" lon="-77.66078">
        <ele>2709</ele>
      </trkpt>
      <trkpt lat="-9.280158" lon="-77.660812">
        <ele>2709.8</ele>
      </trkpt>
      <trkpt lat="-9.280157" lon="-77.660857">
        <ele>2710.2</ele>
      </trkpt>
      <trkpt lat="-9.280137" lon="-77.660888">
        <ele>2711</ele>
      </trkpt>
      <trkpt lat="-9.280097" lon="-77.660902">
        <ele>2711.2</ele>
      </trkpt>
      <trkpt lat="-9.280025" lon="-77.66092">
        <ele>2711.6</ele>
      </trkpt>
      <trkpt lat="-9.279967" lon="-77.660927">
        <ele>2712.2</ele>
      </trkpt>
      <trkpt lat="-9.279925" lon="-77.66094">
        <ele>2713.2</ele>
      </trkpt>
      <trkpt lat="-9.279892" lon="-77.660965">
        <ele>2713.8</ele>
      </trkpt>
      <trkpt lat="-9.279878" lon="-77.660985">
        <ele>2714</ele>
      </trkpt>
      <trkpt lat="-9.279885" lon="-77.661017">
        <ele>2714.8</ele>
      </trkpt>
      <trkpt lat="-9.279912" lon="-77.661042">
        <ele>2715</ele>
      </trkpt>
      <trkpt lat="-9.27996" lon="-77.661048">
        <ele>2715.6</ele>
      </trkpt>
      <trkpt lat="-9.28002" lon="-77.661042">
        <ele>2716.2</ele>
      </trkpt>
      <trkpt lat="-9.28009" lon="-77.661042">
        <ele>2716.6</ele>
      </trkpt>
      <trkpt lat="-9.28016" lon="-77.661048">
        <ele>2717</ele>
      </trkpt>
      <trkpt lat="-9.28024" lon="-77.661062">
        <ele>2718</ele>
      </trkpt>
      <trkpt lat="-9.280315" lon="-77.661093">
        <ele>2718.2</ele>
      </trkpt>
      <trkpt lat="-9.280382" lon="-77.66112">
        <ele>2718.8</ele>
      </trkpt>
      <trkpt lat="-9.280468" lon="-77.661138">
        <ele>2720</ele>
      </trkpt>
      <trkpt lat="-9.280553" lon="-77.661163">
        <ele>2720.8</ele>
      </trkpt>
      <trkpt lat="-9.28064" lon="-77.66117">
        <ele>2721.6</ele>
      </trkpt>
      <trkpt lat="-9.280722" lon="-77.661177">
        <ele>2722.4</ele>
      </trkpt>
      <trkpt lat="-9.280805" lon="-77.661183">
        <ele>2723.4</ele>
      </trkpt>
      <trkpt lat="-9.28089" lon="-77.661197">
        <ele>2724.2</ele>
      </trkpt>
      <trkpt lat="-9.280988" lon="-77.661197">
        <ele>2725</ele>
      </trkpt>
      <trkpt lat="-9.281048" lon="-77.661197">
        <ele>2726</ele>
      </trkpt>
      <trkpt lat="-9.281122" lon="-77.661197">
        <ele>2726.2</ele>
      </trkpt>
      <trkpt lat="-9.281187" lon="-77.661208">
        <ele>2726.2</ele>
      </trkpt>
      <trkpt lat="-9.281245" lon="-77.661222">
        <ele>2726.8</ele>
      </trkpt>
      <trkpt lat="-9.2813" lon="-77.66124">
        <ele>2726.8</ele>
      </trkpt>
      <trkpt lat="-9.28135" lon="-77.66124">
        <ele>2727</ele>
      </trkpt>
      <trkpt lat="-9.281395" lon="-77.661222">
        <ele>2727.2</ele>
      </trkpt>
      <trkpt lat="-9.281425" lon="-77.661202">
        <ele>2727.8</ele>
      </trkpt>
      <trkpt lat="-9.281435" lon="-77.66117">
        <ele>2727.8</ele>
      </trkpt>
      <trkpt lat="-9.281425" lon="-77.661125">
        <ele>2728.2</ele>
      </trkpt>
      <trkpt lat="-9.281405" lon="-77.661087">
        <ele>2728.8</ele>
      </trkpt>
      <trkpt lat="-9.28137" lon="-77.661048">
        <ele>2729.2</ele>
      </trkpt>
      <trkpt lat="-9.281327" lon="-77.66101">
        <ele>2729.6</ele>
      </trkpt>
      <trkpt lat="-9.281282" lon="-77.660972">
        <ele>2730.4</ele>
      </trkpt>
      <trkpt lat="-9.281207" lon="-77.660933">
        <ele>2731</ele>
      </trkpt>
      <trkpt lat="-9.28114" lon="-77.660895">
        <ele>2731.6</ele>
      </trkpt>
      <trkpt lat="-9.281077" lon="-77.660857">
        <ele>2731.8</ele>
      </trkpt>
      <trkpt lat="-9.281007" lon="-77.660812">
        <ele>2732.2</ele>
      </trkpt>
      <trkpt lat="-9.280958" lon="-77.660748">
        <ele>2733</ele>
      </trkpt>
      <trkpt lat="-9.2809" lon="-77.660697">
        <ele>2733.6</ele>
      </trkpt>
      <trkpt lat="-9.28085" lon="-77.66064">
        <ele>2733.8</ele>
      </trkpt>
      <trkpt lat="-9.280797" lon="-77.660582">
        <ele>2734</ele>
      </trkpt>
      <trkpt lat="-9.280743" lon="-77.66053">
        <ele>2734.4</ele>
      </trkpt>
      <trkpt lat="-9.280698" lon="-77.660473">
        <ele>2735</ele>
      </trkpt>
      <trkpt lat="-9.28066" lon="-77.660415">
        <ele>2735.6</ele>
      </trkpt>
      <trkpt lat="-9.280627" lon="-77.660352">
        <ele>2736.2</ele>
      </trkpt>
      <trkpt lat="-9.280602" lon="-77.660287">
        <ele>2736.8</ele>
      </trkpt>
      <trkpt lat="-9.28058" lon="-77.660217">
        <ele>2737.6</ele>
      </trkpt>
      <trkpt lat="-9.280558" lon="-77.660147">
        <ele>2738.2</ele>
      </trkpt>
      <trkpt lat="-9.280542" lon="-77.660077">
        <ele>2738.8</ele>
      </trkpt>
      <trkpt lat="-9.280538" lon="-77.660012">
        <ele>2739.8</ele>
      </trkpt>
      <trkpt lat="-9.280537" lon="-77.659948">
        <ele>2740.2</ele>
      </trkpt>
      <trkpt lat="-9.280542" lon="-77.659897">
        <ele>2740.4</ele>
      </trkpt>
      <trkpt lat="-9.280565" lon="-77.659845">
        <ele>2741</ele>
      </trkpt>
      <trkpt lat="-9.280597" lon="-77.659788">
        <ele>2741.8</ele>
      </trkpt>
      <trkpt lat="-9.280645" lon="-77.659757">
        <ele>2742.8</ele>
      </trkpt>
      <trkpt lat="-9.280705" lon="-77.65973">
        <ele>2743.6</ele>
      </trkpt>
      <trkpt lat="-9.280777" lon="-77.659718">
        <ele>2744.8</ele>
      </trkpt>
      <trkpt lat="-9.28085" lon="-77.659712">
        <ele>2745.4</ele>
      </trkpt>
      <trkpt lat="-9.28094" lon="-77.659718">
        <ele>2746.2</ele>
      </trkpt>
      <trkpt lat="-9.281022" lon="-77.65973">
        <ele>2747.2</ele>
      </trkpt>
      <trkpt lat="-9.281103" lon="-77.65975">
        <ele>2747.4</ele>
      </trkpt>
      <trkpt lat="-9.281187" lon="-77.659768">
        <ele>2748.2</ele>
      </trkpt>
      <trkpt lat="-9.281267" lon="-77.659788">
        <ele>2749.2</ele>
      </trkpt>
      <trkpt lat="-9.28134" lon="-77.659813">
        <ele>2749.6</ele>
      </trkpt>
      <trkpt lat="-9.281405" lon="-77.659845">
        <ele>2750</ele>
      </trkpt>
      <trkpt lat="-9.28147" lon="-77.659865">
        <ele>2750.8</ele>
      </trkpt>
      <trkpt lat="-9.28154" lon="-77.659872">
        <ele>2751.6</ele>
      </trkpt>
      <trkpt lat="-9.281613" lon="-77.659858">
        <ele>2752.4</ele>
      </trkpt>
      <trkpt lat="-9.281688" lon="-77.659845">
        <ele>2752.8</ele>
      </trkpt>
      <trkpt lat="-9.281768" lon="-77.65982">
        <ele>2753.4</ele>
      </trkpt>
      <trkpt lat="-9.281848" lon="-77.659788">
        <ele>2754.4</ele>
      </trkpt>
      <trkpt lat="-9.281927" lon="-77.659757">
        <ele>2754.8</ele>
      </trkpt>
      <trkpt lat="-9.282002" lon="-77.659718">
        <ele>2755</ele>
      </trkpt>
      <trkpt lat="-9.282078" lon="-77.659673">
        <ele>2755.4</ele>
      </trkpt>
      <trkpt lat="-9.282152" lon="-77.659635">
        <ele>2756.2</ele>
      </trkpt>
      <trkpt lat="-9.282223" lon="-77.659608">
        <ele>2756.8</ele>
      </trkpt>
      <trkpt lat="-9.282295" lon="-77.659577">
        <ele>2757.6</ele>
      </trkpt>
      <trkpt lat="-9.282363" lon="-77.659552">
        <ele>2757.8</ele>
      </trkpt>
      <trkpt lat="-9.282428" lon="-77.659532">
        <ele>2757.8</ele>
      </trkpt>
      <trkpt lat="-9.282477" lon="-77.659513">
        <ele>2757.6</ele>
      </trkpt>
      <trkpt lat="-9.282508" lon="-77.659513">
        <ele>2757.4</ele>
      </trkpt>
      <trkpt lat="-9.282537" lon="-77.659513">
        <ele>2757.4</ele>
      </trkpt>
      <trkpt lat="-9.282558" lon="-77.659532">
        <ele>2757.6</ele>
      </trkpt>
      <trkpt lat="-9.282573" lon="-77.659552">
        <ele>2758</ele>
      </trkpt>
      <trkpt lat="-9.282578" lon="-77.659583">
        <ele>2758.6</ele>
      </trkpt>
      <trkpt lat="-9.282572" lon="-77.659608">
        <ele>2759</ele>
      </trkpt>
      <trkpt lat="-9.282543" lon="-77.659628">
        <ele>2759.4</ele>
      </trkpt>
      <trkpt lat="-9.282513" lon="-77.659653">
        <ele>2759.6</ele>
      </trkpt>
      <trkpt lat="-9.282477" lon="-77.65966">
        <ele>2760.4</ele>
      </trkpt>
      <trkpt lat="-9.282433" lon="-77.659667">
        <ele>2761.4</ele>
      </trkpt>
      <trkpt lat="-9.282385" lon="-77.659685">
        <ele>2761.8</ele>
      </trkpt>
      <trkpt lat="-9.282342" lon="-77.659705">
        <ele>2761.8</ele>
      </trkpt>
      <trkpt lat="-9.2823" lon="-77.659737">
        <ele>2761.8</ele>
      </trkpt>
      <trkpt lat="-9.282253" lon="-77.659782">
        <ele>2761.8</ele>
      </trkpt>
      <trkpt lat="-9.282197" lon="-77.659827">
        <ele>2762.4</ele>
      </trkpt>
      <trkpt lat="-9.282138" lon="-77.659878">
        <ele>2763.6</ele>
      </trkpt>
      <trkpt lat="-9.282075" lon="-77.659935">
        <ele>2764.6</ele>
      </trkpt>
      <trkpt lat="-9.282012" lon="-77.659987">
        <ele>2764.8</ele>
      </trkpt>
      <trkpt lat="-9.281945" lon="-77.660043">
        <ele>2765</ele>
      </trkpt>
      <trkpt lat="-9.281887" lon="-77.660088">
        <ele>2765.2</ele>
      </trkpt>
      <trkpt lat="-9.281832" lon="-77.660133">
        <ele>2765.8</ele>
      </trkpt>
      <trkpt lat="-9.281783" lon="-77.660172">
        <ele>2766.6</ele>
      </trkpt>
      <trkpt lat="-9.281742" lon="-77.660223">
        <ele>2767.8</ele>
      </trkpt>
      <trkpt lat="-9.281708" lon="-77.660268">
        <ele>2768.6</ele>
      </trkpt>
      <trkpt lat="-9.281693" lon="-77.660332">
        <ele>2769.6</ele>
      </trkpt>
      <trkpt lat="-9.281695" lon="-77.660383">
        <ele>2769.8</ele>
      </trkpt>
      <trkpt lat="-9.281713" lon="-77.66044">
        <ele>2770.2</ele>
      </trkpt>
      <trkpt lat="-9.281743" lon="-77.660485">
        <ele>2770.2</ele>
      </trkpt>
      <trkpt lat="-9.281782" lon="-77.660505">
        <ele>2770.4</ele>
      </trkpt>
      <trkpt lat="-9.281823" lon="-77.660505">
        <ele>2770.2</ele>
      </trkpt>
      <trkpt lat="-9.28186" lon="-77.660485">
        <ele>2769.6</ele>
      </trkpt>
      <trkpt lat="-9.281893" lon="-77.660447">
        <ele>2769.6</ele>
      </trkpt>
      <trkpt lat="-9.281918" lon="-77.660402">
        <ele>2770.8</ele>
      </trkpt>
      <trkpt lat="-9.28194" lon="-77.660352">
        <ele>2771.2</ele>
      </trkpt>
      <trkpt lat="-9.281965" lon="-77.6603">
        <ele>2771.6</ele>
      </trkpt>
      <trkpt lat="-9.282005" lon="-77.660255">
        <ele>2772.4</ele>
      </trkpt>
      <trkpt lat="-9.282055" lon="-77.66021">
        <ele>2772.6</ele>
      </trkpt>
      <trkpt lat="-9.282115" lon="-77.660172">
        <ele>2773.2</ele>
      </trkpt>
      <trkpt lat="-9.282177" lon="-77.660133">
        <ele>2773.8</ele>
      </trkpt>
      <trkpt lat="-9.282245" lon="-77.660095">
        <ele>2774.8</ele>
      </trkpt>
      <trkpt lat="-9.28232" lon="-77.660057">
        <ele>2775</ele>
      </trkpt>
      <trkpt lat="-9.282393" lon="-77.660025">
        <ele>2775</ele>
      </trkpt>
      <trkpt lat="-9.282467" lon="-77.659987">
        <ele>2775.8</ele>
      </trkpt>
      <trkpt lat="-9.28254" lon="-77.659955">
        <ele>2775.8</ele>
      </trkpt>
      <trkpt lat="-9.282618" lon="-77.659917">
        <ele>2776.4</ele>
      </trkpt>
      <trkpt lat="-9.282698" lon="-77.65989">
        <ele>2777</ele>
      </trkpt>
      <trkpt lat="-9.282778" lon="-77.659865">
        <ele>2777.6</ele>
      </trkpt>
      <trkpt lat="-9.282857" lon="-77.659833">
        <ele>2778.6</ele>
      </trkpt>
      <trkpt lat="-9.282935" lon="-77.659813">
        <ele>2778.8</ele>
      </trkpt>
      <trkpt lat="-9.283" lon="-77.659788">
        <ele>2779.2</ele>
      </trkpt>
      <trkpt lat="-9.283055" lon="-77.659775">
        <ele>2779.8</ele>
      </trkpt>
      <trkpt lat="-9.2831" lon="-77.659757">
        <ele>2780</ele>
      </trkpt>
      <trkpt lat="-9.283128" lon="-77.65975">
        <ele>2780</ele>
      </trkpt>
      <trkpt lat="-9.283148" lon="-77.659743">
        <ele>2779.6</ele>
      </trkpt>
      <trkpt lat="-9.283167" lon="-77.65975">
        <ele>2779.6</ele>
      </trkpt>
      <trkpt lat="-9.283178" lon="-77.659775">
        <ele>2780.2</ele>
      </trkpt>
      <trkpt lat="-9.283178" lon="-77.659795">
        <ele>2780.8</ele>
      </trkpt>
      <trkpt lat="-9.283167" lon="-77.659813">
        <ele>2781.2</ele>
      </trkpt>
      <trkpt lat="-9.283147" lon="-77.659833">
        <ele>2781.6</ele>
      </trkpt>
      <trkpt lat="-9.283115" lon="-77.659845">
        <ele>2781.8</ele>
      </trkpt>
      <trkpt lat="-9.283078" lon="-77.659852">
        <ele>2781.8</ele>
      </trkpt>
      <trkpt lat="-9.283038" lon="-77.659858">
        <ele>2782.4</ele>
      </trkpt>
      <trkpt lat="-9.282993" lon="-77.659865">
        <ele>2783</ele>
      </trkpt>
      <trkpt lat="-9.282943" lon="-77.659897">
        <ele>2783.4</ele>
      </trkpt>
      <trkpt lat="-9.282897" lon="-77.659917">
        <ele>2783.8</ele>
      </trkpt>
      <trkpt lat="-9.28284" lon="-77.659948">
        <ele>2784.4</ele>
      </trkpt>
      <trkpt lat="-9.282785" lon="-77.659987">
        <ele>2785.4</ele>
      </trkpt>
      <trkpt lat="-9.282735" lon="-77.660025">
        <ele>2786.6</ele>
      </trkpt>
      <trkpt lat="-9.282682" lon="-77.660063">
        <ele>2787.4</ele>
      </trkpt>
      <trkpt lat="-9.282628" lon="-77.660108">
        <ele>2787.4</ele>
      </trkpt>
      <trkpt lat="-9.282578" lon="-77.660153">
        <ele>2787.2</ele>
      </trkpt>
      <trkpt lat="-9.282527" lon="-77.660203">
        <ele>2786.8</ele>
      </trkpt>
      <trkpt lat="-9.282482" lon="-77.660248">
        <ele>2786.8</ele>
      </trkpt>
      <trkpt lat="-9.28244" lon="-77.6603">
        <ele>2786.8</ele>
      </trkpt>
      <trkpt lat="-9.282407" lon="-77.660352">
        <ele>2787</ele>
      </trkpt>
      <trkpt lat="-9.282382" lon="-77.660408">
        <ele>2787.8</ele>
      </trkpt>
      <trkpt lat="-9.282363" lon="-77.660473">
        <ele>2788.4</ele>
      </trkpt>
      <trkpt lat="-9.282358" lon="-77.660543">
        <ele>2788.6</ele>
      </trkpt>
      <trkpt lat="-9.282358" lon="-77.6606">
        <ele>2788.8</ele>
      </trkpt>
      <trkpt lat="-9.282363" lon="-77.660652">
        <ele>2789.4</ele>
      </trkpt>
      <trkpt lat="-9.28238" lon="-77.66069">
        <ele>2790.6</ele>
      </trkpt>
      <trkpt lat="-9.282398" lon="-77.660722">
        <ele>2790.8</ele>
      </trkpt>
      <trkpt lat="-9.282422" lon="-77.660728">
        <ele>2791.4</ele>
      </trkpt>
      <trkpt lat="-9.282452" lon="-77.660735">
        <ele>2792</ele>
      </trkpt>
      <trkpt lat="-9.282478" lon="-77.660722">
        <ele>2792.2</ele>
      </trkpt>
      <trkpt lat="-9.282502" lon="-77.660697">
        <ele>2792.2</ele>
      </trkpt>
      <trkpt lat="-9.28252" lon="-77.660658">
        <ele>2792.4</ele>
      </trkpt>
      <trkpt lat="-9.282527" lon="-77.66062">
        <ele>2792.4</ele>
      </trkpt>
      <trkpt lat="-9.282528" lon="-77.660582">
        <ele>2792.8</ele>
      </trkpt>
      <trkpt lat="-9.282532" lon="-77.660537">
        <ele>2793</ele>
      </trkpt>
      <trkpt lat="-9.282538" lon="-77.660492">
        <ele>2793</ele>
      </trkpt>
      <trkpt lat="-9.282553" lon="-77.66044">
        <ele>2793</ele>
      </trkpt>
      <trkpt lat="-9.282578" lon="-77.660383">
        <ele>2793</ele>
      </trkpt>
      <trkpt lat="-9.282617" lon="-77.660338">
        <ele>2793.4</ele>
      </trkpt>
      <trkpt lat="-9.28266" lon="-77.660293">
        <ele>2793.6</ele>
      </trkpt>
      <trkpt lat="-9.28271" lon="-77.660255">
        <ele>2793.6</ele>
      </trkpt>
      <trkpt lat="-9.282765" lon="-77.660223">
        <ele>2793.8</ele>
      </trkpt>
      <trkpt lat="-9.282825" lon="-77.660192">
        <ele>2794.8</ele>
      </trkpt>
      <trkpt lat="-9.28289" lon="-77.660165">
        <ele>2795.2</ele>
      </trkpt>
      <trkpt lat="-9.282953" lon="-77.660133">
        <ele>2796</ele>
      </trkpt>
      <trkpt lat="-9.283018" lon="-77.660102">
        <ele>2796.4</ele>
      </trkpt>
      <trkpt lat="-9.283083" lon="-77.66007">
        <ele>2796.4</ele>
      </trkpt>
      <trkpt lat="-9.283148" lon="-77.66005">
        <ele>2796.6</ele>
      </trkpt>
      <trkpt lat="-9.283208" lon="-77.660018">
        <ele>2797.6</ele>
      </trkpt>
      <trkpt lat="-9.283263" lon="-77.659993">
        <ele>2798.2</ele>
      </trkpt>
      <trkpt lat="-9.283308" lon="-77.65998">
        <ele>2799</ele>
      </trkpt>
      <trkpt lat="-9.283342" lon="-77.659973">
        <ele>2799.2</ele>
      </trkpt>
      <trkpt lat="-9.283367" lon="-77.659967">
        <ele>2799.8</ele>
      </trkpt>
      <trkpt lat="-9.28339" lon="-77.659967">
        <ele>2800</ele>
      </trkpt>
      <trkpt lat="-9.283402" lon="-77.65998">
        <ele>2800.2</ele>
      </trkpt>
      <trkpt lat="-9.283412" lon="-77.660005">
        <ele>2800.6</ele>
      </trkpt>
      <trkpt lat="-9.283405" lon="-77.660025">
        <ele>2801</ele>
      </trkpt>
      <trkpt lat="-9.283392" lon="-77.66005">
        <ele>2802</ele>
      </trkpt>
      <trkpt lat="-9.283372" lon="-77.660063">
        <ele>2802.6</ele>
      </trkpt>
      <trkpt lat="-9.28334" lon="-77.66007">
        <ele>2802.8</ele>
      </trkpt>
      <trkpt lat="-9.283307" lon="-77.660077">
        <ele>2803</ele>
      </trkpt>
      <trkpt lat="-9.283272" lon="-77.660108">
        <ele>2803.6</ele>
      </trkpt>
      <trkpt lat="-9.283227" lon="-77.660133">
        <ele>2804</ele>
      </trkpt>
      <trkpt lat="-9.28318" lon="-77.660165">
        <ele>2804.2</ele>
      </trkpt>
      <trkpt lat="-9.28314" lon="-77.660185">
        <ele>2804.8</ele>
      </trkpt>
      <trkpt lat="-9.283098" lon="-77.660217">
        <ele>2805.2</ele>
      </trkpt>
      <trkpt lat="-9.283055" lon="-77.660255">
        <ele>2805.8</ele>
      </trkpt>
      <trkpt lat="-9.28302" lon="-77.660287">
        <ele>2806.6</ele>
      </trkpt>
      <trkpt lat="-9.282975" lon="-77.660332">
        <ele>2807</ele>
      </trkpt>
      <trkpt lat="-9.282923" lon="-77.660383">
        <ele>2807.2</ele>
      </trkpt>
      <trkpt lat="-9.282885" lon="-77.660447">
        <ele>2807.8</ele>
      </trkpt>
      <trkpt lat="-9.282852" lon="-77.660498">
        <ele>2808.6</ele>
      </trkpt>
      <trkpt lat="-9.282822" lon="-77.66055">
        <ele>2809.2</ele>
      </trkpt>
      <trkpt lat="-9.2828" lon="-77.660607">
        <ele>2809.6</ele>
      </trkpt>
      <trkpt lat="-9.282787" lon="-77.660658">
        <ele>2810</ele>
      </trkpt>
      <trkpt lat="-9.282778" lon="-77.66071">
        <ele>2810.2</ele>
      </trkpt>
      <trkpt lat="-9.282782" lon="-77.660773">
        <ele>2811</ele>
      </trkpt>
      <trkpt lat="-9.282802" lon="-77.660838">
        <ele>2811.8</ele>
      </trkpt>
      <trkpt lat="-9.282832" lon="-77.660895">
        <ele>2812</ele>
      </trkpt>
      <trkpt lat="-9.282872" lon="-77.66096">
        <ele>2812.4</ele>
      </trkpt>
      <trkpt lat="-9.282917" lon="-77.661017">
        <ele>2813.2</ele>
      </trkpt>
      <trkpt lat="-9.28296" lon="-77.661068">
        <ele>2813.6</ele>
      </trkpt>
      <trkpt lat="-9.283005" lon="-77.661132">
        <ele>2814.2</ele>
      </trkpt>
      <trkpt lat="-9.283048" lon="-77.661183">
        <ele>2814.6</ele>
      </trkpt>
      <trkpt lat="-9.28309" lon="-77.661247">
        <ele>2815.2</ele>
      </trkpt>
      <trkpt lat="-9.283133" lon="-77.661305">
        <ele>2816</ele>
      </trkpt>
      <trkpt lat="-9.283173" lon="-77.661362">
        <ele>2816.6</ele>
      </trkpt>
      <trkpt lat="-9.283217" lon="-77.66142">
        <ele>2817.2</ele>
      </trkpt>
      <trkpt lat="-9.283262" lon="-77.661478">
        <ele>2818</ele>
      </trkpt>
      <trkpt lat="-9.283312" lon="-77.661522">
        <ele>2818.6</ele>
      </trkpt>
      <trkpt lat="-9.283362" lon="-77.661567">
        <ele>2819.4</ele>
      </trkpt>
      <trkpt lat="-9.283418" lon="-77.661605">
        <ele>2820.2</ele>
      </trkpt>
      <trkpt lat="-9.283477" lon="-77.66165">
        <ele>2820.8</ele>
      </trkpt>
      <trkpt lat="-9.28354" lon="-77.661688">
        <ele>2821.6</ele>
      </trkpt>
      <trkpt lat="-9.2836" lon="-77.661727">
        <ele>2822.2</ele>
      </trkpt>
      <trkpt lat="-9.283663" lon="-77.661765">
        <ele>2822.6</ele>
      </trkpt>
      <trkpt lat="-9.283718" lon="-77.661798">
        <ele>2823</ele>
      </trkpt>
      <trkpt lat="-9.283762" lon="-77.66181">
        <ele>2823.8</ele>
      </trkpt>
      <trkpt lat="-9.283798" lon="-77.661823">
        <ele>2823.8</ele>
      </trkpt>
      <trkpt lat="-9.283828" lon="-77.661817">
        <ele>2824</ele>
      </trkpt>
      <trkpt lat="-9.28386" lon="-77.66181">
        <ele>2824.2</ele>
      </trkpt>
      <trkpt lat="-9.283878" lon="-77.661792">
        <ele>2824.4</ele>
      </trkpt>
      <trkpt lat="-9.283883" lon="-77.66176">
        <ele>2824.8</ele>
      </trkpt>
      <trkpt lat="-9.283877" lon="-77.661727">
        <ele>2825.2</ele>
      </trkpt>
      <trkpt lat="-9.283853" lon="-77.661702">
        <ele>2825.6</ele>
      </trkpt>
      <trkpt lat="-9.28382" lon="-77.661688">
        <ele>2826</ele>
      </trkpt>
      <trkpt lat="-9.283785" lon="-77.661677">
        <ele>2826</ele>
      </trkpt>
      <trkpt lat="-9.283745" lon="-77.661657">
        <ele>2826.2</ele>
      </trkpt>
      <trkpt lat="-9.283703" lon="-77.661643">
        <ele>2826.4</ele>
      </trkpt>
      <trkpt lat="-9.283663" lon="-77.661625">
        <ele>2826.6</ele>
      </trkpt>
      <trkpt lat="-9.28362" lon="-77.6616">
        <ele>2827.6</ele>
      </trkpt>
      <trkpt lat="-9.283577" lon="-77.661567">
        <ele>2829.4</ele>
      </trkpt>
      <trkpt lat="-9.283532" lon="-77.661528">
        <ele>2829.4</ele>
      </trkpt>
      <trkpt lat="-9.283492" lon="-77.661483">
        <ele>2828.8</ele>
      </trkpt>
      <trkpt lat="-9.283445" lon="-77.66144">
        <ele>2827.6</ele>
      </trkpt>
      <trkpt lat="-9.2834" lon="-77.661382">
        <ele>2827.2</ele>
      </trkpt>
      <trkpt lat="-9.283358" lon="-77.661323">
        <ele>2827.2</ele>
      </trkpt>
      <trkpt lat="-9.283327" lon="-77.66126">
        <ele>2827.8</ele>
      </trkpt>
      <trkpt lat="-9.283298" lon="-77.661202">
        <ele>2828.6</ele>
      </trkpt>
      <trkpt lat="-9.283273" lon="-77.661138">
        <ele>2829.6</ele>
      </trkpt>
      <trkpt lat="-9.283252" lon="-77.66108">
        <ele>2830</ele>
      </trkpt>
      <trkpt lat="-9.283237" lon="-77.661023">
        <ele>2830.4</ele>
      </trkpt>
      <trkpt lat="-9.283227" lon="-77.660965">
        <ele>2831.8</ele>
      </trkpt>
      <trkpt lat="-9.283232" lon="-77.660902">
        <ele>2833.2</ele>
      </trkpt>
      <trkpt lat="-9.283242" lon="-77.660838">
        <ele>2833.8</ele>
      </trkpt>
      <trkpt lat="-9.28326" lon="-77.660773">
        <ele>2834</ele>
      </trkpt>
      <trkpt lat="-9.283283" lon="-77.660703">
        <ele>2834</ele>
      </trkpt>
      <trkpt lat="-9.283317" lon="-77.660645">
        <ele>2834.6</ele>
      </trkpt>
      <trkpt lat="-9.283357" lon="-77.6606">
        <ele>2835</ele>
      </trkpt>
      <trkpt lat="-9.283405" lon="-77.660543">
        <ele>2835.6</ele>
      </trkpt>
      <trkpt lat="-9.28346" lon="-77.660505">
        <ele>2836.4</ele>
      </trkpt>
      <trkpt lat="-9.28352" lon="-77.660467">
        <ele>2837</ele>
      </trkpt>
      <trkpt lat="-9.283585" lon="-77.660422">
        <ele>2837.2</ele>
      </trkpt>
      <trkpt lat="-9.283657" lon="-77.660383">
        <ele>2838.2</ele>
      </trkpt>
      <trkpt lat="-9.283722" lon="-77.660338">
        <ele>2839.2</ele>
      </trkpt>
      <trkpt lat="-9.28379" lon="-77.660287">
        <ele>2839.8</ele>
      </trkpt>
      <trkpt lat="-9.283862" lon="-77.660242">
        <ele>2840.2</ele>
      </trkpt>
      <trkpt lat="-9.283933" lon="-77.660185">
        <ele>2841.4</ele>
      </trkpt>
      <trkpt lat="-9.284007" lon="-77.660127">
        <ele>2842.8</ele>
      </trkpt>
      <trkpt lat="-9.284078" lon="-77.66007">
        <ele>2843.4</ele>
      </trkpt>
      <trkpt lat="-9.284145" lon="-77.660018">
        <ele>2843.4</ele>
      </trkpt>
      <trkpt lat="-9.28421" lon="-77.659973">
        <ele>2843.6</ele>
      </trkpt>
      <trkpt lat="-9.284267" lon="-77.659928">
        <ele>2843.6</ele>
      </trkpt>
      <trkpt lat="-9.28431" lon="-77.659872">
        <ele>2843.8</ele>
      </trkpt>
      <trkpt lat="-9.284345" lon="-77.659813">
        <ele>2844.2</ele>
      </trkpt>
      <trkpt lat="-9.284365" lon="-77.65975">
        <ele>2845</ele>
      </trkpt>
      <trkpt lat="-9.28437" lon="-77.659685">
        <ele>2845.8</ele>
      </trkpt>
      <trkpt lat="-9.284368" lon="-77.659622">
        <ele>2846</ele>
      </trkpt>
      <trkpt lat="-9.284368" lon="-77.659558">
        <ele>2846.8</ele>
      </trkpt>
      <trkpt lat="-9.284378" lon="-77.659513">
        <ele>2847</ele>
      </trkpt>
      <trkpt lat="-9.284397" lon="-77.659468">
        <ele>2847</ele>
      </trkpt>
      <trkpt lat="-9.284422" lon="-77.659437">
        <ele>2847</ele>
      </trkpt>
      <trkpt lat="-9.284458" lon="-77.65941">
        <ele>2847.8</ele>
      </trkpt>
      <trkpt lat="-9.284502" lon="-77.659385">
        <ele>2848.2</ele>
      </trkpt>
      <trkpt lat="-9.284553" lon="-77.659372">
        <ele>2848.6</ele>
      </trkpt>
      <trkpt lat="-9.284607" lon="-77.65936">
        <ele>2849</ele>
      </trkpt>
      <trkpt lat="-9.28466" lon="-77.659347">
        <ele>2849.6</ele>
      </trkpt>
      <trkpt lat="-9.284718" lon="-77.65932">
        <ele>2850.6</ele>
      </trkpt>
      <trkpt lat="-9.284778" lon="-77.659295">
        <ele>2850.6</ele>
      </trkpt>
      <trkpt lat="-9.284838" lon="-77.65927">
        <ele>2851</ele>
      </trkpt>
      <trkpt lat="-9.284898" lon="-77.659238">
        <ele>2852</ele>
      </trkpt>
      <trkpt lat="-9.28496" lon="-77.659212">
        <ele>2853</ele>
      </trkpt>
      <trkpt lat="-9.28502" lon="-77.659173">
        <ele>2854</ele>
      </trkpt>
      <trkpt lat="-9.285078" lon="-77.659135">
        <ele>2854.2</ele>
      </trkpt>
      <trkpt lat="-9.285133" lon="-77.65909">
        <ele>2854.4</ele>
      </trkpt>
      <trkpt lat="-9.285185" lon="-77.659058">
        <ele>2855</ele>
      </trkpt>
      <trkpt lat="-9.285235" lon="-77.659027">
        <ele>2855.2</ele>
      </trkpt>
      <trkpt lat="-9.285275" lon="-77.659">
        <ele>2855.4</ele>
      </trkpt>
      <trkpt lat="-9.285307" lon="-77.659">
        <ele>2855.8</ele>
      </trkpt>
      <trkpt lat="-9.285332" lon="-77.65902">
        <ele>2856</ele>
      </trkpt>
      <trkpt lat="-9.28534" lon="-77.65904">
        <ele>2856.2</ele>
      </trkpt>
      <trkpt lat="-9.28534" lon="-77.659065">
        <ele>2856.8</ele>
      </trkpt>
      <trkpt lat="-9.285318" lon="-77.65909">
        <ele>2857.4</ele>
      </trkpt>
      <trkpt lat="-9.2853" lon="-77.659103">
        <ele>2857.6</ele>
      </trkpt>
      <trkpt lat="-9.28528" lon="-77.659122">
        <ele>2858.2</ele>
      </trkpt>
      <trkpt lat="-9.285252" lon="-77.659135">
        <ele>2859</ele>
      </trkpt>
      <trkpt lat="-9.285218" lon="-77.659148">
        <ele>2859.6</ele>
      </trkpt>
      <trkpt lat="-9.285188" lon="-77.65918">
        <ele>2859.6</ele>
      </trkpt>
      <trkpt lat="-9.285155" lon="-77.659212">
        <ele>2859.8</ele>
      </trkpt>
      <trkpt lat="-9.285115" lon="-77.659238">
        <ele>2860.2</ele>
      </trkpt>
      <trkpt lat="-9.285083" lon="-77.659277">
        <ele>2860.6</ele>
      </trkpt>
      <trkpt lat="-9.285045" lon="-77.659308">
        <ele>2860.6</ele>
      </trkpt>
      <trkpt lat="-9.285003" lon="-77.659353">
        <ele>2861.4</ele>
      </trkpt>
      <trkpt lat="-9.28496" lon="-77.659392">
        <ele>2862.4</ele>
      </trkpt>
      <trkpt lat="-9.28491" lon="-77.659448">
        <ele>2863</ele>
      </trkpt>
      <trkpt lat="-9.284865" lon="-77.659487">
        <ele>2863.8</ele>
      </trkpt>
      <trkpt lat="-9.284805" lon="-77.659538">
        <ele>2864.4</ele>
      </trkpt>
      <trkpt lat="-9.284753" lon="-77.659577">
        <ele>2864.4</ele>
      </trkpt>
      <trkpt lat="-9.284713" lon="-77.659615">
        <ele>2864.4</ele>
      </trkpt>
      <trkpt lat="-9.284678" lon="-77.659647">
        <ele>2864.6</ele>
      </trkpt>
      <trkpt lat="-9.284647" lon="-77.659685">
        <ele>2865.4</ele>
      </trkpt>
      <trkpt lat="-9.28462" lon="-77.659718">
        <ele>2866.4</ele>
      </trkpt>
      <trkpt lat="-9.284602" lon="-77.659768">
        <ele>2867.4</ele>
      </trkpt>
      <trkpt lat="-9.284588" lon="-77.65982">
        <ele>2867.4</ele>
      </trkpt>
      <trkpt lat="-9.284587" lon="-77.659872">
        <ele>2867.2</ele>
      </trkpt>
      <trkpt lat="-9.284587" lon="-77.659935">
        <ele>2867.2</ele>
      </trkpt>
      <trkpt lat="-9.284582" lon="-77.659993">
        <ele>2867</ele>
      </trkpt>
      <trkpt lat="-9.284572" lon="-77.660043">
        <ele>2867</ele>
      </trkpt>
      <trkpt lat="-9.284552" lon="-77.660095">
        <ele>2867</ele>
      </trkpt>
      <trkpt lat="-9.284523" lon="-77.660147">
        <ele>2868.8</ele>
      </trkpt>
      <trkpt lat="-9.28449" lon="-77.660203">
        <ele>2869.8</ele>
      </trkpt>
      <trkpt lat="-9.284448" lon="-77.660248">
        <ele>2871.2</ele>
      </trkpt>
      <trkpt lat="-9.284405" lon="-77.6603">
        <ele>2871.8</ele>
      </trkpt>
      <trkpt lat="-9.284363" lon="-77.660352">
        <ele>2871.8</ele>
      </trkpt>
      <trkpt lat="-9.284317" lon="-77.660402">
        <ele>2872.8</ele>
      </trkpt>
      <trkpt lat="-9.284275" lon="-77.660453">
        <ele>2873.2</ele>
      </trkpt>
      <trkpt lat="-9.284243" lon="-77.660498">
        <ele>2873.8</ele>
      </trkpt>
      <trkpt lat="-9.284205" lon="-77.660568">
        <ele>2874</ele>
      </trkpt>
      <trkpt lat="-9.284177" lon="-77.66062">
        <ele>2874.2</ele>
      </trkpt>
      <trkpt lat="-9.284157" lon="-77.660683">
        <ele>2875.4</ele>
      </trkpt>
      <trkpt lat="-9.28414" lon="-77.660742">
        <ele>2876.2</ele>
      </trkpt>
      <trkpt lat="-9.28412" lon="-77.660787">
        <ele>2876.4</ele>
      </trkpt>
      <trkpt lat="-9.284112" lon="-77.660818">
        <ele>2876.8</ele>
      </trkpt>
      <trkpt lat="-9.284115" lon="-77.660863">
        <ele>2877.2</ele>
      </trkpt>
      <trkpt lat="-9.284132" lon="-77.660908">
        <ele>2877.8</ele>
      </trkpt>
      <trkpt lat="-9.284158" lon="-77.66094">
        <ele>2878</ele>
      </trkpt>
      <trkpt lat="-9.284185" lon="-77.66094">
        <ele>2878.2</ele>
      </trkpt>
      <trkpt lat="-9.28421" lon="-77.66094">
        <ele>2878.8</ele>
      </trkpt>
      <trkpt lat="-9.28423" lon="-77.66092">
        <ele>2879</ele>
      </trkpt>
      <trkpt lat="-9.284247" lon="-77.660895">
        <ele>2879.4</ele>
      </trkpt>
      <trkpt lat="-9.28426" lon="-77.66087">
        <ele>2879.6</ele>
      </trkpt>
      <trkpt lat="-9.284265" lon="-77.660818">
        <ele>2879.8</ele>
      </trkpt>
      <trkpt lat="-9.284275" lon="-77.66078">
        <ele>2880</ele>
      </trkpt>
      <trkpt lat="-9.284285" lon="-77.660748">
        <ele>2880.2</ele>
      </trkpt>
      <trkpt lat="-9.2843" lon="-77.660722">
        <ele>2881</ele>
      </trkpt>
      <trkpt lat="-9.284325" lon="-77.660672">
        <ele>2881.2</ele>
      </trkpt>
      <trkpt lat="-9.284358" lon="-77.660645">
        <ele>2881.2</ele>
      </trkpt>
      <trkpt lat="-9.28439" lon="-77.660627">
        <ele>2881.6</ele>
      </trkpt>
      <trkpt lat="-9.284418" lon="-77.660607">
        <ele>2881.6</ele>
      </trkpt>
      <trkpt lat="-9.284448" lon="-77.660575">
        <ele>2882</ele>
      </trkpt>
      <trkpt lat="-9.284488" lon="-77.66055">
        <ele>2882.4</ele>
      </trkpt>
      <trkpt lat="-9.28453" lon="-77.660512">
        <ele>2882.6</ele>
      </trkpt>
      <trkpt lat="-9.284578" lon="-77.660473">
        <ele>2883.2</ele>
      </trkpt>
      <trkpt lat="-9.284627" lon="-77.660447">
        <ele>2884.2</ele>
      </trkpt>
      <trkpt lat="-9.28468" lon="-77.660408">
        <ele>2884.4</ele>
      </trkpt>
      <trkpt lat="-9.284733" lon="-77.66037">
        <ele>2884.6</ele>
      </trkpt>
      <trkpt lat="-9.28479" lon="-77.660332">
        <ele>2885.2</ele>
      </trkpt>
      <trkpt lat="-9.28484" lon="-77.660293">
        <ele>2885.4</ele>
      </trkpt>
      <trkpt lat="-9.284892" lon="-77.660248">
        <ele>2886</ele>
      </trkpt>
      <trkpt lat="-9.284937" lon="-77.66021">
        <ele>2886.2</ele>
      </trkpt>
      <trkpt lat="-9.284977" lon="-77.660178">
        <ele>2886.2</ele>
      </trkpt>
      <trkpt lat="-9.28502" lon="-77.660147">
        <ele>2886.4</ele>
      </trkpt>
      <trkpt lat="-9.28506" lon="-77.660115">
        <ele>2887</ele>
      </trkpt>
      <trkpt lat="-9.28509" lon="-77.660077">
        <ele>2887.4</ele>
      </trkpt>
      <trkpt lat="-9.28511" lon="-77.660032">
        <ele>2887.6</ele>
      </trkpt>
      <trkpt lat="-9.285122" lon="-77.659993">
        <ele>2887.8</ele>
      </trkpt>
      <trkpt lat="-9.28514" lon="-77.659948">
        <ele>2888</ele>
      </trkpt>
      <trkpt lat="-9.28515" lon="-77.659928">
        <ele>2888.4</ele>
      </trkpt>
      <trkpt lat="-9.285162" lon="-77.659903">
        <ele>2889</ele>
      </trkpt>
      <trkpt lat="-9.285182" lon="-77.65989">
        <ele>2889.2</ele>
      </trkpt>
      <trkpt lat="-9.285202" lon="-77.65989">
        <ele>2889.4</ele>
      </trkpt>
      <trkpt lat="-9.28523" lon="-77.659903">
        <ele>2889.8</ele>
      </trkpt>
      <trkpt lat="-9.285247" lon="-77.659917">
        <ele>2890</ele>
      </trkpt>
      <trkpt lat="-9.285252" lon="-77.659948">
        <ele>2890.6</ele>
      </trkpt>
      <trkpt lat="-9.285243" lon="-77.65998">
        <ele>2891.4</ele>
      </trkpt>
      <trkpt lat="-9.28523" lon="-77.660012">
        <ele>2892.2</ele>
      </trkpt>
      <trkpt lat="-9.285222" lon="-77.660043">
        <ele>2892.6</ele>
      </trkpt>
      <trkpt lat="-9.285208" lon="-77.66007">
        <ele>2892.6</ele>
      </trkpt>
      <trkpt lat="-9.285188" lon="-77.660108">
        <ele>2893.2</ele>
      </trkpt>
      <trkpt lat="-9.285168" lon="-77.660147">
        <ele>2893.4</ele>
      </trkpt>
      <trkpt lat="-9.28514" lon="-77.660185">
        <ele>2893.6</ele>
      </trkpt>
      <trkpt lat="-9.285108" lon="-77.660217">
        <ele>2894</ele>
      </trkpt>
      <trkpt lat="-9.285077" lon="-77.660262">
        <ele>2894.8</ele>
      </trkpt>
      <trkpt lat="-9.285043" lon="-77.660307">
        <ele>2895.4</ele>
      </trkpt>
      <trkpt lat="-9.28501" lon="-77.660352">
        <ele>2896</ele>
      </trkpt>
      <trkpt lat="-9.284977" lon="-77.660402">
        <ele>2897.4</ele>
      </trkpt>
      <trkpt lat="-9.284947" lon="-77.660447">
        <ele>2898.2</ele>
      </trkpt>
      <trkpt lat="-9.284918" lon="-77.660492">
        <ele>2898.2</ele>
      </trkpt>
      <trkpt lat="-9.284892" lon="-77.660537">
        <ele>2898.8</ele>
      </trkpt>
      <trkpt lat="-9.28487" lon="-77.660588">
        <ele>2900.2</ele>
      </trkpt>
      <trkpt lat="-9.28485" lon="-77.660645">
        <ele>2900.2</ele>
      </trkpt>
      <trkpt lat="-9.284835" lon="-77.66069">
        <ele>2900</ele>
      </trkpt>
      <trkpt lat="-9.284827" lon="-77.660742">
        <ele>2899.8</ele>
      </trkpt>
      <trkpt lat="-9.284822" lon="-77.66078">
        <ele>2899.8</ele>
      </trkpt>
      <trkpt lat="-9.284825" lon="-77.660818">
        <ele>2899.4</ele>
      </trkpt>
      <trkpt lat="-9.28484" lon="-77.660857">
        <ele>2899.2</ele>
      </trkpt>
      <trkpt lat="-9.284865" lon="-77.660888">
        <ele>2898.6</ele>
      </trkpt>
      <trkpt lat="-9.284905" lon="-77.660927">
        <ele>2898.6</ele>
      </trkpt>
      <trkpt lat="-9.284945" lon="-77.66096">
        <ele>2898.6</ele>
      </trkpt>
      <trkpt lat="-9.284992" lon="-77.660998">
        <ele>2899.4</ele>
      </trkpt>
      <trkpt lat="-9.28504" lon="-77.661042">
        <ele>2899.8</ele>
      </trkpt>
      <trkpt lat="-9.285083" lon="-77.661093">
        <ele>2900.4</ele>
      </trkpt>
      <trkpt lat="-9.285125" lon="-77.661145">
        <ele>2901.2</ele>
      </trkpt>
      <trkpt lat="-9.285163" lon="-77.661202">
        <ele>2901.8</ele>
      </trkpt>
      <trkpt lat="-9.285202" lon="-77.661253">
        <ele>2903.2</ele>
      </trkpt>
      <trkpt lat="-9.285238" lon="-77.661305">
        <ele>2904.4</ele>
      </trkpt>
      <trkpt lat="-9.285275" lon="-77.661357">
        <ele>2905.2</ele>
      </trkpt>
      <trkpt lat="-9.285312" lon="-77.661395">
        <ele>2905.4</ele>
      </trkpt>
      <trkpt lat="-9.285347" lon="-77.661427">
        <ele>2906.2</ele>
      </trkpt>
      <trkpt lat="-9.285388" lon="-77.661458">
        <ele>2906.8</ele>
      </trkpt>
      <trkpt lat="-9.285427" lon="-77.66149">
        <ele>2907.2</ele>
      </trkpt>
      <trkpt lat="-9.285457" lon="-77.661517">
        <ele>2907.2</ele>
      </trkpt>
      <trkpt lat="-9.285482" lon="-77.661528">
        <ele>2907.2</ele>
      </trkpt>
      <trkpt lat="-9.285512" lon="-77.661542">
        <ele>2907.6</ele>
      </trkpt>
      <trkpt lat="-9.285538" lon="-77.661542">
        <ele>2908.2</ele>
      </trkpt>
      <trkpt lat="-9.28556" lon="-77.661528">
        <ele>2908.8</ele>
      </trkpt>
      <trkpt lat="-9.285575" lon="-77.661517">
        <ele>2909.2</ele>
      </trkpt>
      <trkpt lat="-9.285577" lon="-77.66149">
        <ele>2909.4</ele>
      </trkpt>
      <trkpt lat="-9.285567" lon="-77.661465">
        <ele>2909.4</ele>
      </trkpt>
      <trkpt lat="-9.285545" lon="-77.66144">
        <ele>2909.6</ele>
      </trkpt>
      <trkpt lat="-9.285512" lon="-77.661413">
        <ele>2909.6</ele>
      </trkpt>
      <trkpt lat="-9.285465" lon="-77.661382">
        <ele>2909.8</ele>
      </trkpt>
      <trkpt lat="-9.28542" lon="-77.661357">
        <ele>2909.8</ele>
      </trkpt>
      <trkpt lat="-9.285387" lon="-77.661323">
        <ele>2910</ele>
      </trkpt>
      <trkpt lat="-9.285362" lon="-77.661292">
        <ele>2910.4</ele>
      </trkpt>
      <trkpt lat="-9.28534" lon="-77.661247">
        <ele>2910.4</ele>
      </trkpt>
      <trkpt lat="-9.285318" lon="-77.661197">
        <ele>2911.6</ele>
      </trkpt>
      <trkpt lat="-9.285297" lon="-77.661125">
        <ele>2912</ele>
      </trkpt>
      <trkpt lat="-9.285275" lon="-77.661055">
        <ele>2912.4</ele>
      </trkpt>
      <trkpt lat="-9.285253" lon="-77.660985">
        <ele>2912.4</ele>
      </trkpt>
      <trkpt lat="-9.285235" lon="-77.660927">
        <ele>2912.4</ele>
      </trkpt>
      <trkpt lat="-9.285227" lon="-77.660882">
        <ele>2912.6</ele>
      </trkpt>
      <trkpt lat="-9.285215" lon="-77.660838">
        <ele>2913.6</ele>
      </trkpt>
      <trkpt lat="-9.28521" lon="-77.6608">
        <ele>2914.2</ele>
      </trkpt>
      <trkpt lat="-9.285213" lon="-77.660748">
        <ele>2914.4</ele>
      </trkpt>
      <trkpt lat="-9.285228" lon="-77.66071">
        <ele>2914.8</ele>
      </trkpt>
      <trkpt lat="-9.285255" lon="-77.660665">
        <ele>2914.8</ele>
      </trkpt>
      <trkpt lat="-9.285293" lon="-77.66062">
        <ele>2915</ele>
      </trkpt>
      <trkpt lat="-9.285333" lon="-77.660582">
        <ele>2915.8</ele>
      </trkpt>
      <trkpt lat="-9.285377" lon="-77.660537">
        <ele>2916.4</ele>
      </trkpt>
      <trkpt lat="-9.285417" lon="-77.660505">
        <ele>2916.8</ele>
      </trkpt>
      <trkpt lat="-9.28547" lon="-77.660473">
        <ele>2917.2</ele>
      </trkpt>
      <trkpt lat="-9.285525" lon="-77.660447">
        <ele>2917.4</ele>
      </trkpt>
      <trkpt lat="-9.285585" lon="-77.660402">
        <ele>2917.8</ele>
      </trkpt>
      <trkpt lat="-9.285632" lon="-77.660352">
        <ele>2918.6</ele>
      </trkpt>
      <trkpt lat="-9.28568" lon="-77.660307">
        <ele>2919.6</ele>
      </trkpt>
      <trkpt lat="-9.285717" lon="-77.660268">
        <ele>2920</ele>
      </trkpt>
      <trkpt lat="-9.28577" lon="-77.66023">
        <ele>2920.2</ele>
      </trkpt>
      <trkpt lat="-9.285835" lon="-77.660192">
        <ele>2920.4</ele>
      </trkpt>
      <trkpt lat="-9.285895" lon="-77.660153">
        <ele>2921.2</ele>
      </trkpt>
      <trkpt lat="-9.285942" lon="-77.660133">
        <ele>2921.6</ele>
      </trkpt>
      <trkpt lat="-9.286007" lon="-77.660102">
        <ele>2922.2</ele>
      </trkpt>
      <trkpt lat="-9.286053" lon="-77.660077">
        <ele>2922.8</ele>
      </trkpt>
      <trkpt lat="-9.286087" lon="-77.660063">
        <ele>2923.8</ele>
      </trkpt>
      <trkpt lat="-9.286113" lon="-77.66005">
        <ele>2924.4</ele>
      </trkpt>
      <trkpt lat="-9.286133" lon="-77.660043">
        <ele>2924.6</ele>
      </trkpt>
      <trkpt lat="-9.286153" lon="-77.66005">
        <ele>2924.8</ele>
      </trkpt>
      <trkpt lat="-9.286172" lon="-77.660063">
        <ele>2925.2</ele>
      </trkpt>
      <trkpt lat="-9.286185" lon="-77.660077">
        <ele>2925.4</ele>
      </trkpt>
      <trkpt lat="-9.286192" lon="-77.660108">
        <ele>2925.6</ele>
      </trkpt>
      <trkpt lat="-9.286182" lon="-77.660147">
        <ele>2926</ele>
      </trkpt>
      <trkpt lat="-9.286158" lon="-77.660172">
        <ele>2926.4</ele>
      </trkpt>
      <trkpt lat="-9.286127" lon="-77.660185">
        <ele>2926.6</ele>
      </trkpt>
      <trkpt lat="-9.28608" lon="-77.660192">
        <ele>2927.2</ele>
      </trkpt>
      <trkpt lat="-9.286053" lon="-77.660203">
        <ele>2928</ele>
      </trkpt>
      <trkpt lat="-9.28602" lon="-77.660217">
        <ele>2928.4</ele>
      </trkpt>
      <trkpt lat="-9.285987" lon="-77.660248">
        <ele>2928.8</ele>
      </trkpt>
      <trkpt lat="-9.285958" lon="-77.660275">
        <ele>2929.2</ele>
      </trkpt>
      <trkpt lat="-9.28593" lon="-77.660325">
        <ele>2929.4</ele>
      </trkpt>
      <trkpt lat="-9.2859" lon="-77.660377">
        <ele>2929.6</ele>
      </trkpt>
      <trkpt lat="-9.285873" lon="-77.660415">
        <ele>2930</ele>
      </trkpt>
      <trkpt lat="-9.285835" lon="-77.660473">
        <ele>2930.6</ele>
      </trkpt>
      <trkpt lat="-9.285805" lon="-77.66053">
        <ele>2931.8</ele>
      </trkpt>
      <trkpt lat="-9.285783" lon="-77.6606">
        <ele>2932.4</ele>
      </trkpt>
      <trkpt lat="-9.285758" lon="-77.660658">
        <ele>2932.4</ele>
      </trkpt>
      <trkpt lat="-9.285733" lon="-77.66071">
        <ele>2932.6</ele>
      </trkpt>
      <trkpt lat="-9.28571" lon="-77.660767">
        <ele>2932.6</ele>
      </trkpt>
      <trkpt lat="-9.28569" lon="-77.660812">
        <ele>2933.8</ele>
      </trkpt>
      <trkpt lat="-9.285675" lon="-77.66085">
        <ele>2934.6</ele>
      </trkpt>
      <trkpt lat="-9.28567" lon="-77.660888">
        <ele>2935.4</ele>
      </trkpt>
      <trkpt lat="-9.28568" lon="-77.660947">
        <ele>2936.6</ele>
      </trkpt>
      <trkpt lat="-9.285697" lon="-77.660998">
        <ele>2937.8</ele>
      </trkpt>
      <trkpt lat="-9.285733" lon="-77.661023">
        <ele>2937.8</ele>
      </trkpt>
      <trkpt lat="-9.285783" lon="-77.661062">
        <ele>2937.8</ele>
      </trkpt>
      <trkpt lat="-9.28584" lon="-77.661087">
        <ele>2937.8</ele>
      </trkpt>
      <trkpt lat="-9.285902" lon="-77.661125">
        <ele>2938</ele>
      </trkpt>
      <trkpt lat="-9.285968" lon="-77.66117">
        <ele>2938.4</ele>
      </trkpt>
      <trkpt lat="-9.286033" lon="-77.661208">
        <ele>2939.2</ele>
      </trkpt>
      <trkpt lat="-9.286102" lon="-77.661253">
        <ele>2939.8</ele>
      </trkpt>
      <trkpt lat="-9.286167" lon="-77.661292">
        <ele>2941.4</ele>
      </trkpt>
      <trkpt lat="-9.28623" lon="-77.66133">
        <ele>2943.4</ele>
      </trkpt>
      <trkpt lat="-9.2863" lon="-77.661382">
        <ele>2944.2</ele>
      </trkpt>
      <trkpt lat="-9.28635" lon="-77.661427">
        <ele>2944.8</ele>
      </trkpt>
      <trkpt lat="-9.28638" lon="-77.661465">
        <ele>2945.4</ele>
      </trkpt>
      <trkpt lat="-9.28641" lon="-77.661503">
        <ele>2945.6</ele>
      </trkpt>
      <trkpt lat="-9.286443" lon="-77.661528">
        <ele>2945.6</ele>
      </trkpt>
      <trkpt lat="-9.286477" lon="-77.661542">
        <ele>2946</ele>
      </trkpt>
      <trkpt lat="-9.286503" lon="-77.661555">
        <ele>2947</ele>
      </trkpt>
      <trkpt lat="-9.28653" lon="-77.66156">
        <ele>2947.6</ele>
      </trkpt>
      <trkpt lat="-9.286565" lon="-77.66156">
        <ele>2947.6</ele>
      </trkpt>
      <trkpt lat="-9.286602" lon="-77.66156">
        <ele>2948</ele>
      </trkpt>
      <trkpt lat="-9.286642" lon="-77.66156">
        <ele>2949</ele>
      </trkpt>
      <trkpt lat="-9.286687" lon="-77.66156">
        <ele>2949.6</ele>
      </trkpt>
      <trkpt lat="-9.286733" lon="-77.66156">
        <ele>2950</ele>
      </trkpt>
      <trkpt lat="-9.28678" lon="-77.661567">
        <ele>2950.6</ele>
      </trkpt>
      <trkpt lat="-9.286822" lon="-77.661573">
        <ele>2951.2</ele>
      </trkpt>
      <trkpt lat="-9.286867" lon="-77.661593">
        <ele>2951.8</ele>
      </trkpt>
      <trkpt lat="-9.286917" lon="-77.6616">
        <ele>2952.4</ele>
      </trkpt>
      <trkpt lat="-9.286967" lon="-77.661618">
        <ele>2952.6</ele>
      </trkpt>
      <trkpt lat="-9.287017" lon="-77.661643">
        <ele>2952.8</ele>
      </trkpt>
      <trkpt lat="-9.287062" lon="-77.661677">
        <ele>2953.4</ele>
      </trkpt>
      <trkpt lat="-9.287097" lon="-77.661702">
        <ele>2954.4</ele>
      </trkpt>
      <trkpt lat="-9.287117" lon="-77.661733">
        <ele>2955.2</ele>
      </trkpt>
      <trkpt lat="-9.28714" lon="-77.661792">
        <ele>2955.6</ele>
      </trkpt>
      <trkpt lat="-9.287165" lon="-77.661837">
        <ele>2955.6</ele>
      </trkpt>
      <trkpt lat="-9.28718" lon="-77.661855">
        <ele>2955.4</ele>
      </trkpt>
      <trkpt lat="-9.287195" lon="-77.66188">
        <ele>2955</ele>
      </trkpt>
      <trkpt lat="-9.287223" lon="-77.661893">
        <ele>2955.2</ele>
      </trkpt>
      <trkpt lat="-9.287242" lon="-77.661887">
        <ele>2955.4</ele>
      </trkpt>
      <trkpt lat="-9.28726" lon="-77.661862">
        <ele>2955.8</ele>
      </trkpt>
      <trkpt lat="-9.287263" lon="-77.661837">
        <ele>2956.4</ele>
      </trkpt>
      <trkpt lat="-9.287255" lon="-77.661803">
        <ele>2956.8</ele>
      </trkpt>
      <trkpt lat="-9.28724" lon="-77.661765">
        <ele>2957.2</ele>
      </trkpt>
      <trkpt lat="-9.28722" lon="-77.661733">
        <ele>2957.6</ele>
      </trkpt>
      <trkpt lat="-9.287193" lon="-77.661688">
        <ele>2957.6</ele>
      </trkpt>
      <trkpt lat="-9.287165" lon="-77.66165">
        <ele>2958.6</ele>
      </trkpt>
      <trkpt lat="-9.287137" lon="-77.661612">
        <ele>2958.6</ele>
      </trkpt>
      <trkpt lat="-9.287103" lon="-77.661567">
        <ele>2959</ele>
      </trkpt>
      <trkpt lat="-9.287057" lon="-77.661522">
        <ele>2959</ele>
      </trkpt>
      <trkpt lat="-9.287002" lon="-77.661478">
        <ele>2959.8</ele>
      </trkpt>
      <trkpt lat="-9.286947" lon="-77.66144">
        <ele>2960</ele>
      </trkpt>
      <trkpt lat="-9.286892" lon="-77.661413">
        <ele>2960</ele>
      </trkpt>
      <trkpt lat="-9.286853" lon="-77.661395">
        <ele>2959.4</ele>
      </trkpt>
      <trkpt lat="-9.286802" lon="-77.661368">
        <ele>2959.4</ele>
      </trkpt>
      <trkpt lat="-9.286767" lon="-77.661343">
        <ele>2959.8</ele>
      </trkpt>
      <trkpt lat="-9.286732" lon="-77.661318">
        <ele>2960.4</ele>
      </trkpt>
      <trkpt lat="-9.286707" lon="-77.66128">
        <ele>2960.6</ele>
      </trkpt>
      <trkpt lat="-9.286692" lon="-77.661228">
        <ele>2960.8</ele>
      </trkpt>
      <trkpt lat="-9.286683" lon="-77.661177">
        <ele>2961</ele>
      </trkpt>
      <trkpt lat="-9.286687" lon="-77.661125">
        <ele>2961.8</ele>
      </trkpt>
      <trkpt lat="-9.286697" lon="-77.661068">
        <ele>2962.6</ele>
      </trkpt>
      <trkpt lat="-9.286708" lon="-77.66101">
        <ele>2963.8</ele>
      </trkpt>
      <trkpt lat="-9.286727" lon="-77.66096">
        <ele>2964.8</ele>
      </trkpt>
      <trkpt lat="-9.28674" lon="-77.66092">
        <ele>2965.6</ele>
      </trkpt>
      <trkpt lat="-9.286763" lon="-77.660857">
        <ele>2966</ele>
      </trkpt>
      <trkpt lat="-9.286788" lon="-77.6608">
        <ele>2966.4</ele>
      </trkpt>
      <trkpt lat="-9.28682" lon="-77.660742">
        <ele>2967</ele>
      </trkpt>
      <trkpt lat="-9.28686" lon="-77.660683">
        <ele>2967</ele>
      </trkpt>
      <trkpt lat="-9.286905" lon="-77.660627">
        <ele>2967.6</ele>
      </trkpt>
      <trkpt lat="-9.286962" lon="-77.660588">
        <ele>2967.6</ele>
      </trkpt>
      <trkpt lat="-9.287022" lon="-77.66055">
        <ele>2968</ele>
      </trkpt>
      <trkpt lat="-9.287087" lon="-77.66053">
        <ele>2968.4</ele>
      </trkpt>
      <trkpt lat="-9.28716" lon="-77.660512">
        <ele>2968.6</ele>
      </trkpt>
      <trkpt lat="-9.287228" lon="-77.660498">
        <ele>2968.6</ele>
      </trkpt>
      <trkpt lat="-9.287302" lon="-77.660492">
        <ele>2969.4</ele>
      </trkpt>
      <trkpt lat="-9.287377" lon="-77.660485">
        <ele>2970.8</ele>
      </trkpt>
      <trkpt lat="-9.287447" lon="-77.660473">
        <ele>2972.2</ele>
      </trkpt>
      <trkpt lat="-9.287513" lon="-77.660473">
        <ele>2972.8</ele>
      </trkpt>
      <trkpt lat="-9.287577" lon="-77.660467">
        <ele>2973.6</ele>
      </trkpt>
      <trkpt lat="-9.287632" lon="-77.660447">
        <ele>2973.8</ele>
      </trkpt>
      <trkpt lat="-9.287682" lon="-77.660428">
        <ele>2974</ele>
      </trkpt>
      <trkpt lat="-9.287725" lon="-77.660408">
        <ele>2974.2</ele>
      </trkpt>
      <trkpt lat="-9.28776" lon="-77.660383">
        <ele>2974.6</ele>
      </trkpt>
      <trkpt lat="-9.28779" lon="-77.66037">
        <ele>2975</ele>
      </trkpt>
      <trkpt lat="-9.287817" lon="-77.660363">
        <ele>2975.2</ele>
      </trkpt>
      <trkpt lat="-9.28784" lon="-77.66037">
        <ele>2975.2</ele>
      </trkpt>
      <trkpt lat="-9.28786" lon="-77.66039">
        <ele>2975.2</ele>
      </trkpt>
      <trkpt lat="-9.287875" lon="-77.660408">
        <ele>2975.2</ele>
      </trkpt>
      <trkpt lat="-9.28788" lon="-77.66044">
        <ele>2975.6</ele>
      </trkpt>
      <trkpt lat="-9.287875" lon="-77.66046">
        <ele>2976.2</ele>
      </trkpt>
      <trkpt lat="-9.287857" lon="-77.660485">
        <ele>2976.6</ele>
      </trkpt>
      <trkpt lat="-9.28783" lon="-77.660505">
        <ele>2977.4</ele>
      </trkpt>
      <trkpt lat="-9.287797" lon="-77.66053">
        <ele>2977.6</ele>
      </trkpt>
      <trkpt lat="-9.287757" lon="-77.66055">
        <ele>2978</ele>
      </trkpt>
      <trkpt lat="-9.28772" lon="-77.660582">
        <ele>2978.4</ele>
      </trkpt>
      <trkpt lat="-9.28768" lon="-77.660613">
        <ele>2979.2</ele>
      </trkpt>
      <trkpt lat="-9.28764" lon="-77.660645">
        <ele>2979.8</ele>
      </trkpt>
      <trkpt lat="-9.287607" lon="-77.660672">
        <ele>2980</ele>
      </trkpt>
      <trkpt lat="-9.287562" lon="-77.660722">
        <ele>2980.2</ele>
      </trkpt>
      <trkpt lat="-9.287527" lon="-77.660767">
        <ele>2981.2</ele>
      </trkpt>
      <trkpt lat="-9.287492" lon="-77.660812">
        <ele>2982.2</ele>
      </trkpt>
      <trkpt lat="-9.287457" lon="-77.660857">
        <ele>2983</ele>
      </trkpt>
      <trkpt lat="-9.287432" lon="-77.66092">
        <ele>2983.4</ele>
      </trkpt>
      <trkpt lat="-9.287412" lon="-77.660972">
        <ele>2984</ele>
      </trkpt>
      <trkpt lat="-9.287402" lon="-77.661037">
        <ele>2985</ele>
      </trkpt>
      <trkpt lat="-9.2874" lon="-77.661087">
        <ele>2985.2</ele>
      </trkpt>
      <trkpt lat="-9.2874" lon="-77.661145">
        <ele>2985.4</ele>
      </trkpt>
      <trkpt lat="-9.287402" lon="-77.661197">
        <ele>2985.4</ele>
      </trkpt>
      <trkpt lat="-9.287413" lon="-77.661247">
        <ele>2986.8</ele>
      </trkpt>
      <trkpt lat="-9.287428" lon="-77.661292">
        <ele>2989.4</ele>
      </trkpt>
      <trkpt lat="-9.287452" lon="-77.661337">
        <ele>2989.4</ele>
      </trkpt>
      <trkpt lat="-9.287483" lon="-77.661375">
        <ele>2989</ele>
      </trkpt>
      <trkpt lat="-9.287528" lon="-77.661413">
        <ele>2988.6</ele>
      </trkpt>
      <trkpt lat="-9.28758" lon="-77.66144">
        <ele>2988</ele>
      </trkpt>
      <trkpt lat="-9.287637" lon="-77.661465">
        <ele>2987.2</ele>
      </trkpt>
      <trkpt lat="-9.287692" lon="-77.66149">
        <ele>2987.2</ele>
      </trkpt>
      <trkpt lat="-9.287752" lon="-77.661522">
        <ele>2989</ele>
      </trkpt>
      <trkpt lat="-9.287815" lon="-77.66156">
        <ele>2990.2</ele>
      </trkpt>
      <trkpt lat="-9.287875" lon="-77.661593">
        <ele>2990.8</ele>
      </trkpt>
      <trkpt lat="-9.28793" lon="-77.661625">
        <ele>2991.4</ele>
      </trkpt>
      <trkpt lat="-9.287985" lon="-77.661677">
        <ele>2993.6</ele>
      </trkpt>
      <trkpt lat="-9.288035" lon="-77.66172">
        <ele>2995.4</ele>
      </trkpt>
      <trkpt lat="-9.288083" lon="-77.661765">
        <ele>2996.2</ele>
      </trkpt>
      <trkpt lat="-9.288137" lon="-77.66181">
        <ele>2996.8</ele>
      </trkpt>
      <trkpt lat="-9.288193" lon="-77.661848">
        <ele>2997.6</ele>
      </trkpt>
      <trkpt lat="-9.28824" lon="-77.66188">
        <ele>2998.8</ele>
      </trkpt>
      <trkpt lat="-9.288285" lon="-77.6619">
        <ele>3000</ele>
      </trkpt>
      <trkpt lat="-9.288327" lon="-77.661925">
        <ele>3001</ele>
      </trkpt>
      <trkpt lat="-9.288372" lon="-77.661963">
        <ele>3001.6</ele>
      </trkpt>
      <trkpt lat="-9.288398" lon="-77.662002">
        <ele>3001.6</ele>
      </trkpt>
      <trkpt lat="-9.288412" lon="-77.662053">
        <ele>3002</ele>
      </trkpt>
      <trkpt lat="-9.288402" lon="-77.662092">
        <ele>3002</ele>
      </trkpt>
      <trkpt lat="-9.288385" lon="-77.66213">
        <ele>3002.8</ele>
      </trkpt>
      <trkpt lat="-9.288357" lon="-77.662168">
        <ele>3003.8</ele>
      </trkpt>
      <trkpt lat="-9.288337" lon="-77.662213">
        <ele>3004.4</ele>
      </trkpt>
      <trkpt lat="-9.288322" lon="-77.662272">
        <ele>3005.4</ele>
      </trkpt>
      <trkpt lat="-9.288312" lon="-77.662348">
        <ele>3006.2</ele>
      </trkpt>
      <trkpt lat="-9.288318" lon="-77.662393">
        <ele>3007</ele>
      </trkpt>
      <trkpt lat="-9.288337" lon="-77.662432">
        <ele>3007.4</ele>
      </trkpt>
      <trkpt lat="-9.288365" lon="-77.662482">
        <ele>3008.4</ele>
      </trkpt>
      <trkpt lat="-9.288405" lon="-77.66252">
        <ele>3008.8</ele>
      </trkpt>
      <trkpt lat="-9.28844" lon="-77.662565">
        <ele>3009.6</ele>
      </trkpt>
      <trkpt lat="-9.28848" lon="-77.66261">
        <ele>3010.6</ele>
      </trkpt>
      <trkpt lat="-9.288517" lon="-77.662668">
        <ele>3011.2</ele>
      </trkpt>
      <trkpt lat="-9.288543" lon="-77.662725">
        <ele>3012.2</ele>
      </trkpt>
      <trkpt lat="-9.288563" lon="-77.66279">
        <ele>3013</ele>
      </trkpt>
      <trkpt lat="-9.28858" lon="-77.66284">
        <ele>3013.8</ele>
      </trkpt>
      <trkpt lat="-9.288585" lon="-77.662885">
        <ele>3014.6</ele>
      </trkpt>
      <trkpt lat="-9.288588" lon="-77.662918">
        <ele>3015.4</ele>
      </trkpt>
      <trkpt lat="-9.28857" lon="-77.662923">
        <ele>3015.6</ele>
      </trkpt>
      <trkpt lat="-9.288555" lon="-77.66295">
        <ele>3015.6</ele>
      </trkpt>
      <trkpt lat="-9.288525" lon="-77.662957">
        <ele>3015.6</ele>
      </trkpt>
      <trkpt lat="-9.288495" lon="-77.662962">
        <ele>3015.8</ele>
      </trkpt>
      <trkpt lat="-9.288457" lon="-77.662962">
        <ele>3016</ele>
      </trkpt>
      <trkpt lat="-9.288415" lon="-77.662957">
        <ele>3016.2</ele>
      </trkpt>
      <trkpt lat="-9.288367" lon="-77.66295">
        <ele>3016.4</ele>
      </trkpt>
      <trkpt lat="-9.288318" lon="-77.66293">
        <ele>3016.4</ele>
      </trkpt>
      <trkpt lat="-9.288267" lon="-77.66293">
        <ele>3016.8</ele>
      </trkpt>
      <trkpt lat="-9.288208" lon="-77.662918">
        <ele>3016.8</ele>
      </trkpt>
      <trkpt lat="-9.288152" lon="-77.662912">
        <ele>3017.6</ele>
      </trkpt>
      <trkpt lat="-9.288097" lon="-77.662905">
        <ele>3018</ele>
      </trkpt>
      <trkpt lat="-9.288042" lon="-77.662905">
        <ele>3018</ele>
      </trkpt>
      <trkpt lat="-9.28799" lon="-77.662905">
        <ele>3018.4</ele>
      </trkpt>
      <trkpt lat="-9.28794" lon="-77.662912">
        <ele>3018.6</ele>
      </trkpt>
      <trkpt lat="-9.28789" lon="-77.662923">
        <ele>3019.2</ele>
      </trkpt>
      <trkpt lat="-9.287843" lon="-77.66295">
        <ele>3019.4</ele>
      </trkpt>
      <trkpt lat="-9.287797" lon="-77.662988">
        <ele>3019.8</ele>
      </trkpt>
      <trkpt lat="-9.287755" lon="-77.663027">
        <ele>3020.4</ele>
      </trkpt>
      <trkpt lat="-9.287712" lon="-77.663072">
        <ele>3020.8</ele>
      </trkpt>
      <trkpt lat="-9.28767" lon="-77.663117">
        <ele>3021</ele>
      </trkpt>
      <trkpt lat="-9.28762" lon="-77.663155">
        <ele>3021.4</ele>
      </trkpt>
      <trkpt lat="-9.287567" lon="-77.663193">
        <ele>3021.8</ele>
      </trkpt>
      <trkpt lat="-9.287508" lon="-77.663212">
        <ele>3022.6</ele>
      </trkpt>
      <trkpt lat="-9.287453" lon="-77.663238">
        <ele>3023.2</ele>
      </trkpt>
      <trkpt lat="-9.287398" lon="-77.66325">
        <ele>3024</ele>
      </trkpt>
      <trkpt lat="-9.287342" lon="-77.663277">
        <ele>3025</ele>
      </trkpt>
      <trkpt lat="-9.287288" lon="-77.663308">
        <ele>3025.4</ele>
      </trkpt>
      <trkpt lat="-9.287233" lon="-77.66334">
        <ele>3026.4</ele>
      </trkpt>
      <trkpt lat="-9.28718" lon="-77.663365">
        <ele>3027</ele>
      </trkpt>
      <trkpt lat="-9.287123" lon="-77.663403">
        <ele>3028.4</ele>
      </trkpt>
      <trkpt lat="-9.287072" lon="-77.663442">
        <ele>3029.2</ele>
      </trkpt>
      <trkpt lat="-9.28702" lon="-77.6635">
        <ele>3030</ele>
      </trkpt>
      <trkpt lat="-9.286978" lon="-77.663552">
        <ele>3030.6</ele>
      </trkpt>
      <trkpt lat="-9.286952" lon="-77.663597">
        <ele>3031</ele>
      </trkpt>
      <trkpt lat="-9.286932" lon="-77.663667">
        <ele>3032.8</ele>
      </trkpt>
      <trkpt lat="-9.286917" lon="-77.663737">
        <ele>3034.2</ele>
      </trkpt>
      <trkpt lat="-9.286905" lon="-77.663807">
        <ele>3035.2</ele>
      </trkpt>
      <trkpt lat="-9.286893" lon="-77.663883">
        <ele>3035.2</ele>
      </trkpt>
      <trkpt lat="-9.286882" lon="-77.663948">
        <ele>3035.4</ele>
      </trkpt>
      <trkpt lat="-9.286857" lon="-77.664025">
        <ele>3035.8</ele>
      </trkpt>
      <trkpt lat="-9.286827" lon="-77.664082">
        <ele>3037.2</ele>
      </trkpt>
      <trkpt lat="-9.286802" lon="-77.664147">
        <ele>3038.4</ele>
      </trkpt>
      <trkpt lat="-9.286778" lon="-77.664198">
        <ele>3039.2</ele>
      </trkpt>
      <trkpt lat="-9.28676" lon="-77.664255">
        <ele>3040.2</ele>
      </trkpt>
      <trkpt lat="-9.286757" lon="-77.664313">
        <ele>3041</ele>
      </trkpt>
      <trkpt lat="-9.28676" lon="-77.664377">
        <ele>3042.2</ele>
      </trkpt>
      <trkpt lat="-9.286767" lon="-77.664435">
        <ele>3043.2</ele>
      </trkpt>
      <trkpt lat="-9.286783" lon="-77.664498">
        <ele>3043.4</ele>
      </trkpt>
      <trkpt lat="-9.286807" lon="-77.66455">
        <ele>3044.2</ele>
      </trkpt>
      <trkpt lat="-9.286847" lon="-77.6646">
        <ele>3045</ele>
      </trkpt>
      <trkpt lat="-9.28689" lon="-77.664652">
        <ele>3046</ele>
      </trkpt>
      <trkpt lat="-9.286938" lon="-77.664678">
        <ele>3046.6</ele>
      </trkpt>
      <trkpt lat="-9.286998" lon="-77.66471">
        <ele>3047.6</ele>
      </trkpt>
      <trkpt lat="-9.287057" lon="-77.664735">
        <ele>3048.2</ele>
      </trkpt>
      <trkpt lat="-9.287117" lon="-77.66476">
        <ele>3048.4</ele>
      </trkpt>
      <trkpt lat="-9.287175" lon="-77.664793">
        <ele>3049</ele>
      </trkpt>
      <trkpt lat="-9.28724" lon="-77.664825">
        <ele>3049.6</ele>
      </trkpt>
      <trkpt lat="-9.287305" lon="-77.66485">
        <ele>3050.8</ele>
      </trkpt>
      <trkpt lat="-9.287372" lon="-77.664888">
        <ele>3051.4</ele>
      </trkpt>
      <trkpt lat="-9.287428" lon="-77.66492">
        <ele>3052.2</ele>
      </trkpt>
      <trkpt lat="-9.287487" lon="-77.664953">
        <ele>3053</ele>
      </trkpt>
      <trkpt lat="-9.287547" lon="-77.664978">
        <ele>3054.4</ele>
      </trkpt>
      <trkpt lat="-9.287602" lon="-77.664998">
        <ele>3055.4</ele>
      </trkpt>
      <trkpt lat="-9.287652" lon="-77.665017">
        <ele>3056.4</ele>
      </trkpt>
      <trkpt lat="-9.287695" lon="-77.665023">
        <ele>3056.8</ele>
      </trkpt>
      <trkpt lat="-9.287725" lon="-77.665023">
        <ele>3057</ele>
      </trkpt>
      <trkpt lat="-9.287752" lon="-77.665023">
        <ele>3057.8</ele>
      </trkpt>
      <trkpt lat="-9.287772" lon="-77.66501">
        <ele>3058.2</ele>
      </trkpt>
      <trkpt lat="-9.287783" lon="-77.664985">
        <ele>3058.4</ele>
      </trkpt>
      <trkpt lat="-9.287783" lon="-77.664958">
        <ele>3058.8</ele>
      </trkpt>
      <trkpt lat="-9.287767" lon="-77.66494">
        <ele>3059.6</ele>
      </trkpt>
      <trkpt lat="-9.287735" lon="-77.664908">
        <ele>3060</ele>
      </trkpt>
      <trkpt lat="-9.287697" lon="-77.664888">
        <ele>3060.4</ele>
      </trkpt>
      <trkpt lat="-9.287655" lon="-77.664863">
        <ele>3060.6</ele>
      </trkpt>
      <trkpt lat="-9.287618" lon="-77.66485">
        <ele>3060.8</ele>
      </trkpt>
      <trkpt lat="-9.287578" lon="-77.664818">
        <ele>3061</ele>
      </trkpt>
      <trkpt lat="-9.287533" lon="-77.66478">
        <ele>3061</ele>
      </trkpt>
      <trkpt lat="-9.287492" lon="-77.664735">
        <ele>3061.4</ele>
      </trkpt>
      <trkpt lat="-9.287443" lon="-77.664697">
        <ele>3061.6</ele>
      </trkpt>
      <trkpt lat="-9.287407" lon="-77.664658">
        <ele>3062.2</ele>
      </trkpt>
      <trkpt lat="-9.287368" lon="-77.66462">
        <ele>3063</ele>
      </trkpt>
      <trkpt lat="-9.287342" lon="-77.664575">
        <ele>3063.2</ele>
      </trkpt>
      <trkpt lat="-9.287323" lon="-77.664523">
        <ele>3064</ele>
      </trkpt>
      <trkpt lat="-9.287322" lon="-77.66448">
        <ele>3064.4</ele>
      </trkpt>
      <trkpt lat="-9.287328" lon="-77.664435">
        <ele>3064.8</ele>
      </trkpt>
      <trkpt lat="-9.287348" lon="-77.664383">
        <ele>3064.8</ele>
      </trkpt>
      <trkpt lat="-9.287372" lon="-77.664338">
        <ele>3065</ele>
      </trkpt>
      <trkpt lat="-9.287397" lon="-77.66428">
        <ele>3065</ele>
      </trkpt>
      <trkpt lat="-9.287423" lon="-77.664237">
        <ele>3065.2</ele>
      </trkpt>
      <trkpt lat="-9.287453" lon="-77.664185">
        <ele>3065.6</ele>
      </trkpt>
      <trkpt lat="-9.287487" lon="-77.66414">
        <ele>3066</ele>
      </trkpt>
      <trkpt lat="-9.287522" lon="-77.664095">
        <ele>3066.8</ele>
      </trkpt>
      <trkpt lat="-9.287565" lon="-77.664057">
        <ele>3067.2</ele>
      </trkpt>
      <trkpt lat="-9.287615" lon="-77.664018">
        <ele>3067.4</ele>
      </trkpt>
      <trkpt lat="-9.287675" lon="-77.663967">
        <ele>3067.8</ele>
      </trkpt>
      <trkpt lat="-9.28774" lon="-77.663935">
        <ele>3068.2</ele>
      </trkpt>
      <trkpt lat="-9.287803" lon="-77.663883">
        <ele>3068.6</ele>
      </trkpt>
      <trkpt lat="-9.28787" lon="-77.663858">
        <ele>3068.8</ele>
      </trkpt>
      <trkpt lat="-9.287928" lon="-77.66382">
        <ele>3070</ele>
      </trkpt>
      <trkpt lat="-9.287988" lon="-77.663782">
        <ele>3070.6</ele>
      </trkpt>
      <trkpt lat="-9.288048" lon="-77.66375">
        <ele>3071.4</ele>
      </trkpt>
      <trkpt lat="-9.288107" lon="-77.663712">
        <ele>3072.4</ele>
      </trkpt>
      <trkpt lat="-9.288167" lon="-77.66368">
        <ele>3073.6</ele>
      </trkpt>
      <trkpt lat="-9.288228" lon="-77.66366">
        <ele>3075</ele>
      </trkpt>
      <trkpt lat="-9.288292" lon="-77.66364">
        <ele>3075.2</ele>
      </trkpt>
      <trkpt lat="-9.288357" lon="-77.663635">
        <ele>3075.4</ele>
      </trkpt>
      <trkpt lat="-9.28842" lon="-77.663635">
        <ele>3075.6</ele>
      </trkpt>
      <trkpt lat="-9.28849" lon="-77.663635">
        <ele>3076</ele>
      </trkpt>
      <trkpt lat="-9.288553" lon="-77.66364">
        <ele>3076.6</ele>
      </trkpt>
      <trkpt lat="-9.288615" lon="-77.66366">
        <ele>3077.4</ele>
      </trkpt>
      <trkpt lat="-9.288675" lon="-77.663685">
        <ele>3078.4</ele>
      </trkpt>
      <trkpt lat="-9.288728" lon="-77.663723">
        <ele>3079</ele>
      </trkpt>
      <trkpt lat="-9.288787" lon="-77.663762">
        <ele>3080</ele>
      </trkpt>
      <trkpt lat="-9.28884" lon="-77.6638">
        <ele>3080.6</ele>
      </trkpt>
      <trkpt lat="-9.288898" lon="-77.663833">
        <ele>3081.8</ele>
      </trkpt>
      <trkpt lat="-9.288957" lon="-77.663858">
        <ele>3082.6</ele>
      </trkpt>
      <trkpt lat="-9.289025" lon="-77.663872">
        <ele>3083.2</ele>
      </trkpt>
      <trkpt lat="-9.289092" lon="-77.663883">
        <ele>3084</ele>
      </trkpt>
      <trkpt lat="-9.289157" lon="-77.663883">
        <ele>3084.8</ele>
      </trkpt>
      <trkpt lat="-9.289217" lon="-77.663878">
        <ele>3085.6</ele>
      </trkpt>
      <trkpt lat="-9.289275" lon="-77.663878">
        <ele>3086.2</ele>
      </trkpt>
      <trkpt lat="-9.289325" lon="-77.663883">
        <ele>3087.2</ele>
      </trkpt>
      <trkpt lat="-9.289383" lon="-77.66391">
        <ele>3088.2</ele>
      </trkpt>
      <trkpt lat="-9.289442" lon="-77.663942">
        <ele>3088.4</ele>
      </trkpt>
      <trkpt lat="-9.2895" lon="-77.663967">
        <ele>3089.2</ele>
      </trkpt>
      <trkpt lat="-9.289567" lon="-77.664018">
        <ele>3090</ele>
      </trkpt>
      <trkpt lat="-9.289627" lon="-77.664057">
        <ele>3090.8</ele>
      </trkpt>
      <trkpt lat="-9.28968" lon="-77.664095">
        <ele>3091.6</ele>
      </trkpt>
      <trkpt lat="-9.289718" lon="-77.664147">
        <ele>3092.6</ele>
      </trkpt>
      <trkpt lat="-9.289757" lon="-77.664185">
        <ele>3093.4</ele>
      </trkpt>
      <trkpt lat="-9.28979" lon="-77.664217">
        <ele>3093.6</ele>
      </trkpt>
      <trkpt lat="-9.28982" lon="-77.664237">
        <ele>3093.8</ele>
      </trkpt>
      <trkpt lat="-9.289852" lon="-77.664242">
        <ele>3094</ele>
      </trkpt>
      <trkpt lat="-9.289877" lon="-77.664223">
        <ele>3094</ele>
      </trkpt>
      <trkpt lat="-9.28988" lon="-77.664185">
        <ele>3094</ele>
      </trkpt>
      <trkpt lat="-9.28987" lon="-77.664127">
        <ele>3094</ele>
      </trkpt>
      <trkpt lat="-9.28985" lon="-77.664077">
        <ele>3094.4</ele>
      </trkpt>
      <trkpt lat="-9.28982" lon="-77.664025">
        <ele>3095</ele>
      </trkpt>
      <trkpt lat="-9.289798" lon="-77.663967">
        <ele>3095.2</ele>
      </trkpt>
      <trkpt lat="-9.289785" lon="-77.663922">
        <ele>3095.6</ele>
      </trkpt>
      <trkpt lat="-9.289775" lon="-77.663878">
        <ele>3095.6</ele>
      </trkpt>
      <trkpt lat="-9.28977" lon="-77.663833">
        <ele>3095.4</ele>
      </trkpt>
      <trkpt lat="-9.289765" lon="-77.663795">
        <ele>3095.4</ele>
      </trkpt>
      <trkpt lat="-9.289767" lon="-77.66375">
        <ele>3095.2</ele>
      </trkpt>
      <trkpt lat="-9.28977" lon="-77.663712">
        <ele>3095</ele>
      </trkpt>
      <trkpt lat="-9.289778" lon="-77.66368">
        <ele>3094.6</ele>
      </trkpt>
      <trkpt lat="-9.289792" lon="-77.66364">
        <ele>3094.6</ele>
      </trkpt>
      <trkpt lat="-9.289815" lon="-77.663602">
        <ele>3095.4</ele>
      </trkpt>
      <trkpt lat="-9.289843" lon="-77.66357">
        <ele>3095.6</ele>
      </trkpt>
      <trkpt lat="-9.289883" lon="-77.663545">
        <ele>3095.6</ele>
      </trkpt>
      <trkpt lat="-9.289923" lon="-77.66352">
        <ele>3095.4</ele>
      </trkpt>
      <trkpt lat="-9.289963" lon="-77.6635">
        <ele>3095.4</ele>
      </trkpt>
      <trkpt lat="-9.290003" lon="-77.663475">
        <ele>3096</ele>
      </trkpt>
      <trkpt lat="-9.290043" lon="-77.663448">
        <ele>3096.8</ele>
      </trkpt>
      <trkpt lat="-9.290082" lon="-77.66343">
        <ele>3097.2</ele>
      </trkpt>
      <trkpt lat="-9.290123" lon="-77.66341">
        <ele>3097.2</ele>
      </trkpt>
      <trkpt lat="-9.290168" lon="-77.663398">
        <ele>3097.6</ele>
      </trkpt>
      <trkpt lat="-9.290217" lon="-77.663385">
        <ele>3099</ele>
      </trkpt>
      <trkpt lat="-9.290262" lon="-77.663353">
        <ele>3099.8</ele>
      </trkpt>
      <trkpt lat="-9.290308" lon="-77.66332">
        <ele>3099.8</ele>
      </trkpt>
      <trkpt lat="-9.290357" lon="-77.663282">
        <ele>3099</ele>
      </trkpt>
      <trkpt lat="-9.290402" lon="-77.663225">
        <ele>3097.6</ele>
      </trkpt>
      <trkpt lat="-9.290432" lon="-77.663173">
        <ele>3097.6</ele>
      </trkpt>
      <trkpt lat="-9.290465" lon="-77.663122">
        <ele>3097.8</ele>
      </trkpt>
      <trkpt lat="-9.290495" lon="-77.663065">
        <ele>3097.8</ele>
      </trkpt>
      <trkpt lat="-9.290522" lon="-77.663013">
        <ele>3097.8</ele>
      </trkpt>
      <trkpt lat="-9.29055" lon="-77.662962">
        <ele>3098.6</ele>
      </trkpt>
      <trkpt lat="-9.290575" lon="-77.662918">
        <ele>3098.8</ele>
      </trkpt>
      <trkpt lat="-9.2906" lon="-77.66288">
        <ele>3098.8</ele>
      </trkpt>
      <trkpt lat="-9.290623" lon="-77.66284">
        <ele>3098.8</ele>
      </trkpt>
      <trkpt lat="-9.29065" lon="-77.662802">
        <ele>3099</ele>
      </trkpt>
      <trkpt lat="-9.29068" lon="-77.662763">
        <ele>3099</ele>
      </trkpt>
      <trkpt lat="-9.290717" lon="-77.662732">
        <ele>3099.2</ele>
      </trkpt>
      <trkpt lat="-9.290758" lon="-77.662707">
        <ele>3099.4</ele>
      </trkpt>
      <trkpt lat="-9.290802" lon="-77.66268">
        <ele>3100</ele>
      </trkpt>
      <trkpt lat="-9.290842" lon="-77.662642">
        <ele>3100.4</ele>
      </trkpt>
      <trkpt lat="-9.290873" lon="-77.662603">
        <ele>3100.8</ele>
      </trkpt>
      <trkpt lat="-9.290898" lon="-77.66256">
        <ele>3101</ele>
      </trkpt>
      <trkpt lat="-9.290913" lon="-77.662515">
        <ele>3101.6</ele>
      </trkpt>
      <trkpt lat="-9.290922" lon="-77.66247">
        <ele>3102.2</ele>
      </trkpt>
      <trkpt lat="-9.29094" lon="-77.662412">
        <ele>3102.8</ele>
      </trkpt>
      <trkpt lat="-9.290963" lon="-77.662367">
        <ele>3102.8</ele>
      </trkpt>
      <trkpt lat="-9.290993" lon="-77.662322">
        <ele>3103.4</ele>
      </trkpt>
      <trkpt lat="-9.29102" lon="-77.662283">
        <ele>3103.8</ele>
      </trkpt>
      <trkpt lat="-9.291048" lon="-77.662252">
        <ele>3104.2</ele>
      </trkpt>
      <trkpt lat="-9.291072" lon="-77.662213">
        <ele>3104.4</ele>
      </trkpt>
      <trkpt lat="-9.291092" lon="-77.662175">
        <ele>3104.8</ele>
      </trkpt>
      <trkpt lat="-9.291093" lon="-77.662137">
        <ele>3105.2</ele>
      </trkpt>
      <trkpt lat="-9.291085" lon="-77.662092">
        <ele>3105.8</ele>
      </trkpt>
      <trkpt lat="-9.29106" lon="-77.662047">
        <ele>3106</ele>
      </trkpt>
      <trkpt lat="-9.291033" lon="-77.661997">
        <ele>3106.4</ele>
      </trkpt>
      <trkpt lat="-9.291002" lon="-77.661932">
        <ele>3106.6</ele>
      </trkpt>
      <trkpt lat="-9.290978" lon="-77.661875">
        <ele>3106.8</ele>
      </trkpt>
      <trkpt lat="-9.290958" lon="-77.661803">
        <ele>3107</ele>
      </trkpt>
      <trkpt lat="-9.290947" lon="-77.66174">
        <ele>3107.2</ele>
      </trkpt>
      <trkpt lat="-9.290947" lon="-77.661663">
        <ele>3107.2</ele>
      </trkpt>
      <trkpt lat="-9.290948" lon="-77.6616">
        <ele>3107.2</ele>
      </trkpt>
      <trkpt lat="-9.290957" lon="-77.661528">
        <ele>3107.2</ele>
      </trkpt>
      <trkpt lat="-9.290973" lon="-77.661458">
        <ele>3107.2</ele>
      </trkpt>
      <trkpt lat="-9.290992" lon="-77.661407">
        <ele>3108</ele>
      </trkpt>
      <trkpt lat="-9.291008" lon="-77.661357">
        <ele>3108.6</ele>
      </trkpt>
      <trkpt lat="-9.291033" lon="-77.661305">
        <ele>3109.8</ele>
      </trkpt>
      <trkpt lat="-9.29106" lon="-77.661253">
        <ele>3110.2</ele>
      </trkpt>
      <trkpt lat="-9.29109" lon="-77.661215">
        <ele>3110.6</ele>
      </trkpt>
      <trkpt lat="-9.291122" lon="-77.661177">
        <ele>3111.2</ele>
      </trkpt>
      <trkpt lat="-9.29116" lon="-77.661132">
        <ele>3112.2</ele>
      </trkpt>
      <trkpt lat="-9.291197" lon="-77.661093">
        <ele>3113</ele>
      </trkpt>
      <trkpt lat="-9.291235" lon="-77.661048">
        <ele>3113.2</ele>
      </trkpt>
      <trkpt lat="-9.29127" lon="-77.66101">
        <ele>3114.4</ele>
      </trkpt>
      <trkpt lat="-9.291305" lon="-77.660965">
        <ele>3115.8</ele>
      </trkpt>
      <trkpt lat="-9.29134" lon="-77.66092">
        <ele>3116.4</ele>
      </trkpt>
      <trkpt lat="-9.291373" lon="-77.660882">
        <ele>3116.4</ele>
      </trkpt>
      <trkpt lat="-9.291408" lon="-77.660843">
        <ele>3116.8</ele>
      </trkpt>
      <trkpt lat="-9.291455" lon="-77.660812">
        <ele>3117.6</ele>
      </trkpt>
      <trkpt lat="-9.291493" lon="-77.6608">
        <ele>3118.2</ele>
      </trkpt>
      <trkpt lat="-9.291538" lon="-77.66078">
        <ele>3119</ele>
      </trkpt>
      <trkpt lat="-9.291582" lon="-77.660767">
        <ele>3119.8</ele>
      </trkpt>
      <trkpt lat="-9.29162" lon="-77.660748">
        <ele>3120.8</ele>
      </trkpt>
      <trkpt lat="-9.291647" lon="-77.660735">
        <ele>3121.8</ele>
      </trkpt>
      <trkpt lat="-9.29166" lon="-77.660722">
        <ele>3122.4</ele>
      </trkpt>
      <trkpt lat="-9.291672" lon="-77.660703">
        <ele>3122.8</ele>
      </trkpt>
      <trkpt lat="-9.291668" lon="-77.660672">
        <ele>3123</ele>
      </trkpt>
      <trkpt lat="-9.291653" lon="-77.660645">
        <ele>3123</ele>
      </trkpt>
      <trkpt lat="-9.291632" lon="-77.660613">
        <ele>3123.4</ele>
      </trkpt>
      <trkpt lat="-9.291608" lon="-77.660582">
        <ele>3123.8</ele>
      </trkpt>
      <trkpt lat="-9.291582" lon="-77.66055">
        <ele>3123.8</ele>
      </trkpt>
      <trkpt lat="-9.291555" lon="-77.660512">
        <ele>3123.4</ele>
      </trkpt>
      <trkpt lat="-9.291535" lon="-77.660473">
        <ele>3123.4</ele>
      </trkpt>
      <trkpt lat="-9.291515" lon="-77.660422">
        <ele>3123.6</ele>
      </trkpt>
      <trkpt lat="-9.291502" lon="-77.66037">
        <ele>3124.2</ele>
      </trkpt>
      <trkpt lat="-9.291495" lon="-77.660307">
        <ele>3124.2</ele>
      </trkpt>
      <trkpt lat="-9.291495" lon="-77.660248">
        <ele>3125</ele>
      </trkpt>
      <trkpt lat="-9.2915" lon="-77.660185">
        <ele>3125.6</ele>
      </trkpt>
      <trkpt lat="-9.291505" lon="-77.660115">
        <ele>3125.8</ele>
      </trkpt>
      <trkpt lat="-9.291518" lon="-77.660057">
        <ele>3126</ele>
      </trkpt>
      <trkpt lat="-9.29153" lon="-77.660012">
        <ele>3127</ele>
      </trkpt>
      <trkpt lat="-9.29155" lon="-77.659935">
        <ele>3127.2</ele>
      </trkpt>
      <trkpt lat="-9.291572" lon="-77.659878">
        <ele>3128</ele>
      </trkpt>
      <trkpt lat="-9.291588" lon="-77.659827">
        <ele>3128.8</ele>
      </trkpt>
      <trkpt lat="-9.291667" lon="-77.659685">
        <ele>3128.8</ele>
      </trkpt>
      <trkpt lat="-9.291688" lon="-77.659628">
        <ele>3130.8</ele>
      </trkpt>
      <trkpt lat="-9.291703" lon="-77.659577">
        <ele>3131.4</ele>
      </trkpt>
      <trkpt lat="-9.291717" lon="-77.65952">
        <ele>3132</ele>
      </trkpt>
      <trkpt lat="-9.291728" lon="-77.659462">
        <ele>3132.8</ele>
      </trkpt>
      <trkpt lat="-9.291752" lon="-77.65941">
        <ele>3133</ele>
      </trkpt>
      <trkpt lat="-9.291777" lon="-77.659353">
        <ele>3133.2</ele>
      </trkpt>
      <trkpt lat="-9.2918" lon="-77.659302">
        <ele>3133.4</ele>
      </trkpt>
      <trkpt lat="-9.29182" lon="-77.65925">
        <ele>3134</ele>
      </trkpt>
      <trkpt lat="-9.291838" lon="-77.659193">
        <ele>3135</ele>
      </trkpt>
      <trkpt lat="-9.291858" lon="-77.659142">
        <ele>3135.6</ele>
      </trkpt>
      <trkpt lat="-9.291882" lon="-77.659103">
        <ele>3136.2</ele>
      </trkpt>
      <trkpt lat="-9.291915" lon="-77.659065">
        <ele>3136.6</ele>
      </trkpt>
      <trkpt lat="-9.291947" lon="-77.659033">
        <ele>3136.8</ele>
      </trkpt>
      <trkpt lat="-9.291987" lon="-77.65902">
        <ele>3137.4</ele>
      </trkpt>
      <trkpt lat="-9.29203" lon="-77.659">
        <ele>3137.6</ele>
      </trkpt>
      <trkpt lat="-9.292075" lon="-77.658995">
        <ele>3138.2</ele>
      </trkpt>
      <trkpt lat="-9.29212" lon="-77.658988">
        <ele>3139</ele>
      </trkpt>
      <trkpt lat="-9.292168" lon="-77.658982">
        <ele>3139.6</ele>
      </trkpt>
      <trkpt lat="-9.292225" lon="-77.658975">
        <ele>3140</ele>
      </trkpt>
      <trkpt lat="-9.292283" lon="-77.658962">
        <ele>3140.6</ele>
      </trkpt>
      <trkpt lat="-9.29234" lon="-77.658957">
        <ele>3141.6</ele>
      </trkpt>
      <trkpt lat="-9.292398" lon="-77.658957">
        <ele>3142.6</ele>
      </trkpt>
      <trkpt lat="-9.29246" lon="-77.658957">
        <ele>3143</ele>
      </trkpt>
      <trkpt lat="-9.292525" lon="-77.658957">
        <ele>3143.6</ele>
      </trkpt>
      <trkpt lat="-9.292587" lon="-77.65895">
        <ele>3144.6</ele>
      </trkpt>
      <trkpt lat="-9.292647" lon="-77.658943">
        <ele>3146</ele>
      </trkpt>
      <trkpt lat="-9.292707" lon="-77.658918">
        <ele>3146.6</ele>
      </trkpt>
      <trkpt lat="-9.292763" lon="-77.658905">
        <ele>3147</ele>
      </trkpt>
      <trkpt lat="-9.292818" lon="-77.658892">
        <ele>3147.4</ele>
      </trkpt>
      <trkpt lat="-9.292875" lon="-77.658873">
        <ele>3148</ele>
      </trkpt>
      <trkpt lat="-9.29293" lon="-77.658873">
        <ele>3148.8</ele>
      </trkpt>
      <trkpt lat="-9.292988" lon="-77.658878">
        <ele>3149</ele>
      </trkpt>
      <trkpt lat="-9.293048" lon="-77.658892">
        <ele>3149.8</ele>
      </trkpt>
      <trkpt lat="-9.293108" lon="-77.658892">
        <ele>3150.4</ele>
      </trkpt>
      <trkpt lat="-9.293172" lon="-77.658892">
        <ele>3151</ele>
      </trkpt>
      <trkpt lat="-9.293245" lon="-77.658878">
        <ele>3152</ele>
      </trkpt>
      <trkpt lat="-9.293295" lon="-77.658873">
        <ele>3152.4</ele>
      </trkpt>
      <trkpt lat="-9.293357" lon="-77.658867">
        <ele>3153.6</ele>
      </trkpt>
      <trkpt lat="-9.293423" lon="-77.65886">
        <ele>3154</ele>
      </trkpt>
      <trkpt lat="-9.293485" lon="-77.658867">
        <ele>3154.4</ele>
      </trkpt>
      <trkpt lat="-9.293553" lon="-77.658892">
        <ele>3155.2</ele>
      </trkpt>
      <trkpt lat="-9.293615" lon="-77.658905">
        <ele>3156</ele>
      </trkpt>
      <trkpt lat="-9.293682" lon="-77.658918">
        <ele>3157.4</ele>
      </trkpt>
      <trkpt lat="-9.293752" lon="-77.658923">
        <ele>3158</ele>
      </trkpt>
      <trkpt lat="-9.293822" lon="-77.658937">
        <ele>3158.6</ele>
      </trkpt>
      <trkpt lat="-9.293898" lon="-77.658943">
        <ele>3159.6</ele>
      </trkpt>
      <trkpt lat="-9.293972" lon="-77.658943">
        <ele>3160.6</ele>
      </trkpt>
      <trkpt lat="-9.294045" lon="-77.658937">
        <ele>3161.6</ele>
      </trkpt>
      <trkpt lat="-9.294117" lon="-77.658923">
        <ele>3162.8</ele>
      </trkpt>
      <trkpt lat="-9.294183" lon="-77.658905">
        <ele>3163.4</ele>
      </trkpt>
      <trkpt lat="-9.294242" lon="-77.658873">
        <ele>3164.2</ele>
      </trkpt>
      <trkpt lat="-9.2943" lon="-77.65884">
        <ele>3165.4</ele>
      </trkpt>
      <trkpt lat="-9.294348" lon="-77.658815">
        <ele>3165.4</ele>
      </trkpt>
      <trkpt lat="-9.294402" lon="-77.658777">
        <ele>3165.4</ele>
      </trkpt>
      <trkpt lat="-9.294458" lon="-77.658738">
        <ele>3166.6</ele>
      </trkpt>
      <trkpt lat="-9.294507" lon="-77.6587">
        <ele>3166.8</ele>
      </trkpt>
      <trkpt lat="-9.294558" lon="-77.65868">
        <ele>3167</ele>
      </trkpt>
      <trkpt lat="-9.29461" lon="-77.65868">
        <ele>3167.2</ele>
      </trkpt>
      <trkpt lat="-9.294665" lon="-77.6587">
        <ele>3168.4</ele>
      </trkpt>
      <trkpt lat="-9.294725" lon="-77.658707">
        <ele>3169.2</ele>
      </trkpt>
      <trkpt lat="-9.294787" lon="-77.65872">
        <ele>3169.6</ele>
      </trkpt>
      <trkpt lat="-9.29484" lon="-77.658745">
        <ele>3170</ele>
      </trkpt>
      <trkpt lat="-9.294888" lon="-77.658752">
        <ele>3170.4</ele>
      </trkpt>
      <trkpt lat="-9.29494" lon="-77.658752">
        <ele>3170.4</ele>
      </trkpt>
      <trkpt lat="-9.294995" lon="-77.658752">
        <ele>3172</ele>
      </trkpt>
      <trkpt lat="-9.295053" lon="-77.658745">
        <ele>3173</ele>
      </trkpt>
      <trkpt lat="-9.295108" lon="-77.658738">
        <ele>3173.6</ele>
      </trkpt>
      <trkpt lat="-9.295167" lon="-77.65872">
        <ele>3174.6</ele>
      </trkpt>
      <trkpt lat="-9.295228" lon="-77.658707">
        <ele>3175.6</ele>
      </trkpt>
      <trkpt lat="-9.295292" lon="-77.658693">
        <ele>3176.4</ele>
      </trkpt>
      <trkpt lat="-9.295355" lon="-77.658668">
        <ele>3177.8</ele>
      </trkpt>
      <trkpt lat="-9.295418" lon="-77.658662">
        <ele>3179</ele>
      </trkpt>
      <trkpt lat="-9.29548" lon="-77.658642">
        <ele>3180.2</ele>
      </trkpt>
      <trkpt lat="-9.295543" lon="-77.658637">
        <ele>3180.4</ele>
      </trkpt>
      <trkpt lat="-9.2956" lon="-77.658617">
        <ele>3181</ele>
      </trkpt>
      <trkpt lat="-9.295645" lon="-77.658592">
        <ele>3181.4</ele>
      </trkpt>
      <trkpt lat="-9.295695" lon="-77.658565">
        <ele>3182</ele>
      </trkpt>
      <trkpt lat="-9.295743" lon="-77.658553">
        <ele>3182.4</ele>
      </trkpt>
      <trkpt lat="-9.295795" lon="-77.658547">
        <ele>3182.8</ele>
      </trkpt>
      <trkpt lat="-9.295847" lon="-77.65854">
        <ele>3183.4</ele>
      </trkpt>
      <trkpt lat="-9.295893" lon="-77.658527">
        <ele>3184</ele>
      </trkpt>
      <trkpt lat="-9.295933" lon="-77.65852">
        <ele>3184.8</ele>
      </trkpt>
      <trkpt lat="-9.29596" lon="-77.65852">
        <ele>3185.6</ele>
      </trkpt>
      <trkpt lat="-9.29598" lon="-77.65854">
        <ele>3185.6</ele>
      </trkpt>
      <trkpt lat="-9.295998" lon="-77.658547">
        <ele>3185.4</ele>
      </trkpt>
      <trkpt lat="-9.296007" lon="-77.658565">
        <ele>3185.4</ele>
      </trkpt>
      <trkpt lat="-9.296" lon="-77.658598">
        <ele>3185.4</ele>
      </trkpt>
      <trkpt lat="-9.295982" lon="-77.658623">
        <ele>3186</ele>
      </trkpt>
      <trkpt lat="-9.295953" lon="-77.658637">
        <ele>3186.4</ele>
      </trkpt>
      <trkpt lat="-9.295918" lon="-77.658642">
        <ele>3186.6</ele>
      </trkpt>
      <trkpt lat="-9.295878" lon="-77.658655">
        <ele>3186.8</ele>
      </trkpt>
      <trkpt lat="-9.295833" lon="-77.658662">
        <ele>3187</ele>
      </trkpt>
      <trkpt lat="-9.295793" lon="-77.658675">
        <ele>3187.2</ele>
      </trkpt>
      <trkpt lat="-9.295735" lon="-77.65868">
        <ele>3187.6</ele>
      </trkpt>
      <trkpt lat="-9.295688" lon="-77.658693">
        <ele>3188.4</ele>
      </trkpt>
      <trkpt lat="-9.29564" lon="-77.658725">
        <ele>3188.6</ele>
      </trkpt>
      <trkpt lat="-9.2956" lon="-77.658758">
        <ele>3189</ele>
      </trkpt>
      <trkpt lat="-9.29556" lon="-77.658797">
        <ele>3189.8</ele>
      </trkpt>
      <trkpt lat="-9.295517" lon="-77.658822">
        <ele>3190</ele>
      </trkpt>
      <trkpt lat="-9.29547" lon="-77.658853">
        <ele>3190.4</ele>
      </trkpt>
      <trkpt lat="-9.29542" lon="-77.658873">
        <ele>3190.6</ele>
      </trkpt>
      <trkpt lat="-9.295367" lon="-77.658905">
        <ele>3191.6</ele>
      </trkpt>
      <trkpt lat="-9.295305" lon="-77.658923">
        <ele>3191.8</ele>
      </trkpt>
      <trkpt lat="-9.295247" lon="-77.658957">
        <ele>3192.8</ele>
      </trkpt>
      <trkpt lat="-9.295197" lon="-77.658982">
        <ele>3193</ele>
      </trkpt>
      <trkpt lat="-9.295142" lon="-77.659013">
        <ele>3193.2</ele>
      </trkpt>
      <trkpt lat="-9.295088" lon="-77.659033">
        <ele>3193.8</ele>
      </trkpt>
      <trkpt lat="-9.295035" lon="-77.659065">
        <ele>3194.6</ele>
      </trkpt>
      <trkpt lat="-9.294983" lon="-77.659097">
        <ele>3195.2</ele>
      </trkpt>
      <trkpt lat="-9.294933" lon="-77.659117">
        <ele>3195.8</ele>
      </trkpt>
      <trkpt lat="-9.294878" lon="-77.659135">
        <ele>3196.2</ele>
      </trkpt>
      <trkpt lat="-9.294823" lon="-77.659142">
        <ele>3196.2</ele>
      </trkpt>
      <trkpt lat="-9.294765" lon="-77.659148">
        <ele>3196.4</ele>
      </trkpt>
      <trkpt lat="-9.294705" lon="-77.65916">
        <ele>3197</ele>
      </trkpt>
      <trkpt lat="-9.294647" lon="-77.659193">
        <ele>3197.8</ele>
      </trkpt>
      <trkpt lat="-9.294585" lon="-77.659225">
        <ele>3198.6</ele>
      </trkpt>
      <trkpt lat="-9.294527" lon="-77.65925">
        <ele>3199.4</ele>
      </trkpt>
      <trkpt lat="-9.294467" lon="-77.659288">
        <ele>3200</ele>
      </trkpt>
      <trkpt lat="-9.294408" lon="-77.659315">
        <ele>3200.8</ele>
      </trkpt>
      <trkpt lat="-9.294348" lon="-77.659347">
        <ele>3201.4</ele>
      </trkpt>
      <trkpt lat="-9.294288" lon="-77.659378">
        <ele>3201.6</ele>
      </trkpt>
      <trkpt lat="-9.29423" lon="-77.659423">
        <ele>3203</ele>
      </trkpt>
      <trkpt lat="-9.294175" lon="-77.659462">
        <ele>3203.8</ele>
      </trkpt>
      <trkpt lat="-9.294117" lon="-77.659507">
        <ele>3204.2</ele>
      </trkpt>
      <trkpt lat="-9.294062" lon="-77.659558">
        <ele>3205.8</ele>
      </trkpt>
      <trkpt lat="-9.29401" lon="-77.659615">
        <ele>3206.4</ele>
      </trkpt>
      <trkpt lat="-9.293957" lon="-77.659667">
        <ele>3206.8</ele>
      </trkpt>
      <trkpt lat="-9.2939" lon="-77.659718">
        <ele>3207.2</ele>
      </trkpt>
      <trkpt lat="-9.29384" lon="-77.659757">
        <ele>3207.8</ele>
      </trkpt>
      <trkpt lat="-9.29378" lon="-77.659807">
        <ele>3208.6</ele>
      </trkpt>
      <trkpt lat="-9.293718" lon="-77.659845">
        <ele>3209.2</ele>
      </trkpt>
      <trkpt lat="-9.293655" lon="-77.659872">
        <ele>3210.6</ele>
      </trkpt>
      <trkpt lat="-9.293598" lon="-77.65989">
        <ele>3211</ele>
      </trkpt>
      <trkpt lat="-9.293542" lon="-77.659903">
        <ele>3211.6</ele>
      </trkpt>
      <trkpt lat="-9.293485" lon="-77.65991">
        <ele>3211.8</ele>
      </trkpt>
      <trkpt lat="-9.29343" lon="-77.659928">
        <ele>3212.2</ele>
      </trkpt>
      <trkpt lat="-9.29338" lon="-77.659942">
        <ele>3213</ele>
      </trkpt>
      <trkpt lat="-9.293332" lon="-77.659973">
        <ele>3213.8</ele>
      </trkpt>
      <trkpt lat="-9.293295" lon="-77.660005">
        <ele>3214.8</ele>
      </trkpt>
      <trkpt lat="-9.293265" lon="-77.66005">
        <ele>3215</ele>
      </trkpt>
      <trkpt lat="-9.293242" lon="-77.660095">
        <ele>3215</ele>
      </trkpt>
      <trkpt lat="-9.293232" lon="-77.660147">
        <ele>3215.6</ele>
      </trkpt>
      <trkpt lat="-9.293225" lon="-77.66021">
        <ele>3216</ele>
      </trkpt>
      <trkpt lat="-9.293213" lon="-77.660262">
        <ele>3216.6</ele>
      </trkpt>
      <trkpt lat="-9.29321" lon="-77.660313">
        <ele>3216.8</ele>
      </trkpt>
      <trkpt lat="-9.293212" lon="-77.66037">
        <ele>3217.2</ele>
      </trkpt>
      <trkpt lat="-9.29322" lon="-77.660422">
        <ele>3218</ele>
      </trkpt>
      <trkpt lat="-9.293242" lon="-77.660467">
        <ele>3218</ele>
      </trkpt>
      <trkpt lat="-9.293272" lon="-77.660505">
        <ele>3218.4</ele>
      </trkpt>
      <trkpt lat="-9.293297" lon="-77.66055">
        <ele>3218.4</ele>
      </trkpt>
      <trkpt lat="-9.293318" lon="-77.66062">
        <ele>3218</ele>
      </trkpt>
      <trkpt lat="-9.293332" lon="-77.660672">
        <ele>3218</ele>
      </trkpt>
      <trkpt lat="-9.293338" lon="-77.660748">
        <ele>3218.2</ele>
      </trkpt>
      <trkpt lat="-9.29334" lon="-77.660818">
        <ele>3219</ele>
      </trkpt>
      <trkpt lat="-9.29334" lon="-77.660895">
        <ele>3220</ele>
      </trkpt>
      <trkpt lat="-9.293345" lon="-77.660965">
        <ele>3220.4</ele>
      </trkpt>
      <trkpt lat="-9.293352" lon="-77.661037">
        <ele>3221.4</ele>
      </trkpt>
      <trkpt lat="-9.293365" lon="-77.661107">
        <ele>3222.2</ele>
      </trkpt>
      <trkpt lat="-9.293383" lon="-77.661183">
        <ele>3223.2</ele>
      </trkpt>
      <trkpt lat="-9.293407" lon="-77.66126">
        <ele>3223.6</ele>
      </trkpt>
      <trkpt lat="-9.29343" lon="-77.66133">
        <ele>3223.8</ele>
      </trkpt>
      <trkpt lat="-9.29346" lon="-77.661407">
        <ele>3224.8</ele>
      </trkpt>
      <trkpt lat="-9.293485" lon="-77.661483">
        <ele>3225.4</ele>
      </trkpt>
      <trkpt lat="-9.293508" lon="-77.661555">
        <ele>3225.4</ele>
      </trkpt>
      <trkpt lat="-9.293528" lon="-77.661625">
        <ele>3226</ele>
      </trkpt>
      <trkpt lat="-9.29354" lon="-77.661688">
        <ele>3226.4</ele>
      </trkpt>
      <trkpt lat="-9.29355" lon="-77.66176">
        <ele>3227.2</ele>
      </trkpt>
      <trkpt lat="-9.293558" lon="-77.661817">
        <ele>3228.2</ele>
      </trkpt>
      <trkpt lat="-9.293565" lon="-77.66188">
        <ele>3229.6</ele>
      </trkpt>
      <trkpt lat="-9.293583" lon="-77.661952">
        <ele>3231</ele>
      </trkpt>
      <trkpt lat="-9.293608" lon="-77.662015">
        <ele>3231.2</ele>
      </trkpt>
      <trkpt lat="-9.293635" lon="-77.662085">
        <ele>3231.6</ele>
      </trkpt>
      <trkpt lat="-9.293655" lon="-77.662157">
        <ele>3232.4</ele>
      </trkpt>
      <trkpt lat="-9.293673" lon="-77.66222">
        <ele>3232.4</ele>
      </trkpt>
      <trkpt lat="-9.293687" lon="-77.662297">
        <ele>3233.2</ele>
      </trkpt>
      <trkpt lat="-9.293695" lon="-77.662367">
        <ele>3234</ele>
      </trkpt>
      <trkpt lat="-9.293707" lon="-77.662443">
        <ele>3235.4</ele>
      </trkpt>
      <trkpt lat="-9.293733" lon="-77.66252">
        <ele>3236.4</ele>
      </trkpt>
      <trkpt lat="-9.293757" lon="-77.662598">
        <ele>3236.4</ele>
      </trkpt>
      <trkpt lat="-9.293773" lon="-77.662675">
        <ele>3236.8</ele>
      </trkpt>
      <trkpt lat="-9.293787" lon="-77.662752">
        <ele>3237</ele>
      </trkpt>
      <trkpt lat="-9.293782" lon="-77.662815">
        <ele>3238</ele>
      </trkpt>
      <trkpt lat="-9.293772" lon="-77.66288">
        <ele>3238.8</ele>
      </trkpt>
      <trkpt lat="-9.293748" lon="-77.66293">
        <ele>3240.2</ele>
      </trkpt>
      <trkpt lat="-9.293723" lon="-77.663">
        <ele>3241</ele>
      </trkpt>
      <trkpt lat="-9.293702" lon="-77.663033">
        <ele>3241.6</ele>
      </trkpt>
      <trkpt lat="-9.293678" lon="-77.663072">
        <ele>3242</ele>
      </trkpt>
      <trkpt lat="-9.293655" lon="-77.663103">
        <ele>3242.4</ele>
      </trkpt>
      <trkpt lat="-9.293642" lon="-77.663122">
        <ele>3242.8</ele>
      </trkpt>
      <trkpt lat="-9.293633" lon="-77.663155">
        <ele>3243</ele>
      </trkpt>
      <trkpt lat="-9.293628" lon="-77.663173">
        <ele>3243.4</ele>
      </trkpt>
      <trkpt lat="-9.293635" lon="-77.6632">
        <ele>3244.4</ele>
      </trkpt>
      <trkpt lat="-9.293653" lon="-77.663205">
        <ele>3244.6</ele>
      </trkpt>
      <trkpt lat="-9.293675" lon="-77.663205">
        <ele>3244.6</ele>
      </trkpt>
      <trkpt lat="-9.293698" lon="-77.6632">
        <ele>3245.4</ele>
      </trkpt>
      <trkpt lat="-9.293727" lon="-77.663187">
        <ele>3245.6</ele>
      </trkpt>
      <trkpt lat="-9.293752" lon="-77.66316">
        <ele>3245.6</ele>
      </trkpt>
      <trkpt lat="-9.293778" lon="-77.663128">
        <ele>3245.8</ele>
      </trkpt>
      <trkpt lat="-9.293807" lon="-77.663103">
        <ele>3246.2</ele>
      </trkpt>
      <trkpt lat="-9.29384" lon="-77.663072">
        <ele>3247.4</ele>
      </trkpt>
      <trkpt lat="-9.293872" lon="-77.663033">
        <ele>3247.6</ele>
      </trkpt>
      <trkpt lat="-9.2939" lon="-77.662995">
        <ele>3247.6</ele>
      </trkpt>
      <trkpt lat="-9.293932" lon="-77.662957">
        <ele>3248.4</ele>
      </trkpt>
      <trkpt lat="-9.293965" lon="-77.662912">
        <ele>3248.6</ele>
      </trkpt>
      <trkpt lat="-9.294005" lon="-77.662867">
        <ele>3249</ele>
      </trkpt>
      <trkpt lat="-9.294047" lon="-77.662815">
        <ele>3249.8</ele>
      </trkpt>
      <trkpt lat="-9.294095" lon="-77.662763">
        <ele>3250.2</ele>
      </trkpt>
      <trkpt lat="-9.294143" lon="-77.66272">
        <ele>3250.6</ele>
      </trkpt>
      <trkpt lat="-9.294197" lon="-77.662655">
        <ele>3250.8</ele>
      </trkpt>
      <trkpt lat="-9.294238" lon="-77.66261">
        <ele>3251.4</ele>
      </trkpt>
      <trkpt lat="-9.294303" lon="-77.662553">
        <ele>3252</ele>
      </trkpt>
      <trkpt lat="-9.294362" lon="-77.662508">
        <ele>3252.8</ele>
      </trkpt>
      <trkpt lat="-9.294422" lon="-77.662457">
        <ele>3253.2</ele>
      </trkpt>
      <trkpt lat="-9.294482" lon="-77.662405">
        <ele>3253.4</ele>
      </trkpt>
      <trkpt lat="-9.294537" lon="-77.66236">
        <ele>3254</ele>
      </trkpt>
      <trkpt lat="-9.294588" lon="-77.66231">
        <ele>3254.4</ele>
      </trkpt>
      <trkpt lat="-9.29464" lon="-77.662252">
        <ele>3255.8</ele>
      </trkpt>
      <trkpt lat="-9.294682" lon="-77.662207">
        <ele>3256.4</ele>
      </trkpt>
      <trkpt lat="-9.294738" lon="-77.66213">
        <ele>3257.6</ele>
      </trkpt>
      <trkpt lat="-9.29478" lon="-77.662073">
        <ele>3259</ele>
      </trkpt>
      <trkpt lat="-9.294812" lon="-77.662015">
        <ele>3259.2</ele>
      </trkpt>
      <trkpt lat="-9.29486" lon="-77.661932">
        <ele>3260</ele>
      </trkpt>
      <trkpt lat="-9.29489" lon="-77.661862">
        <ele>3260.6</ele>
      </trkpt>
      <trkpt lat="-9.29492" lon="-77.661792">
        <ele>3261.8</ele>
      </trkpt>
      <trkpt lat="-9.29494" lon="-77.661702">
        <ele>3262.4</ele>
      </trkpt>
      <trkpt lat="-9.294955" lon="-77.661643">
        <ele>3263.2</ele>
      </trkpt>
      <trkpt lat="-9.294975" lon="-77.661555">
        <ele>3263.4</ele>
      </trkpt>
      <trkpt lat="-9.294993" lon="-77.661465">
        <ele>3263.8</ele>
      </trkpt>
      <trkpt lat="-9.29501" lon="-77.661382">
        <ele>3264.6</ele>
      </trkpt>
      <trkpt lat="-9.295025" lon="-77.661305">
        <ele>3265.6</ele>
      </trkpt>
      <trkpt lat="-9.29504" lon="-77.661247">
        <ele>3266.2</ele>
      </trkpt>
      <trkpt lat="-9.295058" lon="-77.661145">
        <ele>3266.8</ele>
      </trkpt>
      <trkpt lat="-9.295068" lon="-77.661068">
        <ele>3267.2</ele>
      </trkpt>
      <trkpt lat="-9.295073" lon="-77.661003">
        <ele>3267.8</ele>
      </trkpt>
      <trkpt lat="-9.295072" lon="-77.660933">
        <ele>3268</ele>
      </trkpt>
      <trkpt lat="-9.295055" lon="-77.66087">
        <ele>3268.2</ele>
      </trkpt>
      <trkpt lat="-9.295028" lon="-77.660812">
        <ele>3268.2</ele>
      </trkpt>
      <trkpt lat="-9.295" lon="-77.660767">
        <ele>3268.4</ele>
      </trkpt>
      <trkpt lat="-9.294978" lon="-77.660703">
        <ele>3269.4</ele>
      </trkpt>
      <trkpt lat="-9.29497" lon="-77.660652">
        <ele>3269.4</ele>
      </trkpt>
      <trkpt lat="-9.29498" lon="-77.660588">
        <ele>3269.6</ele>
      </trkpt>
      <trkpt lat="-9.294998" lon="-77.66053">
        <ele>3270</ele>
      </trkpt>
      <trkpt lat="-9.295018" lon="-77.66046">
        <ele>3271</ele>
      </trkpt>
      <trkpt lat="-9.295042" lon="-77.660402">
        <ele>3271.2</ele>
      </trkpt>
      <trkpt lat="-9.295075" lon="-77.660338">
        <ele>3271.6</ele>
      </trkpt>
      <trkpt lat="-9.295112" lon="-77.660275">
        <ele>3272.6</ele>
      </trkpt>
      <trkpt lat="-9.295152" lon="-77.660223">
        <ele>3273.4</ele>
      </trkpt>
      <trkpt lat="-9.295193" lon="-77.660178">
        <ele>3274.2</ele>
      </trkpt>
      <trkpt lat="-9.295227" lon="-77.660127">
        <ele>3274.6</ele>
      </trkpt>
      <trkpt lat="-9.295258" lon="-77.660077">
        <ele>3275.6</ele>
      </trkpt>
      <trkpt lat="-9.295288" lon="-77.66005">
        <ele>3276.4</ele>
      </trkpt>
      <trkpt lat="-9.295318" lon="-77.660032">
        <ele>3276.4</ele>
      </trkpt>
      <trkpt lat="-9.29534" lon="-77.660025">
        <ele>3276.8</ele>
      </trkpt>
      <trkpt lat="-9.295362" lon="-77.660032">
        <ele>3277.2</ele>
      </trkpt>
      <trkpt lat="-9.29538" lon="-77.66005">
        <ele>3277.4</ele>
      </trkpt>
      <trkpt lat="-9.295395" lon="-77.66007">
        <ele>3277.4</ele>
      </trkpt>
      <trkpt lat="-9.2954" lon="-77.660095">
        <ele>3277.2</ele>
      </trkpt>
      <trkpt lat="-9.295398" lon="-77.660115">
        <ele>3276.8</ele>
      </trkpt>
      <trkpt lat="-9.295387" lon="-77.660147">
        <ele>3276.8</ele>
      </trkpt>
      <trkpt lat="-9.295372" lon="-77.660172">
        <ele>3278.8</ele>
      </trkpt>
      <trkpt lat="-9.295347" lon="-77.660203">
        <ele>3280.4</ele>
      </trkpt>
      <trkpt lat="-9.29532" lon="-77.66023">
        <ele>3281.4</ele>
      </trkpt>
      <trkpt lat="-9.295287" lon="-77.660262">
        <ele>3282.8</ele>
      </trkpt>
      <trkpt lat="-9.29526" lon="-77.660293">
        <ele>3283.4</ele>
      </trkpt>
      <trkpt lat="-9.29524" lon="-77.660332">
        <ele>3284.8</ele>
      </trkpt>
      <trkpt lat="-9.295227" lon="-77.660377">
        <ele>3285.4</ele>
      </trkpt>
      <trkpt lat="-9.29522" lon="-77.660422">
        <ele>3285.6</ele>
      </trkpt>
      <trkpt lat="-9.295217" lon="-77.660473">
        <ele>3285.8</ele>
      </trkpt>
      <trkpt lat="-9.295217" lon="-77.66053">
        <ele>3286</ele>
      </trkpt>
      <trkpt lat="-9.295227" lon="-77.660582">
        <ele>3286</ele>
      </trkpt>
      <trkpt lat="-9.295237" lon="-77.66064">
        <ele>3285.8</ele>
      </trkpt>
      <trkpt lat="-9.295268" lon="-77.66069">
        <ele>3285.8</ele>
      </trkpt>
      <trkpt lat="-9.295312" lon="-77.660728">
        <ele>3286.4</ele>
      </trkpt>
      <trkpt lat="-9.295355" lon="-77.660773">
        <ele>3287.4</ele>
      </trkpt>
      <trkpt lat="-9.295405" lon="-77.660812">
        <ele>3288</ele>
      </trkpt>
      <trkpt lat="-9.295457" lon="-77.660843">
        <ele>3288.4</ele>
      </trkpt>
      <trkpt lat="-9.29551" lon="-77.66087">
        <ele>3289.4</ele>
      </trkpt>
      <trkpt lat="-9.295557" lon="-77.660902">
        <ele>3290</ele>
      </trkpt>
      <trkpt lat="-9.2956" lon="-77.66094">
        <ele>3291</ele>
      </trkpt>
      <trkpt lat="-9.295638" lon="-77.660985">
        <ele>3292</ele>
      </trkpt>
      <trkpt lat="-9.295655" lon="-77.661037">
        <ele>3292.6</ele>
      </trkpt>
      <trkpt lat="-9.295662" lon="-77.661087">
        <ele>3292.8</ele>
      </trkpt>
      <trkpt lat="-9.29566" lon="-77.661132">
        <ele>3293.2</ele>
      </trkpt>
      <trkpt lat="-9.295653" lon="-77.661197">
        <ele>3294</ele>
      </trkpt>
      <trkpt lat="-9.295648" lon="-77.661253">
        <ele>3294.8</ele>
      </trkpt>
      <trkpt lat="-9.295643" lon="-77.66133">
        <ele>3295.8</ele>
      </trkpt>
      <trkpt lat="-9.295637" lon="-77.661395">
        <ele>3296.2</ele>
      </trkpt>
      <trkpt lat="-9.295635" lon="-77.661465">
        <ele>3296.8</ele>
      </trkpt>
      <trkpt lat="-9.29563" lon="-77.661528">
        <ele>3297.4</ele>
      </trkpt>
      <trkpt lat="-9.295625" lon="-77.661625">
        <ele>3298.4</ele>
      </trkpt>
      <trkpt lat="-9.295623" lon="-77.661715">
        <ele>3298.8</ele>
      </trkpt>
      <trkpt lat="-9.295613" lon="-77.661798">
        <ele>3299</ele>
      </trkpt>
      <trkpt lat="-9.295608" lon="-77.661887">
        <ele>3299.2</ele>
      </trkpt>
      <trkpt lat="-9.2956" lon="-77.66197">
        <ele>3299.6</ele>
      </trkpt>
      <trkpt lat="-9.295593" lon="-77.662053">
        <ele>3301.2</ele>
      </trkpt>
      <trkpt lat="-9.295588" lon="-77.662137">
        <ele>3302</ele>
      </trkpt>
      <trkpt lat="-9.29558" lon="-77.66222">
        <ele>3302.2</ele>
      </trkpt>
      <trkpt lat="-9.29557" lon="-77.662297">
        <ele>3302.8</ele>
      </trkpt>
      <trkpt lat="-9.295557" lon="-77.662387">
        <ele>3304</ele>
      </trkpt>
      <trkpt lat="-9.29554" lon="-77.662457">
        <ele>3304.8</ele>
      </trkpt>
      <trkpt lat="-9.295517" lon="-77.662533">
        <ele>3305.6</ele>
      </trkpt>
      <trkpt lat="-9.295487" lon="-77.66261">
        <ele>3306</ele>
      </trkpt>
      <trkpt lat="-9.295452" lon="-77.662687">
        <ele>3307.2</ele>
      </trkpt>
      <trkpt lat="-9.295412" lon="-77.662763">
        <ele>3308</ele>
      </trkpt>
      <trkpt lat="-9.29537" lon="-77.662835">
        <ele>3310.4</ele>
      </trkpt>
      <trkpt lat="-9.295325" lon="-77.662892">
        <ele>3310.8</ele>
      </trkpt>
      <trkpt lat="-9.295278" lon="-77.662962">
        <ele>3311.2</ele>
      </trkpt>
      <trkpt lat="-9.295223" lon="-77.663027">
        <ele>3311.4</ele>
      </trkpt>
      <trkpt lat="-9.295173" lon="-77.66309">
        <ele>3312.6</ele>
      </trkpt>
      <trkpt lat="-9.295118" lon="-77.663155">
        <ele>3313.6</ele>
      </trkpt>
      <trkpt lat="-9.295062" lon="-77.663225">
        <ele>3314.4</ele>
      </trkpt>
      <trkpt lat="-9.295002" lon="-77.663282">
        <ele>3315.6</ele>
      </trkpt>
      <trkpt lat="-9.294943" lon="-77.663347">
        <ele>3316.4</ele>
      </trkpt>
      <trkpt lat="-9.294883" lon="-77.663392">
        <ele>3317.4</ele>
      </trkpt>
      <trkpt lat="-9.294832" lon="-77.663448">
        <ele>3317.6</ele>
      </trkpt>
      <trkpt lat="-9.29479" lon="-77.663513">
        <ele>3317.8</ele>
      </trkpt>
      <trkpt lat="-9.29475" lon="-77.66357">
        <ele>3319.2</ele>
      </trkpt>
      <trkpt lat="-9.294712" lon="-77.663635">
        <ele>3320.6</ele>
      </trkpt>
      <trkpt lat="-9.29468" lon="-77.663705">
        <ele>3322</ele>
      </trkpt>
      <trkpt lat="-9.294642" lon="-77.663768">
        <ele>3324.4</ele>
      </trkpt>
      <trkpt lat="-9.29461" lon="-77.66384">
        <ele>3326.2</ele>
      </trkpt>
      <trkpt lat="-9.294578" lon="-77.66391">
        <ele>3326.2</ele>
      </trkpt>
      <trkpt lat="-9.294542" lon="-77.663967">
        <ele>3325.2</ele>
      </trkpt>
      <trkpt lat="-9.294513" lon="-77.664025">
        <ele>3325.2</ele>
      </trkpt>
      <trkpt lat="-9.294472" lon="-77.664095">
        <ele>3325.2</ele>
      </trkpt>
      <trkpt lat="-9.294438" lon="-77.66414">
        <ele>3326</ele>
      </trkpt>
      <trkpt lat="-9.294408" lon="-77.664185">
        <ele>3327</ele>
      </trkpt>
      <trkpt lat="-9.29438" lon="-77.664223">
        <ele>3327.4</ele>
      </trkpt>
      <trkpt lat="-9.294355" lon="-77.664262">
        <ele>3328.2</ele>
      </trkpt>
      <trkpt lat="-9.294325" lon="-77.664293">
        <ele>3328.6</ele>
      </trkpt>
      <trkpt lat="-9.2943" lon="-77.664338">
        <ele>3328.8</ele>
      </trkpt>
      <trkpt lat="-9.294273" lon="-77.664383">
        <ele>3330</ele>
      </trkpt>
      <trkpt lat="-9.294242" lon="-77.664428">
        <ele>3331.6</ele>
      </trkpt>
      <trkpt lat="-9.294223" lon="-77.66448">
        <ele>3332.6</ele>
      </trkpt>
      <trkpt lat="-9.294198" lon="-77.664518">
        <ele>3333.6</ele>
      </trkpt>
      <trkpt lat="-9.29418" lon="-77.664557">
        <ele>3335.6</ele>
      </trkpt>
      <trkpt lat="-9.294168" lon="-77.664582">
        <ele>3335.6</ele>
      </trkpt>
      <trkpt lat="-9.29418" lon="-77.66462">
        <ele>3333.6</ele>
      </trkpt>
      <trkpt lat="-9.2942" lon="-77.664633">
        <ele>3333.2</ele>
      </trkpt>
      <trkpt lat="-9.294223" lon="-77.664633">
        <ele>3333.2</ele>
      </trkpt>
      <trkpt lat="-9.294248" lon="-77.664627">
        <ele>3333.4</ele>
      </trkpt>
      <trkpt lat="-9.294283" lon="-77.664595">
        <ele>3333.4</ele>
      </trkpt>
      <trkpt lat="-9.294308" lon="-77.664562">
        <ele>3333.6</ele>
      </trkpt>
      <trkpt lat="-9.294335" lon="-77.664537">
        <ele>3334</ele>
      </trkpt>
      <trkpt lat="-9.294363" lon="-77.664505">
        <ele>3334.6</ele>
      </trkpt>
      <trkpt lat="-9.294397" lon="-77.664473">
        <ele>3335</ele>
      </trkpt>
      <trkpt lat="-9.294423" lon="-77.664435">
        <ele>3335.6</ele>
      </trkpt>
      <trkpt lat="-9.294453" lon="-77.664422">
        <ele>3335.8</ele>
      </trkpt>
      <trkpt lat="-9.294493" lon="-77.664397">
        <ele>3336.4</ele>
      </trkpt>
      <trkpt lat="-9.294528" lon="-77.664363">
        <ele>3337</ele>
      </trkpt>
      <trkpt lat="-9.294567" lon="-77.664338">
        <ele>3337.2</ele>
      </trkpt>
      <trkpt lat="-9.294605" lon="-77.664307">
        <ele>3337.6</ele>
      </trkpt>
      <trkpt lat="-9.294638" lon="-77.664268">
        <ele>3337.8</ele>
      </trkpt>
      <trkpt lat="-9.294677" lon="-77.66423">
        <ele>3338.2</ele>
      </trkpt>
      <trkpt lat="-9.29471" lon="-77.664185">
        <ele>3339</ele>
      </trkpt>
      <trkpt lat="-9.29474" lon="-77.66414">
        <ele>3339.6</ele>
      </trkpt>
      <trkpt lat="-9.29477" lon="-77.664077">
        <ele>3340</ele>
      </trkpt>
      <trkpt lat="-9.294803" lon="-77.664025">
        <ele>3340.6</ele>
      </trkpt>
      <trkpt lat="-9.294837" lon="-77.66396">
        <ele>3340.8</ele>
      </trkpt>
      <trkpt lat="-9.294877" lon="-77.663903">
        <ele>3341.4</ele>
      </trkpt>
      <trkpt lat="-9.294918" lon="-77.663845">
        <ele>3342</ele>
      </trkpt>
      <trkpt lat="-9.29496" lon="-77.6638">
        <ele>3342.2</ele>
      </trkpt>
      <trkpt lat="-9.295005" lon="-77.66375">
        <ele>3342.4</ele>
      </trkpt>
      <trkpt lat="-9.29506" lon="-77.663705">
        <ele>3342.6</ele>
      </trkpt>
      <trkpt lat="-9.295113" lon="-77.66366">
        <ele>3343.8</ele>
      </trkpt>
      <trkpt lat="-9.295167" lon="-77.663622">
        <ele>3344.8</ele>
      </trkpt>
      <trkpt lat="-9.29522" lon="-77.663583">
        <ele>3345.2</ele>
      </trkpt>
      <trkpt lat="-9.295277" lon="-77.663545">
        <ele>3346.2</ele>
      </trkpt>
      <trkpt lat="-9.295332" lon="-77.663507">
        <ele>3347.4</ele>
      </trkpt>
      <trkpt lat="-9.295385" lon="-77.663468">
        <ele>3348.2</ele>
      </trkpt>
      <trkpt lat="-9.29544" lon="-77.663423">
        <ele>3349</ele>
      </trkpt>
      <trkpt lat="-9.29549" lon="-77.663372">
        <ele>3349.2</ele>
      </trkpt>
      <trkpt lat="-9.29554" lon="-77.663327">
        <ele>3350.2</ele>
      </trkpt>
      <trkpt lat="-9.295598" lon="-77.663282">
        <ele>3351</ele>
      </trkpt>
      <trkpt lat="-9.29565" lon="-77.663243">
        <ele>3352</ele>
      </trkpt>
      <trkpt lat="-9.295698" lon="-77.663205">
        <ele>3352.6</ele>
      </trkpt>
      <trkpt lat="-9.295742" lon="-77.663167">
        <ele>3353.2</ele>
      </trkpt>
      <trkpt lat="-9.295783" lon="-77.663142">
        <ele>3353.8</ele>
      </trkpt>
      <trkpt lat="-9.295832" lon="-77.663103">
        <ele>3354.4</ele>
      </trkpt>
      <trkpt lat="-9.295878" lon="-77.663065">
        <ele>3355</ele>
      </trkpt>
      <trkpt lat="-9.295922" lon="-77.663033">
        <ele>3356</ele>
      </trkpt>
      <trkpt lat="-9.295963" lon="-77.662988">
        <ele>3356.8</ele>
      </trkpt>
      <trkpt lat="-9.296005" lon="-77.66295">
        <ele>3357.6</ele>
      </trkpt>
      <trkpt lat="-9.296045" lon="-77.662905">
        <ele>3358.2</ele>
      </trkpt>
      <trkpt lat="-9.29609" lon="-77.662867">
        <ele>3359</ele>
      </trkpt>
      <trkpt lat="-9.296135" lon="-77.662828">
        <ele>3359.8</ele>
      </trkpt>
      <trkpt lat="-9.296183" lon="-77.66279">
        <ele>3361</ele>
      </trkpt>
      <trkpt lat="-9.296235" lon="-77.662752">
        <ele>3361.8</ele>
      </trkpt>
      <trkpt lat="-9.296288" lon="-77.662713">
        <ele>3362.2</ele>
      </trkpt>
      <trkpt lat="-9.296342" lon="-77.662675">
        <ele>3363.2</ele>
      </trkpt>
      <trkpt lat="-9.296395" lon="-77.662642">
        <ele>3364.2</ele>
      </trkpt>
      <trkpt lat="-9.296443" lon="-77.66261">
        <ele>3364.8</ele>
      </trkpt>
      <trkpt lat="-9.296495" lon="-77.662592">
        <ele>3365.6</ele>
      </trkpt>
      <trkpt lat="-9.296553" lon="-77.662565">
        <ele>3366.2</ele>
      </trkpt>
      <trkpt lat="-9.296613" lon="-77.662547">
        <ele>3366.8</ele>
      </trkpt>
      <trkpt lat="-9.29666" lon="-77.662527">
        <ele>3367.8</ele>
      </trkpt>
      <trkpt lat="-9.296735" lon="-77.662508">
        <ele>3369</ele>
      </trkpt>
      <trkpt lat="-9.2968" lon="-77.662482">
        <ele>3370.2</ele>
      </trkpt>
      <trkpt lat="-9.296862" lon="-77.662443">
        <ele>3371.2</ele>
      </trkpt>
      <trkpt lat="-9.29692" lon="-77.662412">
        <ele>3372.4</ele>
      </trkpt>
      <trkpt lat="-9.296983" lon="-77.662373">
        <ele>3373.4</ele>
      </trkpt>
      <trkpt lat="-9.29704" lon="-77.662328">
        <ele>3374.4</ele>
      </trkpt>
      <trkpt lat="-9.297095" lon="-77.662283">
        <ele>3375.4</ele>
      </trkpt>
      <trkpt lat="-9.297148" lon="-77.662233">
        <ele>3376.4</ele>
      </trkpt>
      <trkpt lat="-9.297182" lon="-77.662188">
        <ele>3376.8</ele>
      </trkpt>
      <trkpt lat="-9.297232" lon="-77.662118">
        <ele>3378</ele>
      </trkpt>
      <trkpt lat="-9.297262" lon="-77.662047">
        <ele>3379</ele>
      </trkpt>
      <trkpt lat="-9.297293" lon="-77.66199">
        <ele>3379.8</ele>
      </trkpt>
      <trkpt lat="-9.297323" lon="-77.661918">
        <ele>3380.4</ele>
      </trkpt>
      <trkpt lat="-9.297358" lon="-77.661848">
        <ele>3381.6</ele>
      </trkpt>
      <trkpt lat="-9.297392" lon="-77.661778">
        <ele>3382.4</ele>
      </trkpt>
      <trkpt lat="-9.297418" lon="-77.661702">
        <ele>3383.4</ele>
      </trkpt>
      <trkpt lat="-9.297445" lon="-77.661625">
        <ele>3384.4</ele>
      </trkpt>
      <trkpt lat="-9.297467" lon="-77.661555">
        <ele>3385.2</ele>
      </trkpt>
      <trkpt lat="-9.29749" lon="-77.661478">
        <ele>3386</ele>
      </trkpt>
      <trkpt lat="-9.297515" lon="-77.6614">
        <ele>3386.2</ele>
      </trkpt>
      <trkpt lat="-9.297538" lon="-77.66133">
        <ele>3387.4</ele>
      </trkpt>
      <trkpt lat="-9.29756" lon="-77.66126">
        <ele>3388.4</ele>
      </trkpt>
      <trkpt lat="-9.297578" lon="-77.661202">
        <ele>3388.8</ele>
      </trkpt>
      <trkpt lat="-9.297595" lon="-77.661138">
        <ele>3390</ele>
      </trkpt>
      <trkpt lat="-9.29762" lon="-77.66108">
        <ele>3390.8</ele>
      </trkpt>
      <trkpt lat="-9.297655" lon="-77.661037">
        <ele>3391.8</ele>
      </trkpt>
      <trkpt lat="-9.297703" lon="-77.660985">
        <ele>3392.8</ele>
      </trkpt>
      <trkpt lat="-9.297758" lon="-77.66094">
        <ele>3393.4</ele>
      </trkpt>
      <trkpt lat="-9.297815" lon="-77.660908">
        <ele>3394</ele>
      </trkpt>
      <trkpt lat="-9.297882" lon="-77.660895">
        <ele>3394.8</ele>
      </trkpt>
      <trkpt lat="-9.297952" lon="-77.66087">
        <ele>3395.4</ele>
      </trkpt>
      <trkpt lat="-9.298013" lon="-77.660857">
        <ele>3396.6</ele>
      </trkpt>
      <trkpt lat="-9.298068" lon="-77.660818">
        <ele>3397.8</ele>
      </trkpt>
      <trkpt lat="-9.29812" lon="-77.66078">
        <ele>3398.6</ele>
      </trkpt>
      <trkpt lat="-9.298167" lon="-77.660742">
        <ele>3399</ele>
      </trkpt>
      <trkpt lat="-9.298212" lon="-77.660697">
        <ele>3399.6</ele>
      </trkpt>
      <trkpt lat="-9.298257" lon="-77.660652">
        <ele>3400</ele>
      </trkpt>
      <trkpt lat="-9.298297" lon="-77.6606">
        <ele>3400.8</ele>
      </trkpt>
      <trkpt lat="-9.298337" lon="-77.660543">
        <ele>3401.4</ele>
      </trkpt>
      <trkpt lat="-9.29838" lon="-77.660492">
        <ele>3401.8</ele>
      </trkpt>
      <trkpt lat="-9.298435" lon="-77.660447">
        <ele>3402</ele>
      </trkpt>
      <trkpt lat="-9.29849" lon="-77.660408">
        <ele>3402.4</ele>
      </trkpt>
      <trkpt lat="-9.298553" lon="-77.660377">
        <ele>3402.8</ele>
      </trkpt>
      <trkpt lat="-9.298617" lon="-77.660352">
        <ele>3403.6</ele>
      </trkpt>
      <trkpt lat="-9.29868" lon="-77.660325">
        <ele>3404</ele>
      </trkpt>
      <trkpt lat="-9.298747" lon="-77.6603">
        <ele>3404.8</ele>
      </trkpt>
      <trkpt lat="-9.29881" lon="-77.660275">
        <ele>3405.6</ele>
      </trkpt>
      <trkpt lat="-9.298867" lon="-77.660255">
        <ele>3405.6</ele>
      </trkpt>
      <trkpt lat="-9.29892" lon="-77.66023">
        <ele>3405.8</ele>
      </trkpt>
      <trkpt lat="-9.298977" lon="-77.660217">
        <ele>3406.4</ele>
      </trkpt>
      <trkpt lat="-9.299035" lon="-77.66021">
        <ele>3406.4</ele>
      </trkpt>
      <trkpt lat="-9.299098" lon="-77.66021">
        <ele>3406.8</ele>
      </trkpt>
      <trkpt lat="-9.299163" lon="-77.66021">
        <ele>3407.2</ele>
      </trkpt>
      <trkpt lat="-9.299233" lon="-77.660217">
        <ele>3408</ele>
      </trkpt>
      <trkpt lat="-9.299303" lon="-77.660223">
        <ele>3408.2</ele>
      </trkpt>
      <trkpt lat="-9.299382" lon="-77.660217">
        <ele>3409.2</ele>
      </trkpt>
      <trkpt lat="-9.29946" lon="-77.660217">
        <ele>3410.2</ele>
      </trkpt>
      <trkpt lat="-9.299533" lon="-77.66021">
        <ele>3411</ele>
      </trkpt>
      <trkpt lat="-9.299605" lon="-77.660217">
        <ele>3411.2</ele>
      </trkpt>
      <trkpt lat="-9.299672" lon="-77.66023">
        <ele>3411.2</ele>
      </trkpt>
      <trkpt lat="-9.299737" lon="-77.660255">
        <ele>3411.2</ele>
      </trkpt>
      <trkpt lat="-9.299798" lon="-77.660287">
        <ele>3411.6</ele>
      </trkpt>
      <trkpt lat="-9.29986" lon="-77.660332">
        <ele>3411.6</ele>
      </trkpt>
      <trkpt lat="-9.29992" lon="-77.66037">
        <ele>3411.6</ele>
      </trkpt>
      <trkpt lat="-9.299978" lon="-77.660422">
        <ele>3411.6</ele>
      </trkpt>
      <trkpt lat="-9.30004" lon="-77.660473">
        <ele>3411.8</ele>
      </trkpt>
      <trkpt lat="-9.300098" lon="-77.660537">
        <ele>3412.6</ele>
      </trkpt>
      <trkpt lat="-9.300153" lon="-77.660588">
        <ele>3413.4</ele>
      </trkpt>
      <trkpt lat="-9.300212" lon="-77.660645">
        <ele>3414.4</ele>
      </trkpt>
      <trkpt lat="-9.300265" lon="-77.660703">
        <ele>3414.8</ele>
      </trkpt>
      <trkpt lat="-9.300315" lon="-77.660767">
        <ele>3415</ele>
      </trkpt>
      <trkpt lat="-9.30036" lon="-77.660825">
        <ele>3415.4</ele>
      </trkpt>
      <trkpt lat="-9.3004" lon="-77.660882">
        <ele>3416.2</ele>
      </trkpt>
      <trkpt lat="-9.300437" lon="-77.660933">
        <ele>3416.4</ele>
      </trkpt>
      <trkpt lat="-9.300477" lon="-77.660978">
        <ele>3415.8</ele>
      </trkpt>
      <trkpt lat="-9.30052" lon="-77.661017">
        <ele>3415.4</ele>
      </trkpt>
      <trkpt lat="-9.300568" lon="-77.661055">
        <ele>3415.2</ele>
      </trkpt>
      <trkpt lat="-9.30062" lon="-77.661093">
        <ele>3415.2</ele>
      </trkpt>
      <trkpt lat="-9.300682" lon="-77.661125">
        <ele>3415.4</ele>
      </trkpt>
      <trkpt lat="-9.300747" lon="-77.661145">
        <ele>3415.8</ele>
      </trkpt>
      <trkpt lat="-9.300812" lon="-77.661163">
        <ele>3415.8</ele>
      </trkpt>
      <trkpt lat="-9.300873" lon="-77.66117">
        <ele>3416</ele>
      </trkpt>
      <trkpt lat="-9.300938" lon="-77.66117">
        <ele>3415.4</ele>
      </trkpt>
      <trkpt lat="-9.300997" lon="-77.661158">
        <ele>3415.4</ele>
      </trkpt>
      <trkpt lat="-9.301052" lon="-77.661138">
        <ele>3416.2</ele>
      </trkpt>
      <trkpt lat="-9.301107" lon="-77.66112">
        <ele>3416.6</ele>
      </trkpt>
      <trkpt lat="-9.301163" lon="-77.6611">
        <ele>3417</ele>
      </trkpt>
      <trkpt lat="-9.301223" lon="-77.661087">
        <ele>3417.8</ele>
      </trkpt>
      <trkpt lat="-9.301288" lon="-77.661087">
        <ele>3418</ele>
      </trkpt>
      <trkpt lat="-9.301355" lon="-77.66108">
        <ele>3418.6</ele>
      </trkpt>
      <trkpt lat="-9.301427" lon="-77.66108">
        <ele>3419.6</ele>
      </trkpt>
      <trkpt lat="-9.301497" lon="-77.661068">
        <ele>3420.2</ele>
      </trkpt>
      <trkpt lat="-9.301567" lon="-77.66108">
        <ele>3421</ele>
      </trkpt>
      <trkpt lat="-9.301633" lon="-77.661087">
        <ele>3421.4</ele>
      </trkpt>
      <trkpt lat="-9.301705" lon="-77.661087">
        <ele>3421.8</ele>
      </trkpt>
      <trkpt lat="-9.301772" lon="-77.66108">
        <ele>3422.6</ele>
      </trkpt>
      <trkpt lat="-9.301837" lon="-77.661068">
        <ele>3423.2</ele>
      </trkpt>
      <trkpt lat="-9.3019" lon="-77.661062">
        <ele>3424.2</ele>
      </trkpt>
      <trkpt lat="-9.30197" lon="-77.661062">
        <ele>3424.2</ele>
      </trkpt>
      <trkpt lat="-9.302045" lon="-77.661055">
        <ele>3424.2</ele>
      </trkpt>
      <trkpt lat="-9.302128" lon="-77.661055">
        <ele>3424.2</ele>
      </trkpt>
      <trkpt lat="-9.302207" lon="-77.661055">
        <ele>3425.6</ele>
      </trkpt>
      <trkpt lat="-9.302287" lon="-77.661055">
        <ele>3425.6</ele>
      </trkpt>
      <trkpt lat="-9.302365" lon="-77.661055">
        <ele>3425.6</ele>
      </trkpt>
      <trkpt lat="-9.30244" lon="-77.661062">
        <ele>3426</ele>
      </trkpt>
      <trkpt lat="-9.302517" lon="-77.661062">
        <ele>3426.2</ele>
      </trkpt>
      <trkpt lat="-9.30259" lon="-77.661068">
        <ele>3426.2</ele>
      </trkpt>
      <trkpt lat="-9.302658" lon="-77.661068">
        <ele>3427</ele>
      </trkpt>
      <trkpt lat="-9.302728" lon="-77.66108">
        <ele>3427</ele>
      </trkpt>
      <trkpt lat="-9.302793" lon="-77.661068">
        <ele>3428.6</ele>
      </trkpt>
      <trkpt lat="-9.302857" lon="-77.661062">
        <ele>3429.4</ele>
      </trkpt>
      <trkpt lat="-9.302918" lon="-77.661048">
        <ele>3430.4</ele>
      </trkpt>
      <trkpt lat="-9.302978" lon="-77.661042">
        <ele>3431.2</ele>
      </trkpt>
      <trkpt lat="-9.303038" lon="-77.661037">
        <ele>3431.6</ele>
      </trkpt>
      <trkpt lat="-9.303102" lon="-77.661037">
        <ele>3432.4</ele>
      </trkpt>
      <trkpt lat="-9.303165" lon="-77.661037">
        <ele>3433.2</ele>
      </trkpt>
      <trkpt lat="-9.30323" lon="-77.661042">
        <ele>3434</ele>
      </trkpt>
      <trkpt lat="-9.303297" lon="-77.661048">
        <ele>3435</ele>
      </trkpt>
      <trkpt lat="-9.303363" lon="-77.661055">
        <ele>3435.8</ele>
      </trkpt>
      <trkpt lat="-9.303425" lon="-77.661068">
        <ele>3436.4</ele>
      </trkpt>
      <trkpt lat="-9.303488" lon="-77.661087">
        <ele>3437.6</ele>
      </trkpt>
      <trkpt lat="-9.303553" lon="-77.6611">
        <ele>3438.8</ele>
      </trkpt>
      <trkpt lat="-9.303617" lon="-77.661125">
        <ele>3439.4</ele>
      </trkpt>
      <trkpt lat="-9.303677" lon="-77.661138">
        <ele>3440.2</ele>
      </trkpt>
      <trkpt lat="-9.303733" lon="-77.66117">
        <ele>3441</ele>
      </trkpt>
      <trkpt lat="-9.303792" lon="-77.661197">
        <ele>3442</ele>
      </trkpt>
      <trkpt lat="-9.30384" lon="-77.661222">
        <ele>3442.4</ele>
      </trkpt>
      <trkpt lat="-9.303887" lon="-77.661253">
        <ele>3442.8</ele>
      </trkpt>
      <trkpt lat="-9.303927" lon="-77.661292">
        <ele>3443</ele>
      </trkpt>
      <trkpt lat="-9.303957" lon="-77.66133">
        <ele>3443.4</ele>
      </trkpt>
      <trkpt lat="-9.303985" lon="-77.661362">
        <ele>3443.4</ele>
      </trkpt>
      <trkpt lat="-9.304017" lon="-77.661395">
        <ele>3443.6</ele>
      </trkpt>
      <trkpt lat="-9.304053" lon="-77.661427">
        <ele>3444.6</ele>
      </trkpt>
      <trkpt lat="-9.304085" lon="-77.661452">
        <ele>3444.8</ele>
      </trkpt>
      <trkpt lat="-9.304128" lon="-77.661483">
        <ele>3444.8</ele>
      </trkpt>
      <trkpt lat="-9.304163" lon="-77.661497">
        <ele>3444.8</ele>
      </trkpt>
      <trkpt lat="-9.304195" lon="-77.661517">
        <ele>3444.8</ele>
      </trkpt>
      <trkpt lat="-9.304215" lon="-77.661517">
        <ele>3445.2</ele>
      </trkpt>
      <trkpt lat="-9.304218" lon="-77.661497">
        <ele>3446</ele>
      </trkpt>
      <trkpt lat="-9.304235" lon="-77.66149">
        <ele>3444.4</ele>
      </trkpt>
      <trkpt lat="-9.304253" lon="-77.66149">
        <ele>3444.4</ele>
      </trkpt>
      <trkpt lat="-9.304273" lon="-77.661483">
        <ele>3444.2</ele>
      </trkpt>
      <trkpt lat="-9.3043" lon="-77.661478">
        <ele>3444.2</ele>
      </trkpt>
      <trkpt lat="-9.304328" lon="-77.661465">
        <ele>3444.2</ele>
      </trkpt>
      <trkpt lat="-9.30436" lon="-77.661458">
        <ele>3444.2</ele>
      </trkpt>
      <trkpt lat="-9.3044" lon="-77.661452">
        <ele>3444.2</ele>
      </trkpt>
      <trkpt lat="-9.304437" lon="-77.66144">
        <ele>3444.2</ele>
      </trkpt>
      <trkpt lat="-9.304472" lon="-77.66142">
        <ele>3444</ele>
      </trkpt>
      <trkpt lat="-9.3045" lon="-77.6614">
        <ele>3443.8</ele>
      </trkpt>
      <trkpt lat="-9.304527" lon="-77.661368">
        <ele>3443.4</ele>
      </trkpt>
      <trkpt lat="-9.304552" lon="-77.661337">
        <ele>3443.4</ele>
      </trkpt>
      <trkpt lat="-9.304575" lon="-77.661305">
        <ele>3443</ele>
      </trkpt>
      <trkpt lat="-9.304597" lon="-77.661285">
        <ele>3443</ele>
      </trkpt>
      <trkpt lat="-9.30462" lon="-77.66126">
        <ele>3442.8</ele>
      </trkpt>
      <trkpt lat="-9.304645" lon="-77.66124">
        <ele>3442.8</ele>
      </trkpt>
      <trkpt lat="-9.304668" lon="-77.661215">
        <ele>3442.2</ele>
      </trkpt>
      <trkpt lat="-9.304695" lon="-77.661202">
        <ele>3442.2</ele>
      </trkpt>
      <trkpt lat="-9.304723" lon="-77.661177">
        <ele>3442.2</ele>
      </trkpt>
      <trkpt lat="-9.304757" lon="-77.661145">
        <ele>3442.2</ele>
      </trkpt>
      <trkpt lat="-9.304788" lon="-77.661138">
        <ele>3441.8</ele>
      </trkpt>
      <trkpt lat="-9.304813" lon="-77.661132">
        <ele>3441.2</ele>
      </trkpt>
      <trkpt lat="-9.30485" lon="-77.66112">
        <ele>3440.8</ele>
      </trkpt>
      <trkpt lat="-9.304882" lon="-77.661107">
        <ele>3440.6</ele>
      </trkpt>
      <trkpt lat="-9.304912" lon="-77.6611">
        <ele>3440.4</ele>
      </trkpt>
      <trkpt lat="-9.304932" lon="-77.661093">
        <ele>3440.4</ele>
      </trkpt>
      <trkpt lat="-9.304962" lon="-77.661068">
        <ele>3440.4</ele>
      </trkpt>
      <trkpt lat="-9.304973" lon="-77.661037">
        <ele>3439.4</ele>
      </trkpt>
      <trkpt lat="-9.304967" lon="-77.66101">
        <ele>3439.4</ele>
      </trkpt>
      <trkpt lat="-9.304953" lon="-77.660985">
        <ele>3439.4</ele>
      </trkpt>
      <trkpt lat="-9.304932" lon="-77.66096">
        <ele>3439.4</ele>
      </trkpt>
      <trkpt lat="-9.304907" lon="-77.660933">
        <ele>3439.4</ele>
      </trkpt>
      <trkpt lat="-9.304888" lon="-77.660908">
        <ele>3439</ele>
      </trkpt>
      <trkpt lat="-9.304868" lon="-77.660895">
        <ele>3439.2</ele>
      </trkpt>
      <trkpt lat="-9.304855" lon="-77.660882">
        <ele>3439</ele>
      </trkpt>
      <trkpt lat="-9.30484" lon="-77.660863">
        <ele>3439</ele>
      </trkpt>
      <trkpt lat="-9.304823" lon="-77.660838">
        <ele>3439</ele>
      </trkpt>
      <trkpt lat="-9.304823" lon="-77.660818">
        <ele>3438.8</ele>
      </trkpt>
      <trkpt lat="-9.30483" lon="-77.6608">
        <ele>3438.8</ele>
      </trkpt>
      <trkpt lat="-9.304845" lon="-77.660773">
        <ele>3439.2</ele>
      </trkpt>
      <trkpt lat="-9.304868" lon="-77.660748">
        <ele>3439.6</ele>
      </trkpt>
      <trkpt lat="-9.304898" lon="-77.660722">
        <ele>3439.6</ele>
      </trkpt>
      <trkpt lat="-9.304937" lon="-77.660683">
        <ele>3439</ele>
      </trkpt>
      <trkpt lat="-9.30498" lon="-77.660645">
        <ele>3438.2</ele>
      </trkpt>
      <trkpt lat="-9.305028" lon="-77.660607">
        <ele>3438.2</ele>
      </trkpt>
      <trkpt lat="-9.30508" lon="-77.660568">
        <ele>3438.2</ele>
      </trkpt>
      <trkpt lat="-9.305127" lon="-77.660537">
        <ele>3437</ele>
      </trkpt>
      <trkpt lat="-9.305165" lon="-77.660505">
        <ele>3437</ele>
      </trkpt>
      <trkpt lat="-9.305197" lon="-77.660485">
        <ele>3435.6</ele>
      </trkpt>
      <trkpt lat="-9.305217" lon="-77.660467">
        <ele>3435</ele>
      </trkpt>
      <trkpt lat="-9.305235" lon="-77.660447">
        <ele>3434</ele>
      </trkpt>
      <trkpt lat="-9.30524" lon="-77.660428">
        <ele>3433.6</ele>
      </trkpt>
      <trkpt lat="-9.30525" lon="-77.660408">
        <ele>3433.4</ele>
      </trkpt>
      <trkpt lat="-9.305255" lon="-77.660383">
        <ele>3433.6</ele>
      </trkpt>
      <trkpt lat="-9.30526" lon="-77.660345">
        <ele>3433.2</ele>
      </trkpt>
      <trkpt lat="-9.305267" lon="-77.660313">
        <ele>3433.2</ele>
      </trkpt>
      <trkpt lat="-9.305272" lon="-77.660287">
        <ele>3433.2</ele>
      </trkpt>
      <trkpt lat="-9.305277" lon="-77.660255">
        <ele>3433.4</ele>
      </trkpt>
      <trkpt lat="-9.305278" lon="-77.660217">
        <ele>3432.8</ele>
      </trkpt>
      <trkpt lat="-9.305277" lon="-77.660185">
        <ele>3433</ele>
      </trkpt>
      <trkpt lat="-9.305275" lon="-77.660147">
        <ele>3432.8</ele>
      </trkpt>
      <trkpt lat="-9.305272" lon="-77.660115">
        <ele>3432.8</ele>
      </trkpt>
      <trkpt lat="-9.305272" lon="-77.660077">
        <ele>3432.4</ele>
      </trkpt>
      <trkpt lat="-9.305275" lon="-77.660057">
        <ele>3432</ele>
      </trkpt>
      <trkpt lat="-9.305282" lon="-77.660025">
        <ele>3432.2</ele>
      </trkpt>
      <trkpt lat="-9.305297" lon="-77.660005">
        <ele>3431.8</ele>
      </trkpt>
      <trkpt lat="-9.305315" lon="-77.659987">
        <ele>3431.8</ele>
      </trkpt>
      <trkpt lat="-9.305337" lon="-77.659967">
        <ele>3431.6</ele>
      </trkpt>
      <trkpt lat="-9.305357" lon="-77.659942">
        <ele>3431.4</ele>
      </trkpt>
      <trkpt lat="-9.30538" lon="-77.659928">
        <ele>3430.8</ele>
      </trkpt>
      <trkpt lat="-9.305403" lon="-77.65991">
        <ele>3430.4</ele>
      </trkpt>
      <trkpt lat="-9.30543" lon="-77.65989">
        <ele>3430.4</ele>
      </trkpt>
      <trkpt lat="-9.305463" lon="-77.659872">
        <ele>3430.2</ele>
      </trkpt>
      <trkpt lat="-9.3055" lon="-77.659858">
        <ele>3430</ele>
      </trkpt>
      <trkpt lat="-9.305535" lon="-77.659845">
        <ele>3429.8</ele>
      </trkpt>
      <trkpt lat="-9.305573" lon="-77.65982">
        <ele>3429.4</ele>
      </trkpt>
      <trkpt lat="-9.305608" lon="-77.659807">
        <ele>3429</ele>
      </trkpt>
      <trkpt lat="-9.305642" lon="-77.659782">
        <ele>3428.8</ele>
      </trkpt>
      <trkpt lat="-9.305673" lon="-77.659757">
        <ele>3428.6</ele>
      </trkpt>
      <trkpt lat="-9.305702" lon="-77.659718">
        <ele>3428.6</ele>
      </trkpt>
      <trkpt lat="-9.305722" lon="-77.659692">
        <ele>3428.4</ele>
      </trkpt>
      <trkpt lat="-9.305743" lon="-77.659653">
        <ele>3428</ele>
      </trkpt>
      <trkpt lat="-9.305767" lon="-77.65959">
        <ele>3428</ele>
      </trkpt>
      <trkpt lat="-9.305783" lon="-77.659545">
        <ele>3427.4</ele>
      </trkpt>
      <trkpt lat="-9.305807" lon="-77.659493">
        <ele>3427.2</ele>
      </trkpt>
      <trkpt lat="-9.305833" lon="-77.659417">
        <ele>3426.6</ele>
      </trkpt>
      <trkpt lat="-9.305853" lon="-77.65934">
        <ele>3426</ele>
      </trkpt>
      <trkpt lat="-9.30587" lon="-77.65927">
        <ele>3425.4</ele>
      </trkpt>
      <trkpt lat="-9.305878" lon="-77.6592">
        <ele>3424.6</ele>
      </trkpt>
      <trkpt lat="-9.305885" lon="-77.659122">
        <ele>3423.4</ele>
      </trkpt>
      <trkpt lat="-9.305892" lon="-77.659058">
        <ele>3422.6</ele>
      </trkpt>
      <trkpt lat="-9.3059" lon="-77.658982">
        <ele>3421.8</ele>
      </trkpt>
      <trkpt lat="-9.305907" lon="-77.658918">
        <ele>3421.8</ele>
      </trkpt>
      <trkpt lat="-9.305917" lon="-77.658867">
        <ele>3421.6</ele>
      </trkpt>
      <trkpt lat="-9.30593" lon="-77.658828">
        <ele>3421.2</ele>
      </trkpt>
      <trkpt lat="-9.305945" lon="-77.658797">
        <ele>3420.4</ele>
      </trkpt>
      <trkpt lat="-9.305967" lon="-77.658758">
        <ele>3419.8</ele>
      </trkpt>
      <trkpt lat="-9.305985" lon="-77.658738">
        <ele>3419.6</ele>
      </trkpt>
      <trkpt lat="-9.305992" lon="-77.658713">
        <ele>3419.6</ele>
      </trkpt>
      <trkpt lat="-9.305997" lon="-77.658693">
        <ele>3419</ele>
      </trkpt>
      <trkpt lat="-9.305997" lon="-77.658675">
        <ele>3418.8</ele>
      </trkpt>
      <trkpt lat="-9.305982" lon="-77.658637">
        <ele>3418.8</ele>
      </trkpt>
      <trkpt lat="-9.305972" lon="-77.658603">
        <ele>3418.8</ele>
      </trkpt>
      <trkpt lat="-9.305952" lon="-77.658585">
        <ele>3418.8</ele>
      </trkpt>
      <trkpt lat="-9.305932" lon="-77.658553">
        <ele>3418.6</ele>
      </trkpt>
      <trkpt lat="-9.305905" lon="-77.658527">
        <ele>3418.6</ele>
      </trkpt>
      <trkpt lat="-9.305877" lon="-77.658495">
        <ele>3418.4</ele>
      </trkpt>
      <trkpt lat="-9.305845" lon="-77.658463">
        <ele>3418.4</ele>
      </trkpt>
      <trkpt lat="-9.305812" lon="-77.658425">
        <ele>3417.8</ele>
      </trkpt>
      <trkpt lat="-9.305773" lon="-77.658387">
        <ele>3417.4</ele>
      </trkpt>
      <trkpt lat="-9.305733" lon="-77.658355">
        <ele>3417.2</ele>
      </trkpt>
      <trkpt lat="-9.305688" lon="-77.658322">
        <ele>3417</ele>
      </trkpt>
      <trkpt lat="-9.305642" lon="-77.658283">
        <ele>3416.6</ele>
      </trkpt>
      <trkpt lat="-9.3056" lon="-77.658258">
        <ele>3416.4</ele>
      </trkpt>
      <trkpt lat="-9.305563" lon="-77.658207">
        <ele>3416</ele>
      </trkpt>
      <trkpt lat="-9.305538" lon="-77.658168">
        <ele>3415.8</ele>
      </trkpt>
      <trkpt lat="-9.30552" lon="-77.658137">
        <ele>3415.4</ele>
      </trkpt>
      <trkpt lat="-9.305513" lon="-77.658098">
        <ele>3414.4</ele>
      </trkpt>
      <trkpt lat="-9.305513" lon="-77.658067">
        <ele>3414.4</ele>
      </trkpt>
      <trkpt lat="-9.305518" lon="-77.658028">
        <ele>3414.4</ele>
      </trkpt>
      <trkpt lat="-9.305523" lon="-77.65799">
        <ele>3414.2</ele>
      </trkpt>
      <trkpt lat="-9.305535" lon="-77.657958">
        <ele>3414</ele>
      </trkpt>
      <trkpt lat="-9.305553" lon="-77.65792">
        <ele>3413.6</ele>
      </trkpt>
      <trkpt lat="-9.305575" lon="-77.65788">
        <ele>3413</ele>
      </trkpt>
      <trkpt lat="-9.305602" lon="-77.657837">
        <ele>3412.2</ele>
      </trkpt>
      <trkpt lat="-9.305637" lon="-77.657792">
        <ele>3412</ele>
      </trkpt>
      <trkpt lat="-9.305672" lon="-77.657747">
        <ele>3411.8</ele>
      </trkpt>
      <trkpt lat="-9.305708" lon="-77.657702">
        <ele>3411.8</ele>
      </trkpt>
      <trkpt lat="-9.305747" lon="-77.657643">
        <ele>3411</ele>
      </trkpt>
      <trkpt lat="-9.305783" lon="-77.657605">
        <ele>3410.6</ele>
      </trkpt>
      <trkpt lat="-9.30582" lon="-77.65756">
        <ele>3410.6</ele>
      </trkpt>
      <trkpt lat="-9.305858" lon="-77.657517">
        <ele>3409.6</ele>
      </trkpt>
      <trkpt lat="-9.305892" lon="-77.657472">
        <ele>3409.2</ele>
      </trkpt>
      <trkpt lat="-9.305918" lon="-77.657427">
        <ele>3409</ele>
      </trkpt>
      <trkpt lat="-9.30594" lon="-77.657368">
        <ele>3408.4</ele>
      </trkpt>
      <trkpt lat="-9.305958" lon="-77.657318">
        <ele>3408.2</ele>
      </trkpt>
      <trkpt lat="-9.305972" lon="-77.657273">
        <ele>3407.4</ele>
      </trkpt>
      <trkpt lat="-9.305982" lon="-77.657228">
        <ele>3406.8</ele>
      </trkpt>
      <trkpt lat="-9.305992" lon="-77.65719">
        <ele>3406</ele>
      </trkpt>
      <trkpt lat="-9.306005" lon="-77.657152">
        <ele>3405.8</ele>
      </trkpt>
      <trkpt lat="-9.306017" lon="-77.657113">
        <ele>3405.4</ele>
      </trkpt>
      <trkpt lat="-9.30603" lon="-77.657087">
        <ele>3405.2</ele>
      </trkpt>
      <trkpt lat="-9.306057" lon="-77.657055">
        <ele>3405</ele>
      </trkpt>
      <trkpt lat="-9.30608" lon="-77.65703">
        <ele>3404.4</ele>
      </trkpt>
      <trkpt lat="-9.306103" lon="-77.657003">
        <ele>3404.6</ele>
      </trkpt>
      <trkpt lat="-9.306123" lon="-77.656972">
        <ele>3404.2</ele>
      </trkpt>
      <trkpt lat="-9.30614" lon="-77.65696">
        <ele>3403.8</ele>
      </trkpt>
      <trkpt lat="-9.30616" lon="-77.65692">
        <ele>3403.6</ele>
      </trkpt>
      <trkpt lat="-9.306173" lon="-77.656895">
        <ele>3403.4</ele>
      </trkpt>
      <trkpt lat="-9.306193" lon="-77.65687">
        <ele>3403.4</ele>
      </trkpt>
      <trkpt lat="-9.30622" lon="-77.656818">
        <ele>3403</ele>
      </trkpt>
      <trkpt lat="-9.306248" lon="-77.656787">
        <ele>3402.8</ele>
      </trkpt>
      <trkpt lat="-9.306278" lon="-77.656735">
        <ele>3402.4</ele>
      </trkpt>
      <trkpt lat="-9.306308" lon="-77.65669">
        <ele>3401.8</ele>
      </trkpt>
      <trkpt lat="-9.306342" lon="-77.656645">
        <ele>3401.4</ele>
      </trkpt>
      <trkpt lat="-9.306362" lon="-77.656607">
        <ele>3401.4</ele>
      </trkpt>
      <trkpt lat="-9.306388" lon="-77.656537">
        <ele>3400.8</ele>
      </trkpt>
      <trkpt lat="-9.306412" lon="-77.656485">
        <ele>3400.6</ele>
      </trkpt>
      <trkpt lat="-9.306438" lon="-77.656435">
        <ele>3400.4</ele>
      </trkpt>
      <trkpt lat="-9.30646" lon="-77.656377">
        <ele>3400</ele>
      </trkpt>
      <trkpt lat="-9.306487" lon="-77.656318">
        <ele>3399.2</ele>
      </trkpt>
      <trkpt lat="-9.306512" lon="-77.656262">
        <ele>3398.8</ele>
      </trkpt>
      <trkpt lat="-9.306525" lon="-77.656203">
        <ele>3398.4</ele>
      </trkpt>
      <trkpt lat="-9.306537" lon="-77.656153">
        <ele>3398</ele>
      </trkpt>
      <trkpt lat="-9.306545" lon="-77.656095">
        <ele>3397.6</ele>
      </trkpt>
      <trkpt lat="-9.306557" lon="-77.65605">
        <ele>3397.2</ele>
      </trkpt>
      <trkpt lat="-9.306572" lon="-77.656005">
        <ele>3396.6</ele>
      </trkpt>
      <trkpt lat="-9.30658" lon="-77.655973">
        <ele>3396</ele>
      </trkpt>
      <trkpt lat="-9.306592" lon="-77.655955">
        <ele>3395.6</ele>
      </trkpt>
      <trkpt lat="-9.306598" lon="-77.655928">
        <ele>3395.4</ele>
      </trkpt>
      <trkpt lat="-9.306598" lon="-77.655897">
        <ele>3394.6</ele>
      </trkpt>
      <trkpt lat="-9.306585" lon="-77.655883">
        <ele>3394</ele>
      </trkpt>
      <trkpt lat="-9.306565" lon="-77.655865">
        <ele>3393.8</ele>
      </trkpt>
      <trkpt lat="-9.306545" lon="-77.655858">
        <ele>3393.6</ele>
      </trkpt>
      <trkpt lat="-9.306525" lon="-77.655865">
        <ele>3393.2</ele>
      </trkpt>
      <trkpt lat="-9.306507" lon="-77.65589">
        <ele>3393.2</ele>
      </trkpt>
      <trkpt lat="-9.306483" lon="-77.655917">
        <ele>3393</ele>
      </trkpt>
      <trkpt lat="-9.306473" lon="-77.655935">
        <ele>3392.8</ele>
      </trkpt>
      <trkpt lat="-9.306467" lon="-77.655973">
        <ele>3392.2</ele>
      </trkpt>
      <trkpt lat="-9.306453" lon="-77.656012">
        <ele>3391.6</ele>
      </trkpt>
      <trkpt lat="-9.30644" lon="-77.65605">
        <ele>3391.2</ele>
      </trkpt>
      <trkpt lat="-9.306432" lon="-77.656082">
        <ele>3390.6</ele>
      </trkpt>
      <trkpt lat="-9.306418" lon="-77.65612">
        <ele>3390.4</ele>
      </trkpt>
      <trkpt lat="-9.306402" lon="-77.656153">
        <ele>3390.2</ele>
      </trkpt>
      <trkpt lat="-9.306387" lon="-77.656178">
        <ele>3389.4</ele>
      </trkpt>
      <trkpt lat="-9.306362" lon="-77.65621">
        <ele>3389</ele>
      </trkpt>
      <trkpt lat="-9.306328" lon="-77.656237">
        <ele>3388.6</ele>
      </trkpt>
      <trkpt lat="-9.306293" lon="-77.656248">
        <ele>3388.4</ele>
      </trkpt>
      <trkpt lat="-9.306255" lon="-77.656275">
        <ele>3388.4</ele>
      </trkpt>
      <trkpt lat="-9.306223" lon="-77.656293">
        <ele>3388</ele>
      </trkpt>
      <trkpt lat="-9.306193" lon="-77.656318">
        <ele>3387.6</ele>
      </trkpt>
      <trkpt lat="-9.306163" lon="-77.656338">
        <ele>3387</ele>
      </trkpt>
      <trkpt lat="-9.306138" lon="-77.656363">
        <ele>3386.4</ele>
      </trkpt>
      <trkpt lat="-9.306123" lon="-77.65639">
        <ele>3386.2</ele>
      </trkpt>
      <trkpt lat="-9.306108" lon="-77.656402">
        <ele>3385.6</ele>
      </trkpt>
      <trkpt lat="-9.306097" lon="-77.656422">
        <ele>3385.4</ele>
      </trkpt>
      <trkpt lat="-9.30608" lon="-77.656435">
        <ele>3385.4</ele>
      </trkpt>
      <trkpt lat="-9.30605" lon="-77.656447">
        <ele>3385</ele>
      </trkpt>
      <trkpt lat="-9.306017" lon="-77.656453">
        <ele>3385.2</ele>
      </trkpt>
      <trkpt lat="-9.30598" lon="-77.65646">
        <ele>3385.2</ele>
      </trkpt>
      <trkpt lat="-9.30594" lon="-77.656453">
        <ele>3384.6</ele>
      </trkpt>
      <trkpt lat="-9.305898" lon="-77.656447">
        <ele>3384.4</ele>
      </trkpt>
      <trkpt lat="-9.305857" lon="-77.656447">
        <ele>3384.4</ele>
      </trkpt>
      <trkpt lat="-9.305818" lon="-77.656447">
        <ele>3383.8</ele>
      </trkpt>
      <trkpt lat="-9.305777" lon="-77.656447">
        <ele>3383.4</ele>
      </trkpt>
      <trkpt lat="-9.305738" lon="-77.656453">
        <ele>3382.8</ele>
      </trkpt>
      <trkpt lat="-9.305698" lon="-77.65646">
        <ele>3382.4</ele>
      </trkpt>
      <trkpt lat="-9.305658" lon="-77.656473">
        <ele>3382.2</ele>
      </trkpt>
      <trkpt lat="-9.305615" lon="-77.65648">
        <ele>3381.8</ele>
      </trkpt>
      <trkpt lat="-9.305575" lon="-77.656485">
        <ele>3381.2</ele>
      </trkpt>
      <trkpt lat="-9.30554" lon="-77.656492">
        <ele>3381.2</ele>
      </trkpt>
      <trkpt lat="-9.305515" lon="-77.656498">
        <ele>3380.8</ele>
      </trkpt>
      <trkpt lat="-9.30548" lon="-77.656518">
        <ele>3380.4</ele>
      </trkpt>
      <trkpt lat="-9.30546" lon="-77.656523">
        <ele>3380.2</ele>
      </trkpt>
      <trkpt lat="-9.305445" lon="-77.656537">
        <ele>3380.4</ele>
      </trkpt>
      <trkpt lat="-9.305435" lon="-77.656557">
        <ele>3380.4</ele>
      </trkpt>
      <trkpt lat="-9.305423" lon="-77.656537">
        <ele>3380.4</ele>
      </trkpt>
      <trkpt lat="-9.305405" lon="-77.65653">
        <ele>3379</ele>
      </trkpt>
      <trkpt lat="-9.305413" lon="-77.65653">
        <ele>3381</ele>
      </trkpt>
      <trkpt lat="-9.30546" lon="-77.65653">
        <ele>3382.6</ele>
      </trkpt>
      <trkpt lat="-9.305455" lon="-77.656518">
        <ele>3387.4</ele>
      </trkpt>
      <trkpt lat="-9.305423" lon="-77.656562">
        <ele>3390.6</ele>
      </trkpt>
      <trkpt lat="-9.305468" lon="-77.65653">
        <ele>3401.6</ele>
      </trkpt>
      <trkpt lat="-9.305445" lon="-77.656568">
        <ele>3403.8</ele>
      </trkpt>
      <trkpt lat="-9.305437" lon="-77.656595">
        <ele>3403.8</ele>
      </trkpt>
      <trkpt lat="-9.305423" lon="-77.65662">
        <ele>3403.8</ele>
      </trkpt>
      <trkpt lat="-9.305415" lon="-77.656652">
        <ele>3403.6</ele>
      </trkpt>
      <trkpt lat="-9.305403" lon="-77.656683">
        <ele>3403.6</ele>
      </trkpt>
      <trkpt lat="-9.305397" lon="-77.65671">
        <ele>3403.6</ele>
      </trkpt>
      <trkpt lat="-9.305385" lon="-77.656735">
        <ele>3403.4</ele>
      </trkpt>
      <trkpt lat="-9.305377" lon="-77.656767">
        <ele>3403.4</ele>
      </trkpt>
      <trkpt lat="-9.30537" lon="-77.656793">
        <ele>3403</ele>
      </trkpt>
      <trkpt lat="-9.305365" lon="-77.656832">
        <ele>3403</ele>
      </trkpt>
      <trkpt lat="-9.305363" lon="-77.656857">
        <ele>3402.6</ele>
      </trkpt>
      <trkpt lat="-9.30536" lon="-77.656882">
        <ele>3401.6</ele>
      </trkpt>
      <trkpt lat="-9.30535" lon="-77.656927">
        <ele>3401</ele>
      </trkpt>
      <trkpt lat="-9.305343" lon="-77.656965">
        <ele>3400.8</ele>
      </trkpt>
      <trkpt lat="-9.305337" lon="-77.656992">
        <ele>3399.8</ele>
      </trkpt>
      <trkpt lat="-9.305325" lon="-77.657017">
        <ele>3399.4</ele>
      </trkpt>
      <trkpt lat="-9.30531" lon="-77.657055">
        <ele>3399.4</ele>
      </trkpt>
      <trkpt lat="-9.305297" lon="-77.657093">
        <ele>3399.4</ele>
      </trkpt>
      <trkpt lat="-9.30528" lon="-77.657125">
        <ele>3399.6</ele>
      </trkpt>
      <trkpt lat="-9.305265" lon="-77.657158">
        <ele>3399.6</ele>
      </trkpt>
      <trkpt lat="-9.305252" lon="-77.657197">
        <ele>3399.2</ele>
      </trkpt>
      <trkpt lat="-9.30524" lon="-77.657228">
        <ele>3398.8</ele>
      </trkpt>
      <trkpt lat="-9.305227" lon="-77.657253">
        <ele>3398.6</ele>
      </trkpt>
      <trkpt lat="-9.305218" lon="-77.65728">
        <ele>3397.8</ele>
      </trkpt>
      <trkpt lat="-9.305207" lon="-77.657312">
        <ele>3397</ele>
      </trkpt>
      <trkpt lat="-9.305197" lon="-77.65733">
        <ele>3396.6</ele>
      </trkpt>
      <trkpt lat="-9.305185" lon="-77.657357">
        <ele>3396.6</ele>
      </trkpt>
      <trkpt lat="-9.305175" lon="-77.657388">
        <ele>3396</ele>
      </trkpt>
      <trkpt lat="-9.305162" lon="-77.657407">
        <ele>3395.8</ele>
      </trkpt>
      <trkpt lat="-9.305145" lon="-77.65744">
        <ele>3395.8</ele>
      </trkpt>
      <trkpt lat="-9.30513" lon="-77.657465">
        <ele>3395.6</ele>
      </trkpt>
      <trkpt lat="-9.305107" lon="-77.657483">
        <ele>3395.2</ele>
      </trkpt>
      <trkpt lat="-9.305082" lon="-77.657503">
        <ele>3395</ele>
      </trkpt>
      <trkpt lat="-9.305053" lon="-77.657517">
        <ele>3394.4</ele>
      </trkpt>
      <trkpt lat="-9.30502" lon="-77.657528">
        <ele>3394.2</ele>
      </trkpt>
      <trkpt lat="-9.304988" lon="-77.657542">
        <ele>3394.2</ele>
      </trkpt>
      <trkpt lat="-9.304953" lon="-77.657548">
        <ele>3393.8</ele>
      </trkpt>
      <trkpt lat="-9.304922" lon="-77.65756">
        <ele>3393.6</ele>
      </trkpt>
      <trkpt lat="-9.30489" lon="-77.657567">
        <ele>3393.2</ele>
      </trkpt>
      <trkpt lat="-9.30486" lon="-77.657593">
        <ele>3393.2</ele>
      </trkpt>
      <trkpt lat="-9.30483" lon="-77.657612">
        <ele>3393</ele>
      </trkpt>
      <trkpt lat="-9.304808" lon="-77.657638">
        <ele>3392.6</ele>
      </trkpt>
      <trkpt lat="-9.304783" lon="-77.657663">
        <ele>3392.4</ele>
      </trkpt>
      <trkpt lat="-9.30476" lon="-77.657688">
        <ele>3391.8</ele>
      </trkpt>
      <trkpt lat="-9.304737" lon="-77.65772">
        <ele>3391.8</ele>
      </trkpt>
      <trkpt lat="-9.304718" lon="-77.657753">
        <ele>3391.4</ele>
      </trkpt>
      <trkpt lat="-9.3047" lon="-77.657785">
        <ele>3391</ele>
      </trkpt>
      <trkpt lat="-9.304688" lon="-77.657803">
        <ele>3391</ele>
      </trkpt>
      <trkpt lat="-9.304677" lon="-77.657837">
        <ele>3391</ele>
      </trkpt>
      <trkpt lat="-9.304665" lon="-77.657868">
        <ele>3390.8</ele>
      </trkpt>
      <trkpt lat="-9.304643" lon="-77.6579">
        <ele>3390</ele>
      </trkpt>
      <trkpt lat="-9.304612" lon="-77.657907">
        <ele>3389.6</ele>
      </trkpt>
      <trkpt lat="-9.304592" lon="-77.657907">
        <ele>3389.2</ele>
      </trkpt>
      <trkpt lat="-9.304565" lon="-77.657875">
        <ele>3388.4</ele>
      </trkpt>
      <trkpt lat="-9.304565" lon="-77.657848">
        <ele>3388.2</ele>
      </trkpt>
      <trkpt lat="-9.304575" lon="-77.657823">
        <ele>3387.8</ele>
      </trkpt>
      <trkpt lat="-9.304587" lon="-77.657792">
        <ele>3387.6</ele>
      </trkpt>
      <trkpt lat="-9.304602" lon="-77.65776">
        <ele>3387.4</ele>
      </trkpt>
      <trkpt lat="-9.30462" lon="-77.657715">
        <ele>3387.4</ele>
      </trkpt>
      <trkpt lat="-9.304637" lon="-77.65767">
        <ele>3387.4</ele>
      </trkpt>
      <trkpt lat="-9.304655" lon="-77.657625">
        <ele>3386.2</ele>
      </trkpt>
      <trkpt lat="-9.304663" lon="-77.657587">
        <ele>3386</ele>
      </trkpt>
      <trkpt lat="-9.304675" lon="-77.657548">
        <ele>3385.8</ele>
      </trkpt>
      <trkpt lat="-9.30468" lon="-77.657503">
        <ele>3385.6</ele>
      </trkpt>
      <trkpt lat="-9.304683" lon="-77.657465">
        <ele>3385.2</ele>
      </trkpt>
      <trkpt lat="-9.304677" lon="-77.657427">
        <ele>3384.6</ele>
      </trkpt>
      <trkpt lat="-9.304672" lon="-77.657375">
        <ele>3384.2</ele>
      </trkpt>
      <trkpt lat="-9.304657" lon="-77.657343">
        <ele>3383.6</ele>
      </trkpt>
      <trkpt lat="-9.304643" lon="-77.657312">
        <ele>3383.2</ele>
      </trkpt>
      <trkpt lat="-9.304623" lon="-77.65728">
        <ele>3382.6</ele>
      </trkpt>
      <trkpt lat="-9.30461" lon="-77.65724">
        <ele>3382.4</ele>
      </trkpt>
      <trkpt lat="-9.304602" lon="-77.657202">
        <ele>3382</ele>
      </trkpt>
      <trkpt lat="-9.304607" lon="-77.657163">
        <ele>3381.6</ele>
      </trkpt>
      <trkpt lat="-9.30462" lon="-77.657125">
        <ele>3381.2</ele>
      </trkpt>
      <trkpt lat="-9.304635" lon="-77.657087">
        <ele>3381</ele>
      </trkpt>
      <trkpt lat="-9.304647" lon="-77.657048">
        <ele>3380.8</ele>
      </trkpt>
      <trkpt lat="-9.30466" lon="-77.657003">
        <ele>3380.2</ele>
      </trkpt>
      <trkpt lat="-9.30467" lon="-77.65696">
        <ele>3380</ele>
      </trkpt>
      <trkpt lat="-9.30468" lon="-77.656908">
        <ele>3379.6</ele>
      </trkpt>
      <trkpt lat="-9.304693" lon="-77.656857">
        <ele>3379.4</ele>
      </trkpt>
      <trkpt lat="-9.304703" lon="-77.656812">
        <ele>3379.2</ele>
      </trkpt>
      <trkpt lat="-9.304713" lon="-77.656773">
        <ele>3379</ele>
      </trkpt>
      <trkpt lat="-9.30472" lon="-77.656728">
        <ele>3378.2</ele>
      </trkpt>
      <trkpt lat="-9.304728" lon="-77.656678">
        <ele>3377.6</ele>
      </trkpt>
      <trkpt lat="-9.304725" lon="-77.65664">
        <ele>3377.4</ele>
      </trkpt>
      <trkpt lat="-9.304725" lon="-77.6566">
        <ele>3376.8</ele>
      </trkpt>
      <trkpt lat="-9.304725" lon="-77.656562">
        <ele>3376.6</ele>
      </trkpt>
      <trkpt lat="-9.304735" lon="-77.65653">
        <ele>3376.4</ele>
      </trkpt>
      <trkpt lat="-9.304753" lon="-77.656498">
        <ele>3376.2</ele>
      </trkpt>
      <trkpt lat="-9.304782" lon="-77.656473">
        <ele>3375.6</ele>
      </trkpt>
      <trkpt lat="-9.304815" lon="-77.65644">
        <ele>3375.2</ele>
      </trkpt>
      <trkpt lat="-9.304848" lon="-77.656408">
        <ele>3374.8</ele>
      </trkpt>
      <trkpt lat="-9.304882" lon="-77.65637">
        <ele>3374.6</ele>
      </trkpt>
      <trkpt lat="-9.304915" lon="-77.656332">
        <ele>3374</ele>
      </trkpt>
      <trkpt lat="-9.304943" lon="-77.656287">
        <ele>3373.6</ele>
      </trkpt>
      <trkpt lat="-9.304962" lon="-77.656248">
        <ele>3373.2</ele>
      </trkpt>
      <trkpt lat="-9.304978" lon="-77.656198">
        <ele>3372.6</ele>
      </trkpt>
      <trkpt lat="-9.304997" lon="-77.656133">
        <ele>3372.2</ele>
      </trkpt>
      <trkpt lat="-9.305007" lon="-77.656102">
        <ele>3371.8</ele>
      </trkpt>
      <trkpt lat="-9.305033" lon="-77.65605">
        <ele>3371.2</ele>
      </trkpt>
      <trkpt lat="-9.305062" lon="-77.656018">
        <ele>3370.8</ele>
      </trkpt>
      <trkpt lat="-9.305093" lon="-77.655993">
        <ele>3370.6</ele>
      </trkpt>
      <trkpt lat="-9.30512" lon="-77.655973">
        <ele>3370.4</ele>
      </trkpt>
      <trkpt lat="-9.305147" lon="-77.65596">
        <ele>3369.8</ele>
      </trkpt>
      <trkpt lat="-9.305185" lon="-77.655942">
        <ele>3369.4</ele>
      </trkpt>
      <trkpt lat="-9.30522" lon="-77.655928">
        <ele>3369.2</ele>
      </trkpt>
      <trkpt lat="-9.305232" lon="-77.655903">
        <ele>3369</ele>
      </trkpt>
      <trkpt lat="-9.305227" lon="-77.655878">
        <ele>3368.2</ele>
      </trkpt>
      <trkpt lat="-9.305207" lon="-77.655865">
        <ele>3367.8</ele>
      </trkpt>
      <trkpt lat="-9.305182" lon="-77.655878">
        <ele>3367.4</ele>
      </trkpt>
      <trkpt lat="-9.305157" lon="-77.655897">
        <ele>3366.8</ele>
      </trkpt>
      <trkpt lat="-9.305138" lon="-77.655917">
        <ele>3366.6</ele>
      </trkpt>
      <trkpt lat="-9.305118" lon="-77.655928">
        <ele>3366.4</ele>
      </trkpt>
      <trkpt lat="-9.305087" lon="-77.655942">
        <ele>3366.2</ele>
      </trkpt>
      <trkpt lat="-9.305052" lon="-77.655967">
        <ele>3365.6</ele>
      </trkpt>
      <trkpt lat="-9.305013" lon="-77.655993">
        <ele>3365.2</ele>
      </trkpt>
      <trkpt lat="-9.304977" lon="-77.656005">
        <ele>3365.2</ele>
      </trkpt>
      <trkpt lat="-9.30494" lon="-77.656025">
        <ele>3364.8</ele>
      </trkpt>
      <trkpt lat="-9.304902" lon="-77.656043">
        <ele>3364.8</ele>
      </trkpt>
      <trkpt lat="-9.304868" lon="-77.656057">
        <ele>3364.6</ele>
      </trkpt>
      <trkpt lat="-9.304818" lon="-77.656077">
        <ele>3364</ele>
      </trkpt>
      <trkpt lat="-9.304782" lon="-77.656088">
        <ele>3363.6</ele>
      </trkpt>
      <trkpt lat="-9.30474" lon="-77.656102">
        <ele>3363.2</ele>
      </trkpt>
      <trkpt lat="-9.3047" lon="-77.65612">
        <ele>3362.4</ele>
      </trkpt>
      <trkpt lat="-9.30466" lon="-77.65614">
        <ele>3361.8</ele>
      </trkpt>
      <trkpt lat="-9.304615" lon="-77.656165">
        <ele>3361.4</ele>
      </trkpt>
      <trkpt lat="-9.304578" lon="-77.656178">
        <ele>3360.8</ele>
      </trkpt>
      <trkpt lat="-9.30454" lon="-77.656203">
        <ele>3360.2</ele>
      </trkpt>
      <trkpt lat="-9.304502" lon="-77.656217">
        <ele>3359.4</ele>
      </trkpt>
      <trkpt lat="-9.304472" lon="-77.656223">
        <ele>3359.2</ele>
      </trkpt>
      <trkpt lat="-9.304432" lon="-77.656242">
        <ele>3359.2</ele>
      </trkpt>
      <trkpt lat="-9.304383" lon="-77.656248">
        <ele>3359.2</ele>
      </trkpt>
      <trkpt lat="-9.304353" lon="-77.656262">
        <ele>3358.2</ele>
      </trkpt>
      <trkpt lat="-9.304313" lon="-77.65628">
        <ele>3358.2</ele>
      </trkpt>
      <trkpt lat="-9.304267" lon="-77.6563">
        <ele>3358</ele>
      </trkpt>
      <trkpt lat="-9.304213" lon="-77.656325">
        <ele>3358</ele>
      </trkpt>
      <trkpt lat="-9.304168" lon="-77.656352">
        <ele>3357.6</ele>
      </trkpt>
      <trkpt lat="-9.304135" lon="-77.65637">
        <ele>3357.2</ele>
      </trkpt>
      <trkpt lat="-9.304098" lon="-77.656402">
        <ele>3357</ele>
      </trkpt>
      <trkpt lat="-9.30406" lon="-77.656447">
        <ele>3356.4</ele>
      </trkpt>
      <trkpt lat="-9.304037" lon="-77.65648">
        <ele>3356</ele>
      </trkpt>
      <trkpt lat="-9.304018" lon="-77.656518">
        <ele>3355.6</ele>
      </trkpt>
      <trkpt lat="-9.304" lon="-77.65655">
        <ele>3354.8</ele>
      </trkpt>
      <trkpt lat="-9.303983" lon="-77.656575">
        <ele>3354.4</ele>
      </trkpt>
      <trkpt lat="-9.303965" lon="-77.656595">
        <ele>3353.6</ele>
      </trkpt>
      <trkpt lat="-9.303948" lon="-77.656613">
        <ele>3352.8</ele>
      </trkpt>
      <trkpt lat="-9.303923" lon="-77.65662">
        <ele>3352</ele>
      </trkpt>
      <trkpt lat="-9.303905" lon="-77.65662">
        <ele>3352</ele>
      </trkpt>
      <trkpt lat="-9.303885" lon="-77.65662">
        <ele>3352</ele>
      </trkpt>
      <trkpt lat="-9.303867" lon="-77.656633">
        <ele>3352</ele>
      </trkpt>
      <trkpt lat="-9.30384" lon="-77.656633">
        <ele>3351.8</ele>
      </trkpt>
      <trkpt lat="-9.303812" lon="-77.656645">
        <ele>3351.6</ele>
      </trkpt>
      <trkpt lat="-9.303772" lon="-77.656672">
        <ele>3351.6</ele>
      </trkpt>
      <trkpt lat="-9.303742" lon="-77.656683">
        <ele>3351.2</ele>
      </trkpt>
      <trkpt lat="-9.303708" lon="-77.656717">
        <ele>3351</ele>
      </trkpt>
      <trkpt lat="-9.303673" lon="-77.656748">
        <ele>3351</ele>
      </trkpt>
      <trkpt lat="-9.303637" lon="-77.656773">
        <ele>3351</ele>
      </trkpt>
      <trkpt lat="-9.303597" lon="-77.656812">
        <ele>3350.6</ele>
      </trkpt>
      <trkpt lat="-9.30356" lon="-77.656838">
        <ele>3350.4</ele>
      </trkpt>
      <trkpt lat="-9.303502" lon="-77.65687">
        <ele>3349.8</ele>
      </trkpt>
      <trkpt lat="-9.303453" lon="-77.656895">
        <ele>3349.6</ele>
      </trkpt>
      <trkpt lat="-9.303408" lon="-77.65692">
        <ele>3349.2</ele>
      </trkpt>
      <trkpt lat="-9.303373" lon="-77.65696">
        <ele>3349</ele>
      </trkpt>
      <trkpt lat="-9.303345" lon="-77.656985">
        <ele>3348.8</ele>
      </trkpt>
      <trkpt lat="-9.30332" lon="-77.65701">
        <ele>3348.2</ele>
      </trkpt>
      <trkpt lat="-9.3033" lon="-77.65703">
        <ele>3347.8</ele>
      </trkpt>
      <trkpt lat="-9.303277" lon="-77.65703">
        <ele>3347.4</ele>
      </trkpt>
      <trkpt lat="-9.303255" lon="-77.65703">
        <ele>3347.2</ele>
      </trkpt>
      <trkpt lat="-9.303237" lon="-77.65701">
        <ele>3346.4</ele>
      </trkpt>
      <trkpt lat="-9.303223" lon="-77.656972">
        <ele>3346</ele>
      </trkpt>
      <trkpt lat="-9.30323" lon="-77.656933">
        <ele>3345.6</ele>
      </trkpt>
      <trkpt lat="-9.30324" lon="-77.656908">
        <ele>3345</ele>
      </trkpt>
      <trkpt lat="-9.303257" lon="-77.656857">
        <ele>3344.8</ele>
      </trkpt>
      <trkpt lat="-9.303273" lon="-77.656818">
        <ele>3344.6</ele>
      </trkpt>
      <trkpt lat="-9.303295" lon="-77.656767">
        <ele>3344.4</ele>
      </trkpt>
      <trkpt lat="-9.303323" lon="-77.656722">
        <ele>3344.4</ele>
      </trkpt>
      <trkpt lat="-9.30335" lon="-77.656683">
        <ele>3344.2</ele>
      </trkpt>
      <trkpt lat="-9.303388" lon="-77.65664">
        <ele>3344</ele>
      </trkpt>
      <trkpt lat="-9.303415" lon="-77.656613">
        <ele>3343.8</ele>
      </trkpt>
      <trkpt lat="-9.30345" lon="-77.656575">
        <ele>3343.4</ele>
      </trkpt>
      <trkpt lat="-9.303488" lon="-77.656537">
        <ele>3343.2</ele>
      </trkpt>
      <trkpt lat="-9.303522" lon="-77.656492">
        <ele>3342.8</ele>
      </trkpt>
      <trkpt lat="-9.303563" lon="-77.656447">
        <ele>3342.4</ele>
      </trkpt>
      <trkpt lat="-9.303597" lon="-77.656402">
        <ele>3341.8</ele>
      </trkpt>
      <trkpt lat="-9.30362" lon="-77.656358">
        <ele>3341.4</ele>
      </trkpt>
      <trkpt lat="-9.303637" lon="-77.656313">
        <ele>3341.2</ele>
      </trkpt>
      <trkpt lat="-9.303642" lon="-77.656255">
        <ele>3340.4</ele>
      </trkpt>
      <trkpt lat="-9.303647" lon="-77.65621">
        <ele>3339.8</ele>
      </trkpt>
      <trkpt lat="-9.303652" lon="-77.65616">
        <ele>3339.4</ele>
      </trkpt>
      <trkpt lat="-9.30366" lon="-77.656095">
        <ele>3339</ele>
      </trkpt>
      <trkpt lat="-9.303673" lon="-77.656038">
        <ele>3338.4</ele>
      </trkpt>
      <trkpt lat="-9.303687" lon="-77.656">
        <ele>3338.2</ele>
      </trkpt>
      <trkpt lat="-9.303705" lon="-77.655955">
        <ele>3337.4</ele>
      </trkpt>
      <trkpt lat="-9.30372" lon="-77.655917">
        <ele>3336.8</ele>
      </trkpt>
      <trkpt lat="-9.303733" lon="-77.655883">
        <ele>3336.2</ele>
      </trkpt>
      <trkpt lat="-9.303745" lon="-77.655852">
        <ele>3336</ele>
      </trkpt>
      <trkpt lat="-9.303765" lon="-77.65582">
        <ele>3335.8</ele>
      </trkpt>
      <trkpt lat="-9.303785" lon="-77.655782">
        <ele>3335.6</ele>
      </trkpt>
      <trkpt lat="-9.30381" lon="-77.655743">
        <ele>3335.2</ele>
      </trkpt>
      <trkpt lat="-9.303838" lon="-77.655698">
        <ele>3334.6</ele>
      </trkpt>
      <trkpt lat="-9.30386" lon="-77.655667">
        <ele>3334.6</ele>
      </trkpt>
      <trkpt lat="-9.303885" lon="-77.65564">
        <ele>3334.2</ele>
      </trkpt>
      <trkpt lat="-9.303915" lon="-77.655615">
        <ele>3333.8</ele>
      </trkpt>
      <trkpt lat="-9.30395" lon="-77.655602">
        <ele>3333.6</ele>
      </trkpt>
      <trkpt lat="-9.303985" lon="-77.655583">
        <ele>3333</ele>
      </trkpt>
      <trkpt lat="-9.304023" lon="-77.655583">
        <ele>3332.8</ele>
      </trkpt>
      <trkpt lat="-9.30406" lon="-77.655577">
        <ele>3332.6</ele>
      </trkpt>
      <trkpt lat="-9.304103" lon="-77.655577">
        <ele>3332.6</ele>
      </trkpt>
      <trkpt lat="-9.30415" lon="-77.65557">
        <ele>3332.2</ele>
      </trkpt>
      <trkpt lat="-9.304195" lon="-77.655545">
        <ele>3332.2</ele>
      </trkpt>
      <trkpt lat="-9.304233" lon="-77.655507">
        <ele>3332.2</ele>
      </trkpt>
      <trkpt lat="-9.304267" lon="-77.655462">
        <ele>3332.2</ele>
      </trkpt>
      <trkpt lat="-9.304292" lon="-77.655423">
        <ele>3331.2</ele>
      </trkpt>
      <trkpt lat="-9.304328" lon="-77.655372">
        <ele>3330.8</ele>
      </trkpt>
      <trkpt lat="-9.30436" lon="-77.65534">
        <ele>3330.2</ele>
      </trkpt>
      <trkpt lat="-9.304387" lon="-77.655308">
        <ele>3329.6</ele>
      </trkpt>
      <trkpt lat="-9.304402" lon="-77.655288">
        <ele>3329</ele>
      </trkpt>
      <trkpt lat="-9.304417" lon="-77.655257">
        <ele>3328.8</ele>
      </trkpt>
      <trkpt lat="-9.304417" lon="-77.655225">
        <ele>3328.2</ele>
      </trkpt>
      <trkpt lat="-9.304392" lon="-77.655205">
        <ele>3327.8</ele>
      </trkpt>
      <trkpt lat="-9.304358" lon="-77.655205">
        <ele>3327.4</ele>
      </trkpt>
      <trkpt lat="-9.30432" lon="-77.655212">
        <ele>3327.2</ele>
      </trkpt>
      <trkpt lat="-9.304292" lon="-77.655238">
        <ele>3327</ele>
      </trkpt>
      <trkpt lat="-9.304257" lon="-77.655257">
        <ele>3326.8</ele>
      </trkpt>
      <trkpt lat="-9.304208" lon="-77.655295">
        <ele>3326.4</ele>
      </trkpt>
      <trkpt lat="-9.304165" lon="-77.655333">
        <ele>3325.8</ele>
      </trkpt>
      <trkpt lat="-9.304118" lon="-77.655365">
        <ele>3325.8</ele>
      </trkpt>
      <trkpt lat="-9.304078" lon="-77.655385">
        <ele>3325.6</ele>
      </trkpt>
      <trkpt lat="-9.304025" lon="-77.655403">
        <ele>3324.6</ele>
      </trkpt>
      <trkpt lat="-9.303963" lon="-77.65541">
        <ele>3324</ele>
      </trkpt>
      <trkpt lat="-9.303912" lon="-77.655417">
        <ele>3323.8</ele>
      </trkpt>
      <trkpt lat="-9.303862" lon="-77.655417">
        <ele>3323.2</ele>
      </trkpt>
      <trkpt lat="-9.303817" lon="-77.655417">
        <ele>3322.8</ele>
      </trkpt>
      <trkpt lat="-9.303782" lon="-77.655417">
        <ele>3322.2</ele>
      </trkpt>
      <trkpt lat="-9.303758" lon="-77.655417">
        <ele>3321.4</ele>
      </trkpt>
      <trkpt lat="-9.303777" lon="-77.655417">
        <ele>3320.6</ele>
      </trkpt>
      <trkpt lat="-9.303807" lon="-77.655417">
        <ele>3320.6</ele>
      </trkpt>
      <trkpt lat="-9.303832" lon="-77.655417">
        <ele>3321.2</ele>
      </trkpt>
      <trkpt lat="-9.303852" lon="-77.655417">
        <ele>3321.2</ele>
      </trkpt>
      <trkpt lat="-9.303867" lon="-77.655403">
        <ele>3320.8</ele>
      </trkpt>
      <trkpt lat="-9.303865" lon="-77.655385">
        <ele>3321.6</ele>
      </trkpt>
      <trkpt lat="-9.303865" lon="-77.655347">
        <ele>3320.4</ele>
      </trkpt>
      <trkpt lat="-9.30386" lon="-77.655327">
        <ele>3319.4</ele>
      </trkpt>
      <trkpt lat="-9.303877" lon="-77.655308">
        <ele>3318.6</ele>
      </trkpt>
      <trkpt lat="-9.303897" lon="-77.655308">
        <ele>3318.6</ele>
      </trkpt>
      <trkpt lat="-9.303915" lon="-77.655302">
        <ele>3318.6</ele>
      </trkpt>
      <trkpt lat="-9.303932" lon="-77.655295">
        <ele>3319</ele>
      </trkpt>
      <trkpt lat="-9.303952" lon="-77.655282">
        <ele>3318.6</ele>
      </trkpt>
      <trkpt lat="-9.30397" lon="-77.655263">
        <ele>3318</ele>
      </trkpt>
      <trkpt lat="-9.30399" lon="-77.655257">
        <ele>3317.8</ele>
      </trkpt>
      <trkpt lat="-9.30402" lon="-77.655243">
        <ele>3317.8</ele>
      </trkpt>
      <trkpt lat="-9.30404" lon="-77.655238">
        <ele>3317.8</ele>
      </trkpt>
      <trkpt lat="-9.304055" lon="-77.655218">
        <ele>3317.8</ele>
      </trkpt>
      <trkpt lat="-9.304068" lon="-77.655205">
        <ele>3318</ele>
      </trkpt>
      <trkpt lat="-9.304085" lon="-77.655187">
        <ele>3318</ele>
      </trkpt>
      <trkpt lat="-9.304095" lon="-77.655167">
        <ele>3318</ele>
      </trkpt>
      <trkpt lat="-9.304098" lon="-77.655148">
        <ele>3318</ele>
      </trkpt>
      <trkpt lat="-9.304102" lon="-77.655128">
        <ele>3317.2</ele>
      </trkpt>
      <trkpt lat="-9.3041" lon="-77.655103">
        <ele>3316.8</ele>
      </trkpt>
      <trkpt lat="-9.304095" lon="-77.65509">
        <ele>3315.4</ele>
      </trkpt>
      <trkpt lat="-9.304113" lon="-77.655083">
        <ele>3315.6</ele>
      </trkpt>
      <trkpt lat="-9.304118" lon="-77.655065">
        <ele>3315.8</ele>
      </trkpt>
      <trkpt lat="-9.304108" lon="-77.655083">
        <ele>3315</ele>
      </trkpt>
      <trkpt lat="-9.304083" lon="-77.655097">
        <ele>3315.2</ele>
      </trkpt>
      <trkpt lat="-9.304063" lon="-77.65509">
        <ele>3315.2</ele>
      </trkpt>
      <trkpt lat="-9.304075" lon="-77.65511">
        <ele>3314.8</ele>
      </trkpt>
      <trkpt lat="-9.304088" lon="-77.655135">
        <ele>3314.8</ele>
      </trkpt>
      <trkpt lat="-9.304088" lon="-77.65516">
        <ele>3316.4</ele>
      </trkpt>
      <trkpt lat="-9.304083" lon="-77.65518">
        <ele>3317.2</ele>
      </trkpt>
      <trkpt lat="-9.304073" lon="-77.6552">
        <ele>3317.8</ele>
      </trkpt>
      <trkpt lat="-9.30406" lon="-77.655212">
        <ele>3317.6</ele>
      </trkpt>
      <trkpt lat="-9.304043" lon="-77.655238">
        <ele>3317.4</ele>
      </trkpt>
      <trkpt lat="-9.304028" lon="-77.655257">
        <ele>3317.6</ele>
      </trkpt>
      <trkpt lat="-9.30401" lon="-77.65527">
        <ele>3317.6</ele>
      </trkpt>
      <trkpt lat="-9.303997" lon="-77.655288">
        <ele>3318.2</ele>
      </trkpt>
      <trkpt lat="-9.303977" lon="-77.655295">
        <ele>3318.2</ele>
      </trkpt>
      <trkpt lat="-9.303957" lon="-77.655302">
        <ele>3318.2</ele>
      </trkpt>
      <trkpt lat="-9.303937" lon="-77.655308">
        <ele>3318.2</ele>
      </trkpt>
      <trkpt lat="-9.30392" lon="-77.65532">
        <ele>3318</ele>
      </trkpt>
      <trkpt lat="-9.3039" lon="-77.655327">
        <ele>3317.6</ele>
      </trkpt>
      <trkpt lat="-9.303872" lon="-77.65534">
        <ele>3317.8</ele>
      </trkpt>
      <trkpt lat="-9.30385" lon="-77.65536">
        <ele>3318</ele>
      </trkpt>
      <trkpt lat="-9.303832" lon="-77.655372">
        <ele>3318</ele>
      </trkpt>
      <trkpt lat="-9.303832" lon="-77.655398">
        <ele>3318.2</ele>
      </trkpt>
      <trkpt lat="-9.303857" lon="-77.655398">
        <ele>3319.2</ele>
      </trkpt>
      <trkpt lat="-9.303875" lon="-77.655398">
        <ele>3319.6</ele>
      </trkpt>
      <trkpt lat="-9.303857" lon="-77.655403">
        <ele>3319.4</ele>
      </trkpt>
      <trkpt lat="-9.303832" lon="-77.655403">
        <ele>3319.4</ele>
      </trkpt>
      <trkpt lat="-9.30381" lon="-77.655403">
        <ele>3319.4</ele>
      </trkpt>
      <trkpt lat="-9.303785" lon="-77.655398">
        <ele>3319.4</ele>
      </trkpt>
      <trkpt lat="-9.303755" lon="-77.655398">
        <ele>3319.4</ele>
      </trkpt>
      <trkpt lat="-9.303722" lon="-77.655398">
        <ele>3319.2</ele>
      </trkpt>
      <trkpt lat="-9.303688" lon="-77.655378">
        <ele>3319</ele>
      </trkpt>
      <trkpt lat="-9.303657" lon="-77.655378">
        <ele>3318.8</ele>
      </trkpt>
      <trkpt lat="-9.303623" lon="-77.655372">
        <ele>3318.6</ele>
      </trkpt>
      <trkpt lat="-9.303593" lon="-77.655372">
        <ele>3318.4</ele>
      </trkpt>
      <trkpt lat="-9.30356" lon="-77.655372">
        <ele>3318.2</ele>
      </trkpt>
      <trkpt lat="-9.303528" lon="-77.655365">
        <ele>3318.2</ele>
      </trkpt>
      <trkpt lat="-9.3035" lon="-77.655372">
        <ele>3318</ele>
      </trkpt>
      <trkpt lat="-9.303468" lon="-77.655378">
        <ele>3318</ele>
      </trkpt>
      <trkpt lat="-9.303438" lon="-77.655378">
        <ele>3318</ele>
      </trkpt>
      <trkpt lat="-9.303405" lon="-77.655398">
        <ele>3317.2</ele>
      </trkpt>
      <trkpt lat="-9.303375" lon="-77.655403">
        <ele>3317</ele>
      </trkpt>
      <trkpt lat="-9.303343" lon="-77.655423">
        <ele>3316.8</ele>
      </trkpt>
      <trkpt lat="-9.303315" lon="-77.655442">
        <ele>3316.4</ele>
      </trkpt>
      <trkpt lat="-9.30328" lon="-77.655462">
        <ele>3316.2</ele>
      </trkpt>
      <trkpt lat="-9.30325" lon="-77.655487">
        <ele>3315.8</ele>
      </trkpt>
      <trkpt lat="-9.30322" lon="-77.655507">
        <ele>3315.8</ele>
      </trkpt>
      <trkpt lat="-9.303197" lon="-77.655538">
        <ele>3315.6</ele>
      </trkpt>
      <trkpt lat="-9.303177" lon="-77.65557">
        <ele>3315</ele>
      </trkpt>
      <trkpt lat="-9.303157" lon="-77.655602">
        <ele>3314.6</ele>
      </trkpt>
      <trkpt lat="-9.303137" lon="-77.655635">
        <ele>3314.2</ele>
      </trkpt>
      <trkpt lat="-9.303118" lon="-77.655653">
        <ele>3313.8</ele>
      </trkpt>
      <trkpt lat="-9.3031" lon="-77.65568">
        <ele>3313.2</ele>
      </trkpt>
      <trkpt lat="-9.303082" lon="-77.655705">
        <ele>3312.4</ele>
      </trkpt>
      <trkpt lat="-9.30307" lon="-77.655737">
        <ele>3312</ele>
      </trkpt>
      <trkpt lat="-9.303057" lon="-77.655768">
        <ele>3311.8</ele>
      </trkpt>
      <trkpt lat="-9.303045" lon="-77.6558">
        <ele>3311.6</ele>
      </trkpt>
      <trkpt lat="-9.303032" lon="-77.655827">
        <ele>3311</ele>
      </trkpt>
      <trkpt lat="-9.30302" lon="-77.655858">
        <ele>3310.8</ele>
      </trkpt>
      <trkpt lat="-9.303012" lon="-77.655883">
        <ele>3310.6</ele>
      </trkpt>
      <trkpt lat="-9.302998" lon="-77.655917">
        <ele>3310.4</ele>
      </trkpt>
      <trkpt lat="-9.30298" lon="-77.655935">
        <ele>3310.2</ele>
      </trkpt>
      <trkpt lat="-9.302958" lon="-77.65596">
        <ele>3310</ele>
      </trkpt>
      <trkpt lat="-9.302937" lon="-77.655973">
        <ele>3309.8</ele>
      </trkpt>
      <trkpt lat="-9.302912" lon="-77.656">
        <ele>3309.8</ele>
      </trkpt>
      <trkpt lat="-9.302887" lon="-77.656018">
        <ele>3309.8</ele>
      </trkpt>
      <trkpt lat="-9.302863" lon="-77.656043">
        <ele>3309.4</ele>
      </trkpt>
      <trkpt lat="-9.302848" lon="-77.656063">
        <ele>3309.2</ele>
      </trkpt>
      <trkpt lat="-9.302833" lon="-77.656095">
        <ele>3308.8</ele>
      </trkpt>
      <trkpt lat="-9.302813" lon="-77.65612">
        <ele>3308.6</ele>
      </trkpt>
      <trkpt lat="-9.302783" lon="-77.65614">
        <ele>3308.4</ele>
      </trkpt>
      <trkpt lat="-9.302755" lon="-77.65616">
        <ele>3308.2</ele>
      </trkpt>
      <trkpt lat="-9.30272" lon="-77.656165">
        <ele>3307.6</ele>
      </trkpt>
      <trkpt lat="-9.302682" lon="-77.656172">
        <ele>3307.4</ele>
      </trkpt>
      <trkpt lat="-9.302648" lon="-77.656178">
        <ele>3307.2</ele>
      </trkpt>
      <trkpt lat="-9.302608" lon="-77.656172">
        <ele>3307.2</ele>
      </trkpt>
      <trkpt lat="-9.302573" lon="-77.656172">
        <ele>3307</ele>
      </trkpt>
      <trkpt lat="-9.302537" lon="-77.656178">
        <ele>3306.6</ele>
      </trkpt>
      <trkpt lat="-9.302497" lon="-77.656192">
        <ele>3306.2</ele>
      </trkpt>
      <trkpt lat="-9.302465" lon="-77.656203">
        <ele>3306.2</ele>
      </trkpt>
      <trkpt lat="-9.30244" lon="-77.65621">
        <ele>3306</ele>
      </trkpt>
      <trkpt lat="-9.302418" lon="-77.656217">
        <ele>3305.2</ele>
      </trkpt>
      <trkpt lat="-9.302432" lon="-77.656203">
        <ele>3304.6</ele>
      </trkpt>
      <trkpt lat="-9.30245" lon="-77.656198">
        <ele>3305</ele>
      </trkpt>
      <trkpt lat="-9.302452" lon="-77.656178">
        <ele>3306</ele>
      </trkpt>
      <trkpt lat="-9.302432" lon="-77.656198">
        <ele>3306</ele>
      </trkpt>
      <trkpt lat="-9.302412" lon="-77.656223">
        <ele>3306</ele>
      </trkpt>
      <trkpt lat="-9.302387" lon="-77.656248">
        <ele>3306.2</ele>
      </trkpt>
      <trkpt lat="-9.302365" lon="-77.65628">
        <ele>3306.2</ele>
      </trkpt>
      <trkpt lat="-9.302338" lon="-77.656313">
        <ele>3305.8</ele>
      </trkpt>
      <trkpt lat="-9.302312" lon="-77.656332">
        <ele>3305.6</ele>
      </trkpt>
      <trkpt lat="-9.302287" lon="-77.656358">
        <ele>3304.6</ele>
      </trkpt>
      <trkpt lat="-9.302263" lon="-77.65639">
        <ele>3304.2</ele>
      </trkpt>
      <trkpt lat="-9.302242" lon="-77.656415">
        <ele>3303.8</ele>
      </trkpt>
      <trkpt lat="-9.30222" lon="-77.65644">
        <ele>3303.6</ele>
      </trkpt>
      <trkpt lat="-9.302197" lon="-77.656453">
        <ele>3303.2</ele>
      </trkpt>
      <trkpt lat="-9.302173" lon="-77.65648">
        <ele>3303</ele>
      </trkpt>
      <trkpt lat="-9.302152" lon="-77.656498">
        <ele>3302.8</ele>
      </trkpt>
      <trkpt lat="-9.302133" lon="-77.656523">
        <ele>3302.8</ele>
      </trkpt>
      <trkpt lat="-9.302115" lon="-77.656557">
        <ele>3302.6</ele>
      </trkpt>
      <trkpt lat="-9.302102" lon="-77.656588">
        <ele>3302.6</ele>
      </trkpt>
      <trkpt lat="-9.302093" lon="-77.656613">
        <ele>3302.4</ele>
      </trkpt>
      <trkpt lat="-9.302088" lon="-77.656645">
        <ele>3302</ele>
      </trkpt>
      <trkpt lat="-9.302082" lon="-77.656683">
        <ele>3301.2</ele>
      </trkpt>
      <trkpt lat="-9.302075" lon="-77.656717">
        <ele>3300.6</ele>
      </trkpt>
      <trkpt lat="-9.302067" lon="-77.656735">
        <ele>3300.6</ele>
      </trkpt>
      <trkpt lat="-9.30206" lon="-77.656755">
        <ele>3300</ele>
      </trkpt>
      <trkpt lat="-9.302048" lon="-77.656767">
        <ele>3298.8</ele>
      </trkpt>
      <trkpt lat="-9.302028" lon="-77.656787">
        <ele>3298.6</ele>
      </trkpt>
      <trkpt lat="-9.302013" lon="-77.6568">
        <ele>3298.6</ele>
      </trkpt>
      <trkpt lat="-9.301993" lon="-77.656793">
        <ele>3298.6</ele>
      </trkpt>
      <trkpt lat="-9.30196" lon="-77.656773">
        <ele>3298.8</ele>
      </trkpt>
      <trkpt lat="-9.301937" lon="-77.65676">
        <ele>3298.6</ele>
      </trkpt>
      <trkpt lat="-9.301908" lon="-77.656748">
        <ele>3298.6</ele>
      </trkpt>
      <trkpt lat="-9.30188" lon="-77.656728">
        <ele>3298.4</ele>
      </trkpt>
      <trkpt lat="-9.30185" lon="-77.656717">
        <ele>3298.2</ele>
      </trkpt>
      <trkpt lat="-9.301823" lon="-77.65669">
        <ele>3298.2</ele>
      </trkpt>
      <trkpt lat="-9.301795" lon="-77.656678">
        <ele>3298.2</ele>
      </trkpt>
      <trkpt lat="-9.301765" lon="-77.656652">
        <ele>3298</ele>
      </trkpt>
      <trkpt lat="-9.301737" lon="-77.656633">
        <ele>3297.4</ele>
      </trkpt>
      <trkpt lat="-9.301705" lon="-77.656607">
        <ele>3297.2</ele>
      </trkpt>
      <trkpt lat="-9.30168" lon="-77.656575">
        <ele>3297</ele>
      </trkpt>
      <trkpt lat="-9.301652" lon="-77.656562">
        <ele>3296.4</ele>
      </trkpt>
      <trkpt lat="-9.301625" lon="-77.656537">
        <ele>3295.6</ele>
      </trkpt>
      <trkpt lat="-9.301598" lon="-77.656518">
        <ele>3295.4</ele>
      </trkpt>
      <trkpt lat="-9.301562" lon="-77.656492">
        <ele>3295.2</ele>
      </trkpt>
      <trkpt lat="-9.301538" lon="-77.65648">
        <ele>3295.2</ele>
      </trkpt>
      <trkpt lat="-9.301507" lon="-77.65646">
        <ele>3295.4</ele>
      </trkpt>
      <trkpt lat="-9.301477" lon="-77.656453">
        <ele>3295.4</ele>
      </trkpt>
      <trkpt lat="-9.301443" lon="-77.656447">
        <ele>3295</ele>
      </trkpt>
      <trkpt lat="-9.301413" lon="-77.656447">
        <ele>3294.4</ele>
      </trkpt>
      <trkpt lat="-9.30138" lon="-77.656453">
        <ele>3294.4</ele>
      </trkpt>
      <trkpt lat="-9.301345" lon="-77.65646">
        <ele>3294.6</ele>
      </trkpt>
      <trkpt lat="-9.301318" lon="-77.65648">
        <ele>3294.6</ele>
      </trkpt>
      <trkpt lat="-9.30129" lon="-77.656498">
        <ele>3294.4</ele>
      </trkpt>
      <trkpt lat="-9.301268" lon="-77.656518">
        <ele>3294</ele>
      </trkpt>
      <trkpt lat="-9.301248" lon="-77.65653">
        <ele>3293.8</ele>
      </trkpt>
      <trkpt lat="-9.30123" lon="-77.656537">
        <ele>3293</ele>
      </trkpt>
      <trkpt lat="-9.301213" lon="-77.65653">
        <ele>3292.6</ele>
      </trkpt>
      <trkpt lat="-9.301198" lon="-77.656518">
        <ele>3292.6</ele>
      </trkpt>
      <trkpt lat="-9.301183" lon="-77.656492">
        <ele>3292.8</ele>
      </trkpt>
      <trkpt lat="-9.301163" lon="-77.65646">
        <ele>3292.6</ele>
      </trkpt>
      <trkpt lat="-9.30115" lon="-77.656435">
        <ele>3292.6</ele>
      </trkpt>
      <trkpt lat="-9.301135" lon="-77.65639">
        <ele>3292.6</ele>
      </trkpt>
      <trkpt lat="-9.30112" lon="-77.656352">
        <ele>3292.6</ele>
      </trkpt>
      <trkpt lat="-9.30111" lon="-77.6563">
        <ele>3292.2</ele>
      </trkpt>
      <trkpt lat="-9.30111" lon="-77.656255">
        <ele>3291.4</ele>
      </trkpt>
      <trkpt lat="-9.301115" lon="-77.65621">
        <ele>3291</ele>
      </trkpt>
      <trkpt lat="-9.301117" lon="-77.656178">
        <ele>3290.6</ele>
      </trkpt>
      <trkpt lat="-9.30113" lon="-77.65614">
        <ele>3290.4</ele>
      </trkpt>
      <trkpt lat="-9.301143" lon="-77.656115">
        <ele>3290.2</ele>
      </trkpt>
      <trkpt lat="-9.30116" lon="-77.656082">
        <ele>3290</ele>
      </trkpt>
      <trkpt lat="-9.30118" lon="-77.65605">
        <ele>3289.8</ele>
      </trkpt>
      <trkpt lat="-9.301203" lon="-77.656018">
        <ele>3289.2</ele>
      </trkpt>
      <trkpt lat="-9.301225" lon="-77.655993">
        <ele>3288.8</ele>
      </trkpt>
      <trkpt lat="-9.301245" lon="-77.655967">
        <ele>3288.4</ele>
      </trkpt>
      <trkpt lat="-9.301263" lon="-77.655935">
        <ele>3288.4</ele>
      </trkpt>
      <trkpt lat="-9.30128" lon="-77.655903">
        <ele>3288</ele>
      </trkpt>
      <trkpt lat="-9.301288" lon="-77.655865">
        <ele>3288</ele>
      </trkpt>
      <trkpt lat="-9.301295" lon="-77.65584">
        <ele>3287.6</ele>
      </trkpt>
      <trkpt lat="-9.301302" lon="-77.6558">
        <ele>3287.4</ele>
      </trkpt>
      <trkpt lat="-9.301308" lon="-77.655762">
        <ele>3287.2</ele>
      </trkpt>
      <trkpt lat="-9.301313" lon="-77.65573">
        <ele>3287</ele>
      </trkpt>
      <trkpt lat="-9.301318" lon="-77.655698">
        <ele>3286.4</ele>
      </trkpt>
      <trkpt lat="-9.30132" lon="-77.655667">
        <ele>3286.2</ele>
      </trkpt>
      <trkpt lat="-9.301323" lon="-77.65564">
        <ele>3286</ele>
      </trkpt>
      <trkpt lat="-9.301328" lon="-77.655608">
        <ele>3285.8</ele>
      </trkpt>
      <trkpt lat="-9.301333" lon="-77.655577">
        <ele>3285.6</ele>
      </trkpt>
      <trkpt lat="-9.301335" lon="-77.655545">
        <ele>3285</ele>
      </trkpt>
      <trkpt lat="-9.301333" lon="-77.65552">
        <ele>3285</ele>
      </trkpt>
      <trkpt lat="-9.301323" lon="-77.655487">
        <ele>3284.8</ele>
      </trkpt>
      <trkpt lat="-9.301315" lon="-77.655455">
        <ele>3284.6</ele>
      </trkpt>
      <trkpt lat="-9.301303" lon="-77.655437">
        <ele>3284.4</ele>
      </trkpt>
      <trkpt lat="-9.30129" lon="-77.65541">
        <ele>3284.2</ele>
      </trkpt>
      <trkpt lat="-9.30127" lon="-77.655385">
        <ele>3283.8</ele>
      </trkpt>
      <trkpt lat="-9.30125" lon="-77.65536">
        <ele>3283.6</ele>
      </trkpt>
      <trkpt lat="-9.30123" lon="-77.655333">
        <ele>3283.6</ele>
      </trkpt>
      <trkpt lat="-9.301197" lon="-77.655288">
        <ele>3283.4</ele>
      </trkpt>
      <trkpt lat="-9.30117" lon="-77.655257">
        <ele>3283.4</ele>
      </trkpt>
      <trkpt lat="-9.301127" lon="-77.655225">
        <ele>3283.2</ele>
      </trkpt>
      <trkpt lat="-9.301092" lon="-77.655212">
        <ele>3283</ele>
      </trkpt>
      <trkpt lat="-9.30106" lon="-77.655205">
        <ele>3282.6</ele>
      </trkpt>
      <trkpt lat="-9.301027" lon="-77.6552">
        <ele>3282.4</ele>
      </trkpt>
      <trkpt lat="-9.300992" lon="-77.655205">
        <ele>3282.2</ele>
      </trkpt>
      <trkpt lat="-9.30096" lon="-77.655212">
        <ele>3281.8</ele>
      </trkpt>
      <trkpt lat="-9.300932" lon="-77.655218">
        <ele>3281.6</ele>
      </trkpt>
      <trkpt lat="-9.300907" lon="-77.655218">
        <ele>3281.6</ele>
      </trkpt>
      <trkpt lat="-9.300882" lon="-77.655225">
        <ele>3281</ele>
      </trkpt>
      <trkpt lat="-9.300853" lon="-77.655238">
        <ele>3280.6</ele>
      </trkpt>
      <trkpt lat="-9.300827" lon="-77.655238">
        <ele>3280.4</ele>
      </trkpt>
      <trkpt lat="-9.300783" lon="-77.655243">
        <ele>3280</ele>
      </trkpt>
      <trkpt lat="-9.300737" lon="-77.65525">
        <ele>3279.6</ele>
      </trkpt>
      <trkpt lat="-9.300682" lon="-77.655257">
        <ele>3279.6</ele>
      </trkpt>
      <trkpt lat="-9.300618" lon="-77.655263">
        <ele>3279.4</ele>
      </trkpt>
      <trkpt lat="-9.300575" lon="-77.65527">
        <ele>3278.6</ele>
      </trkpt>
      <trkpt lat="-9.300523" lon="-77.65527">
        <ele>3278</ele>
      </trkpt>
      <trkpt lat="-9.30046" lon="-77.655282">
        <ele>3277</ele>
      </trkpt>
      <trkpt lat="-9.300407" lon="-77.655282">
        <ele>3276.4</ele>
      </trkpt>
      <trkpt lat="-9.300357" lon="-77.655282">
        <ele>3276.4</ele>
      </trkpt>
      <trkpt lat="-9.300307" lon="-77.655288">
        <ele>3275.6</ele>
      </trkpt>
      <trkpt lat="-9.30027" lon="-77.655288">
        <ele>3275</ele>
      </trkpt>
      <trkpt lat="-9.300217" lon="-77.655295">
        <ele>3274.8</ele>
      </trkpt>
      <trkpt lat="-9.300173" lon="-77.655295">
        <ele>3274.4</ele>
      </trkpt>
      <trkpt lat="-9.300142" lon="-77.655295">
        <ele>3273.8</ele>
      </trkpt>
      <trkpt lat="-9.300097" lon="-77.655288">
        <ele>3273</ele>
      </trkpt>
      <trkpt lat="-9.300057" lon="-77.655288">
        <ele>3272.6</ele>
      </trkpt>
      <trkpt lat="-9.300013" lon="-77.655288">
        <ele>3272</ele>
      </trkpt>
      <trkpt lat="-9.299962" lon="-77.655282">
        <ele>3271.4</ele>
      </trkpt>
      <trkpt lat="-9.299908" lon="-77.655282">
        <ele>3271.2</ele>
      </trkpt>
      <trkpt lat="-9.29985" lon="-77.65527">
        <ele>3270.8</ele>
      </trkpt>
      <trkpt lat="-9.299798" lon="-77.65527">
        <ele>3270</ele>
      </trkpt>
      <trkpt lat="-9.29974" lon="-77.655263">
        <ele>3270</ele>
      </trkpt>
      <trkpt lat="-9.29971" lon="-77.655263">
        <ele>3270</ele>
      </trkpt>
      <trkpt lat="-9.299682" lon="-77.655263">
        <ele>3268.2</ele>
      </trkpt>
      <trkpt lat="-9.29966" lon="-77.655263">
        <ele>3267</ele>
      </trkpt>
      <trkpt lat="-9.29963" lon="-77.655257">
        <ele>3267.2</ele>
      </trkpt>
      <trkpt lat="-9.299597" lon="-77.655257">
        <ele>3267</ele>
      </trkpt>
      <trkpt lat="-9.29956" lon="-77.65525">
        <ele>3266.8</ele>
      </trkpt>
      <trkpt lat="-9.299525" lon="-77.65525">
        <ele>3266.2</ele>
      </trkpt>
      <trkpt lat="-9.299487" lon="-77.655243">
        <ele>3266</ele>
      </trkpt>
      <trkpt lat="-9.299447" lon="-77.655243">
        <ele>3265.6</ele>
      </trkpt>
      <trkpt lat="-9.299412" lon="-77.655243">
        <ele>3265.4</ele>
      </trkpt>
      <trkpt lat="-9.299373" lon="-77.65525">
        <ele>3265.4</ele>
      </trkpt>
      <trkpt lat="-9.299338" lon="-77.655257">
        <ele>3265.4</ele>
      </trkpt>
      <trkpt lat="-9.299307" lon="-77.655257">
        <ele>3265.4</ele>
      </trkpt>
      <trkpt lat="-9.29928" lon="-77.65527">
        <ele>3265.4</ele>
      </trkpt>
      <trkpt lat="-9.299255" lon="-77.655282">
        <ele>3265.4</ele>
      </trkpt>
      <trkpt lat="-9.299235" lon="-77.655288">
        <ele>3265.4</ele>
      </trkpt>
      <trkpt lat="-9.299213" lon="-77.655295">
        <ele>3265.4</ele>
      </trkpt>
      <trkpt lat="-9.29919" lon="-77.655295">
        <ele>3265.4</ele>
      </trkpt>
      <trkpt lat="-9.29917" lon="-77.655282">
        <ele>3264.4</ele>
      </trkpt>
      <trkpt lat="-9.299155" lon="-77.655263">
        <ele>3263.8</ele>
      </trkpt>
      <trkpt lat="-9.29915" lon="-77.655243">
        <ele>3263</ele>
      </trkpt>
      <trkpt lat="-9.299155" lon="-77.655225">
        <ele>3262.6</ele>
      </trkpt>
      <trkpt lat="-9.29918" lon="-77.6552">
        <ele>3262</ele>
      </trkpt>
      <trkpt lat="-9.2992" lon="-77.6552">
        <ele>3261.8</ele>
      </trkpt>
      <trkpt lat="-9.29922" lon="-77.65518">
        <ele>3261.6</ele>
      </trkpt>
      <trkpt lat="-9.299248" lon="-77.65518">
        <ele>3261.6</ele>
      </trkpt>
      <trkpt lat="-9.29928" lon="-77.655173">
        <ele>3261.6</ele>
      </trkpt>
      <trkpt lat="-9.299312" lon="-77.655167">
        <ele>3261.4</ele>
      </trkpt>
      <trkpt lat="-9.299347" lon="-77.655148">
        <ele>3260.6</ele>
      </trkpt>
      <trkpt lat="-9.299382" lon="-77.655142">
        <ele>3260</ele>
      </trkpt>
      <trkpt lat="-9.299418" lon="-77.655135">
        <ele>3260</ele>
      </trkpt>
      <trkpt lat="-9.299458" lon="-77.655128">
        <ele>3259.2</ele>
      </trkpt>
      <trkpt lat="-9.299497" lon="-77.655122">
        <ele>3258.8</ele>
      </trkpt>
      <trkpt lat="-9.299533" lon="-77.655122">
        <ele>3258.6</ele>
      </trkpt>
      <trkpt lat="-9.299577" lon="-77.655122">
        <ele>3257.8</ele>
      </trkpt>
      <trkpt lat="-9.29962" lon="-77.655122">
        <ele>3257.6</ele>
      </trkpt>
      <trkpt lat="-9.299665" lon="-77.65511">
        <ele>3257.6</ele>
      </trkpt>
      <trkpt lat="-9.299717" lon="-77.655097">
        <ele>3257.4</ele>
      </trkpt>
      <trkpt lat="-9.29977" lon="-77.65509">
        <ele>3257.4</ele>
      </trkpt>
      <trkpt lat="-9.29984" lon="-77.655072">
        <ele>3256.2</ele>
      </trkpt>
      <trkpt lat="-9.299885" lon="-77.655058">
        <ele>3255.8</ele>
      </trkpt>
      <trkpt lat="-9.299943" lon="-77.655052">
        <ele>3254.8</ele>
      </trkpt>
      <trkpt lat="-9.300008" lon="-77.65504">
        <ele>3254.2</ele>
      </trkpt>
      <trkpt lat="-9.300068" lon="-77.65502">
        <ele>3253.8</ele>
      </trkpt>
      <trkpt lat="-9.300132" lon="-77.655007">
        <ele>3253.4</ele>
      </trkpt>
      <trkpt lat="-9.300193" lon="-77.655">
        <ele>3253</ele>
      </trkpt>
      <trkpt lat="-9.300255" lon="-77.654982">
        <ele>3252.6</ele>
      </trkpt>
      <trkpt lat="-9.300318" lon="-77.654968">
        <ele>3252</ele>
      </trkpt>
      <trkpt lat="-9.30038" lon="-77.654943">
        <ele>3251.6</ele>
      </trkpt>
      <trkpt lat="-9.300452" lon="-77.654923">
        <ele>3251.4</ele>
      </trkpt>
      <trkpt lat="-9.300503" lon="-77.654905">
        <ele>3250.6</ele>
      </trkpt>
      <trkpt lat="-9.300565" lon="-77.654892">
        <ele>3250</ele>
      </trkpt>
      <trkpt lat="-9.300628" lon="-77.654873">
        <ele>3249.2</ele>
      </trkpt>
      <trkpt lat="-9.300688" lon="-77.654853">
        <ele>3249.2</ele>
      </trkpt>
      <trkpt lat="-9.300748" lon="-77.654828">
        <ele>3248.6</ele>
      </trkpt>
      <trkpt lat="-9.300807" lon="-77.654808">
        <ele>3248.2</ele>
      </trkpt>
      <trkpt lat="-9.300867" lon="-77.654777">
        <ele>3247.2</ele>
      </trkpt>
      <trkpt lat="-9.300932" lon="-77.654745">
        <ele>3246.4</ele>
      </trkpt>
      <trkpt lat="-9.300972" lon="-77.654725">
        <ele>3246.2</ele>
      </trkpt>
      <trkpt lat="-9.301017" lon="-77.6547">
        <ele>3246</ele>
      </trkpt>
      <trkpt lat="-9.30106" lon="-77.654675">
        <ele>3245.4</ele>
      </trkpt>
      <trkpt lat="-9.301097" lon="-77.654655">
        <ele>3244.6</ele>
      </trkpt>
      <trkpt lat="-9.301132" lon="-77.65463">
        <ele>3244</ele>
      </trkpt>
      <trkpt lat="-9.301165" lon="-77.654603">
        <ele>3243.8</ele>
      </trkpt>
      <trkpt lat="-9.301198" lon="-77.654572">
        <ele>3243.4</ele>
      </trkpt>
      <trkpt lat="-9.301233" lon="-77.65454">
        <ele>3243</ele>
      </trkpt>
      <trkpt lat="-9.301268" lon="-77.654502">
        <ele>3242.2</ele>
      </trkpt>
      <trkpt lat="-9.301303" lon="-77.654463">
        <ele>3241.4</ele>
      </trkpt>
      <trkpt lat="-9.301348" lon="-77.654443">
        <ele>3241</ele>
      </trkpt>
      <trkpt lat="-9.301393" lon="-77.654412">
        <ele>3240.8</ele>
      </trkpt>
      <trkpt lat="-9.301437" lon="-77.654405">
        <ele>3240</ele>
      </trkpt>
      <trkpt lat="-9.301478" lon="-77.654393">
        <ele>3239.4</ele>
      </trkpt>
      <trkpt lat="-9.301518" lon="-77.654405">
        <ele>3238.6</ele>
      </trkpt>
      <trkpt lat="-9.301552" lon="-77.654412">
        <ele>3238.2</ele>
      </trkpt>
      <trkpt lat="-9.301587" lon="-77.654432">
        <ele>3238.2</ele>
      </trkpt>
      <trkpt lat="-9.30162" lon="-77.654457">
        <ele>3237.8</ele>
      </trkpt>
      <trkpt lat="-9.301657" lon="-77.654477">
        <ele>3237.6</ele>
      </trkpt>
      <trkpt lat="-9.301687" lon="-77.654508">
        <ele>3237.6</ele>
      </trkpt>
      <trkpt lat="-9.301715" lon="-77.65454">
        <ele>3237.2</ele>
      </trkpt>
      <trkpt lat="-9.301732" lon="-77.654565">
        <ele>3237</ele>
      </trkpt>
      <trkpt lat="-9.301745" lon="-77.654578">
        <ele>3236.8</ele>
      </trkpt>
      <trkpt lat="-9.30176" lon="-77.654592">
        <ele>3236.2</ele>
      </trkpt>
      <trkpt lat="-9.30178" lon="-77.654603">
        <ele>3235.6</ele>
      </trkpt>
      <trkpt lat="-9.3018" lon="-77.654603">
        <ele>3235.4</ele>
      </trkpt>
      <trkpt lat="-9.301817" lon="-77.654585">
        <ele>3235.4</ele>
      </trkpt>
      <trkpt lat="-9.301823" lon="-77.654547">
        <ele>3234.4</ele>
      </trkpt>
      <trkpt lat="-9.301815" lon="-77.654515">
        <ele>3234</ele>
      </trkpt>
      <trkpt lat="-9.3018" lon="-77.654502">
        <ele>3233.2</ele>
      </trkpt>
      <trkpt lat="-9.301782" lon="-77.65447">
        <ele>3232.6</ele>
      </trkpt>
      <trkpt lat="-9.301765" lon="-77.654443">
        <ele>3232.4</ele>
      </trkpt>
      <trkpt lat="-9.301742" lon="-77.654412">
        <ele>3232.4</ele>
      </trkpt>
      <trkpt lat="-9.30172" lon="-77.65438">
        <ele>3231.8</ele>
      </trkpt>
      <trkpt lat="-9.301695" lon="-77.654348">
        <ele>3231.4</ele>
      </trkpt>
      <trkpt lat="-9.30167" lon="-77.65431">
        <ele>3230.8</ele>
      </trkpt>
      <trkpt lat="-9.301642" lon="-77.65429">
        <ele>3230.4</ele>
      </trkpt>
      <trkpt lat="-9.301613" lon="-77.654265">
        <ele>3229.6</ele>
      </trkpt>
      <trkpt lat="-9.301583" lon="-77.654245">
        <ele>3229</ele>
      </trkpt>
      <trkpt lat="-9.301553" lon="-77.654233">
        <ele>3228.6</ele>
      </trkpt>
      <trkpt lat="-9.301522" lon="-77.654227">
        <ele>3228</ele>
      </trkpt>
      <trkpt lat="-9.301487" lon="-77.654227">
        <ele>3227.6</ele>
      </trkpt>
      <trkpt lat="-9.301453" lon="-77.654233">
        <ele>3227.2</ele>
      </trkpt>
      <trkpt lat="-9.301422" lon="-77.654245">
        <ele>3226.8</ele>
      </trkpt>
      <trkpt lat="-9.301387" lon="-77.654258">
        <ele>3226</ele>
      </trkpt>
      <trkpt lat="-9.30135" lon="-77.654265">
        <ele>3225.8</ele>
      </trkpt>
      <trkpt lat="-9.301315" lon="-77.654272">
        <ele>3225.6</ele>
      </trkpt>
      <trkpt lat="-9.301278" lon="-77.65429">
        <ele>3225</ele>
      </trkpt>
      <trkpt lat="-9.30124" lon="-77.654297">
        <ele>3224.4</ele>
      </trkpt>
      <trkpt lat="-9.3012" lon="-77.65431">
        <ele>3224.2</ele>
      </trkpt>
      <trkpt lat="-9.301157" lon="-77.654328">
        <ele>3223.8</ele>
      </trkpt>
      <trkpt lat="-9.301117" lon="-77.654335">
        <ele>3223.6</ele>
      </trkpt>
      <trkpt lat="-9.30107" lon="-77.654348">
        <ele>3223</ele>
      </trkpt>
      <trkpt lat="-9.301022" lon="-77.654367">
        <ele>3222.6</ele>
      </trkpt>
      <trkpt lat="-9.300975" lon="-77.65438">
        <ele>3222</ele>
      </trkpt>
      <trkpt lat="-9.300925" lon="-77.654387">
        <ele>3221.2</ele>
      </trkpt>
      <trkpt lat="-9.30088" lon="-77.654405">
        <ele>3220.6</ele>
      </trkpt>
      <trkpt lat="-9.300833" lon="-77.654412">
        <ele>3220</ele>
      </trkpt>
      <trkpt lat="-9.30078" lon="-77.654418">
        <ele>3219.6</ele>
      </trkpt>
      <trkpt lat="-9.300742" lon="-77.654425">
        <ele>3219</ele>
      </trkpt>
      <trkpt lat="-9.300695" lon="-77.654425">
        <ele>3218</ele>
      </trkpt>
      <trkpt lat="-9.300653" lon="-77.654425">
        <ele>3217.8</ele>
      </trkpt>
      <trkpt lat="-9.300615" lon="-77.654425">
        <ele>3216.8</ele>
      </trkpt>
      <trkpt lat="-9.300585" lon="-77.654418">
        <ele>3215.8</ele>
      </trkpt>
      <trkpt lat="-9.300563" lon="-77.654412">
        <ele>3215</ele>
      </trkpt>
      <trkpt lat="-9.300543" lon="-77.654412">
        <ele>3214.2</ele>
      </trkpt>
      <trkpt lat="-9.30052" lon="-77.654405">
        <ele>3213.8</ele>
      </trkpt>
      <trkpt lat="-9.300498" lon="-77.654405">
        <ele>3213.4</ele>
      </trkpt>
      <trkpt lat="-9.300473" lon="-77.654393">
        <ele>3213</ele>
      </trkpt>
      <trkpt lat="-9.30044" lon="-77.65438">
        <ele>3212.6</ele>
      </trkpt>
      <trkpt lat="-9.300407" lon="-77.654373">
        <ele>3212</ele>
      </trkpt>
      <trkpt lat="-9.300372" lon="-77.654373">
        <ele>3212</ele>
      </trkpt>
      <trkpt lat="-9.300338" lon="-77.654367">
        <ele>3211.8</ele>
      </trkpt>
      <trkpt lat="-9.3003" lon="-77.654367">
        <ele>3211.8</ele>
      </trkpt>
      <trkpt lat="-9.300258" lon="-77.654367">
        <ele>3211.4</ele>
      </trkpt>
      <trkpt lat="-9.30022" lon="-77.654367">
        <ele>3210.2</ele>
      </trkpt>
      <trkpt lat="-9.300178" lon="-77.654367">
        <ele>3209.2</ele>
      </trkpt>
      <trkpt lat="-9.300138" lon="-77.654367">
        <ele>3208.8</ele>
      </trkpt>
      <trkpt lat="-9.300093" lon="-77.654367">
        <ele>3208.6</ele>
      </trkpt>
      <trkpt lat="-9.300052" lon="-77.654373">
        <ele>3208.4</ele>
      </trkpt>
      <trkpt lat="-9.300008" lon="-77.654373">
        <ele>3208</ele>
      </trkpt>
      <trkpt lat="-9.299968" lon="-77.654373">
        <ele>3207</ele>
      </trkpt>
      <trkpt lat="-9.29993" lon="-77.654387">
        <ele>3206.6</ele>
      </trkpt>
      <trkpt lat="-9.2999" lon="-77.654393">
        <ele>3206</ele>
      </trkpt>
      <trkpt lat="-9.299875" lon="-77.654412">
        <ele>3205.8</ele>
      </trkpt>
      <trkpt lat="-9.299853" lon="-77.654418">
        <ele>3205.4</ele>
      </trkpt>
      <trkpt lat="-9.29983" lon="-77.654432">
        <ele>3205.4</ele>
      </trkpt>
      <trkpt lat="-9.299803" lon="-77.654443">
        <ele>3205.2</ele>
      </trkpt>
      <trkpt lat="-9.299777" lon="-77.654443">
        <ele>3205</ele>
      </trkpt>
      <trkpt lat="-9.299755" lon="-77.654432">
        <ele>3204.6</ele>
      </trkpt>
      <trkpt lat="-9.299727" lon="-77.654425">
        <ele>3204.6</ele>
      </trkpt>
      <trkpt lat="-9.2997" lon="-77.654412">
        <ele>3204.2</ele>
      </trkpt>
      <trkpt lat="-9.299672" lon="-77.654405">
        <ele>3204.2</ele>
      </trkpt>
      <trkpt lat="-9.299637" lon="-77.654393">
        <ele>3204</ele>
      </trkpt>
      <trkpt lat="-9.299597" lon="-77.654387">
        <ele>3203.8</ele>
      </trkpt>
      <trkpt lat="-9.299555" lon="-77.654387">
        <ele>3203.8</ele>
      </trkpt>
      <trkpt lat="-9.29951" lon="-77.65438">
        <ele>3203.2</ele>
      </trkpt>
      <trkpt lat="-9.29946" lon="-77.65438">
        <ele>3202.4</ele>
      </trkpt>
      <trkpt lat="-9.299407" lon="-77.654373">
        <ele>3201.6</ele>
      </trkpt>
      <trkpt lat="-9.299353" lon="-77.654355">
        <ele>3201.2</ele>
      </trkpt>
      <trkpt lat="-9.299303" lon="-77.654348">
        <ele>3200.6</ele>
      </trkpt>
      <trkpt lat="-9.299253" lon="-77.654342">
        <ele>3199.8</ele>
      </trkpt>
      <trkpt lat="-9.299198" lon="-77.654335">
        <ele>3199</ele>
      </trkpt>
      <trkpt lat="-9.299143" lon="-77.654328">
        <ele>3198</ele>
      </trkpt>
      <trkpt lat="-9.299085" lon="-77.654317">
        <ele>3197.2</ele>
      </trkpt>
      <trkpt lat="-9.29903" lon="-77.654317">
        <ele>3196.4</ele>
      </trkpt>
      <trkpt lat="-9.298982" lon="-77.654317">
        <ele>3195.6</ele>
      </trkpt>
      <trkpt lat="-9.29894" lon="-77.654317">
        <ele>3194.6</ele>
      </trkpt>
      <trkpt lat="-9.298905" lon="-77.654317">
        <ele>3194</ele>
      </trkpt>
      <trkpt lat="-9.298878" lon="-77.654328">
        <ele>3193.2</ele>
      </trkpt>
      <trkpt lat="-9.298858" lon="-77.654328">
        <ele>3192</ele>
      </trkpt>
      <trkpt lat="-9.298832" lon="-77.654317">
        <ele>3191.2</ele>
      </trkpt>
      <trkpt lat="-9.298825" lon="-77.654297">
        <ele>3190.4</ele>
      </trkpt>
      <trkpt lat="-9.298832" lon="-77.654272">
        <ele>3190</ele>
      </trkpt>
      <trkpt lat="-9.298847" lon="-77.654245">
        <ele>3189.8</ele>
      </trkpt>
      <trkpt lat="-9.298872" lon="-77.654227">
        <ele>3188.8</ele>
      </trkpt>
      <trkpt lat="-9.298907" lon="-77.654233">
        <ele>3188.4</ele>
      </trkpt>
      <trkpt lat="-9.298932" lon="-77.654233">
        <ele>3188.2</ele>
      </trkpt>
      <trkpt lat="-9.298962" lon="-77.654233">
        <ele>3188</ele>
      </trkpt>
      <trkpt lat="-9.298997" lon="-77.654227">
        <ele>3188</ele>
      </trkpt>
      <trkpt lat="-9.299037" lon="-77.654227">
        <ele>3187.8</ele>
      </trkpt>
      <trkpt lat="-9.299077" lon="-77.654213">
        <ele>3187.8</ele>
      </trkpt>
      <trkpt lat="-9.299118" lon="-77.654207">
        <ele>3187.8</ele>
      </trkpt>
      <trkpt lat="-9.299155" lon="-77.654195">
        <ele>3187.8</ele>
      </trkpt>
      <trkpt lat="-9.299195" lon="-77.654182">
        <ele>3187.4</ele>
      </trkpt>
      <trkpt lat="-9.29923" lon="-77.654168">
        <ele>3187.2</ele>
      </trkpt>
      <trkpt lat="-9.299273" lon="-77.654157">
        <ele>3187</ele>
      </trkpt>
      <trkpt lat="-9.299315" lon="-77.654143">
        <ele>3186.8</ele>
      </trkpt>
      <trkpt lat="-9.299357" lon="-77.654137">
        <ele>3186.4</ele>
      </trkpt>
      <trkpt lat="-9.2994" lon="-77.65413">
        <ele>3186.2</ele>
      </trkpt>
      <trkpt lat="-9.299442" lon="-77.654118">
        <ele>3185.4</ele>
      </trkpt>
      <trkpt lat="-9.299482" lon="-77.654118">
        <ele>3185.2</ele>
      </trkpt>
      <trkpt lat="-9.299522" lon="-77.654118">
        <ele>3185</ele>
      </trkpt>
      <trkpt lat="-9.299565" lon="-77.654118">
        <ele>3184.2</ele>
      </trkpt>
      <trkpt lat="-9.299605" lon="-77.654118">
        <ele>3184</ele>
      </trkpt>
      <trkpt lat="-9.29964" lon="-77.65413">
        <ele>3183.8</ele>
      </trkpt>
      <trkpt lat="-9.299677" lon="-77.65413">
        <ele>3183</ele>
      </trkpt>
      <trkpt lat="-9.299707" lon="-77.65413">
        <ele>3182.4</ele>
      </trkpt>
      <trkpt lat="-9.29973" lon="-77.654118">
        <ele>3182.2</ele>
      </trkpt>
      <trkpt lat="-9.29975" lon="-77.654092">
        <ele>3181.8</ele>
      </trkpt>
      <trkpt lat="-9.29975" lon="-77.654073">
        <ele>3181.2</ele>
      </trkpt>
      <trkpt lat="-9.29973" lon="-77.654047">
        <ele>3180.2</ele>
      </trkpt>
      <trkpt lat="-9.299705" lon="-77.654028">
        <ele>3179.6</ele>
      </trkpt>
      <trkpt lat="-9.299678" lon="-77.654022">
        <ele>3179.4</ele>
      </trkpt>
      <trkpt lat="-9.299645" lon="-77.654022">
        <ele>3179</ele>
      </trkpt>
      <trkpt lat="-9.299605" lon="-77.654015">
        <ele>3178.4</ele>
      </trkpt>
      <trkpt lat="-9.299565" lon="-77.654015">
        <ele>3178</ele>
      </trkpt>
      <trkpt lat="-9.29952" lon="-77.654008">
        <ele>3178</ele>
      </trkpt>
      <trkpt lat="-9.299472" lon="-77.65399">
        <ele>3177.8</ele>
      </trkpt>
      <trkpt lat="-9.299423" lon="-77.653983">
        <ele>3177.8</ele>
      </trkpt>
      <trkpt lat="-9.299377" lon="-77.653977">
        <ele>3177.2</ele>
      </trkpt>
      <trkpt lat="-9.299323" lon="-77.65397">
        <ele>3176.6</ele>
      </trkpt>
      <trkpt lat="-9.299267" lon="-77.653958">
        <ele>3176.4</ele>
      </trkpt>
      <trkpt lat="-9.299205" lon="-77.653952">
        <ele>3176.2</ele>
      </trkpt>
      <trkpt lat="-9.299145" lon="-77.653945">
        <ele>3175.6</ele>
      </trkpt>
      <trkpt lat="-9.29909" lon="-77.653938">
        <ele>3174.8</ele>
      </trkpt>
      <trkpt lat="-9.299032" lon="-77.653932">
        <ele>3174.4</ele>
      </trkpt>
      <trkpt lat="-9.29898" lon="-77.653932">
        <ele>3173.8</ele>
      </trkpt>
      <trkpt lat="-9.29893" lon="-77.653932">
        <ele>3173.2</ele>
      </trkpt>
      <trkpt lat="-9.298882" lon="-77.65392">
        <ele>3172.4</ele>
      </trkpt>
      <trkpt lat="-9.298838" lon="-77.653907">
        <ele>3171.6</ele>
      </trkpt>
      <trkpt lat="-9.2988" lon="-77.653887">
        <ele>3171</ele>
      </trkpt>
      <trkpt lat="-9.298768" lon="-77.653862">
        <ele>3171</ele>
      </trkpt>
      <trkpt lat="-9.298742" lon="-77.65383">
        <ele>3170.2</ele>
      </trkpt>
      <trkpt lat="-9.298718" lon="-77.653798">
        <ele>3169.8</ele>
      </trkpt>
      <trkpt lat="-9.298687" lon="-77.653772">
        <ele>3169.4</ele>
      </trkpt>
      <trkpt lat="-9.29866" lon="-77.653747">
        <ele>3168.8</ele>
      </trkpt>
      <trkpt lat="-9.298628" lon="-77.653733">
        <ele>3168.2</ele>
      </trkpt>
      <trkpt lat="-9.298602" lon="-77.653733">
        <ele>3167.6</ele>
      </trkpt>
      <trkpt lat="-9.29858" lon="-77.65374">
        <ele>3167.4</ele>
      </trkpt>
      <trkpt lat="-9.298562" lon="-77.65376">
        <ele>3167.4</ele>
      </trkpt>
      <trkpt lat="-9.29855" lon="-77.653778">
        <ele>3167.4</ele>
      </trkpt>
      <trkpt lat="-9.298542" lon="-77.65381">
        <ele>3167.2</ele>
      </trkpt>
      <trkpt lat="-9.298542" lon="-77.65383">
        <ele>3166.6</ele>
      </trkpt>
      <trkpt lat="-9.298542" lon="-77.653868">
        <ele>3166.6</ele>
      </trkpt>
      <trkpt lat="-9.298542" lon="-77.653907">
        <ele>3166.6</ele>
      </trkpt>
      <trkpt lat="-9.298548" lon="-77.653952">
        <ele>3166.6</ele>
      </trkpt>
      <trkpt lat="-9.298553" lon="-77.653997">
        <ele>3166.2</ele>
      </trkpt>
      <trkpt lat="-9.298548" lon="-77.654047">
        <ele>3165.8</ele>
      </trkpt>
      <trkpt lat="-9.298543" lon="-77.654092">
        <ele>3165.4</ele>
      </trkpt>
      <trkpt lat="-9.29854" lon="-77.654137">
        <ele>3165.2</ele>
      </trkpt>
      <trkpt lat="-9.298533" lon="-77.654182">
        <ele>3165.2</ele>
      </trkpt>
      <trkpt lat="-9.298523" lon="-77.65422">
        <ele>3165.2</ele>
      </trkpt>
      <trkpt lat="-9.29851" lon="-77.654258">
        <ele>3165</ele>
      </trkpt>
      <trkpt lat="-9.298488" lon="-77.654303">
        <ele>3164.8</ele>
      </trkpt>
      <trkpt lat="-9.29846" lon="-77.654342">
        <ele>3164</ele>
      </trkpt>
      <trkpt lat="-9.29843" lon="-77.654387">
        <ele>3163.8</ele>
      </trkpt>
      <trkpt lat="-9.298403" lon="-77.654425">
        <ele>3163.4</ele>
      </trkpt>
      <trkpt lat="-9.29838" lon="-77.65447">
        <ele>3163.2</ele>
      </trkpt>
      <trkpt lat="-9.29835" lon="-77.654515">
        <ele>3163.2</ele>
      </trkpt>
      <trkpt lat="-9.298315" lon="-77.654565">
        <ele>3162.6</ele>
      </trkpt>
      <trkpt lat="-9.298277" lon="-77.65461">
        <ele>3161.8</ele>
      </trkpt>
      <trkpt lat="-9.29824" lon="-77.654655">
        <ele>3161.8</ele>
      </trkpt>
      <trkpt lat="-9.298205" lon="-77.6547">
        <ele>3161.4</ele>
      </trkpt>
      <trkpt lat="-9.298172" lon="-77.654752">
        <ele>3161.4</ele>
      </trkpt>
      <trkpt lat="-9.298142" lon="-77.654808">
        <ele>3161.4</ele>
      </trkpt>
      <trkpt lat="-9.298112" lon="-77.65486">
        <ele>3161.4</ele>
      </trkpt>
      <trkpt lat="-9.298082" lon="-77.654905">
        <ele>3159.8</ele>
      </trkpt>
      <trkpt lat="-9.298057" lon="-77.65495">
        <ele>3159</ele>
      </trkpt>
      <trkpt lat="-9.298038" lon="-77.654988">
        <ele>3158.2</ele>
      </trkpt>
      <trkpt lat="-9.298027" lon="-77.655013">
        <ele>3157.6</ele>
      </trkpt>
      <trkpt lat="-9.298018" lon="-77.65504">
        <ele>3157.2</ele>
      </trkpt>
      <trkpt lat="-9.298007" lon="-77.655052">
        <ele>3156</ele>
      </trkpt>
      <trkpt lat="-9.297993" lon="-77.655072">
        <ele>3155.6</ele>
      </trkpt>
      <trkpt lat="-9.297988" lon="-77.65509">
        <ele>3155.6</ele>
      </trkpt>
      <trkpt lat="-9.297973" lon="-77.655128">
        <ele>3155.6</ele>
      </trkpt>
      <trkpt lat="-9.297938" lon="-77.655148">
        <ele>3155.2</ele>
      </trkpt>
      <trkpt lat="-9.297915" lon="-77.655167">
        <ele>3155.2</ele>
      </trkpt>
      <trkpt lat="-9.297888" lon="-77.655187">
        <ele>3155.2</ele>
      </trkpt>
      <trkpt lat="-9.29786" lon="-77.655212">
        <ele>3155.2</ele>
      </trkpt>
      <trkpt lat="-9.297828" lon="-77.655238">
        <ele>3155.2</ele>
      </trkpt>
      <trkpt lat="-9.2978" lon="-77.655263">
        <ele>3155.2</ele>
      </trkpt>
      <trkpt lat="-9.29777" lon="-77.655295">
        <ele>3154.6</ele>
      </trkpt>
      <trkpt lat="-9.297745" lon="-77.655333">
        <ele>3154</ele>
      </trkpt>
      <trkpt lat="-9.29772" lon="-77.655372">
        <ele>3153.6</ele>
      </trkpt>
      <trkpt lat="-9.297697" lon="-77.655403">
        <ele>3153.2</ele>
      </trkpt>
      <trkpt lat="-9.297673" lon="-77.655437">
        <ele>3152.8</ele>
      </trkpt>
      <trkpt lat="-9.297652" lon="-77.655468">
        <ele>3152.4</ele>
      </trkpt>
      <trkpt lat="-9.297637" lon="-77.655507">
        <ele>3151.8</ele>
      </trkpt>
      <trkpt lat="-9.297625" lon="-77.655545">
        <ele>3151.4</ele>
      </trkpt>
      <trkpt lat="-9.297612" lon="-77.655577">
        <ele>3151</ele>
      </trkpt>
      <trkpt lat="-9.297603" lon="-77.655615">
        <ele>3151</ele>
      </trkpt>
      <trkpt lat="-9.297597" lon="-77.655647">
        <ele>3151</ele>
      </trkpt>
      <trkpt lat="-9.29758" lon="-77.65568">
        <ele>3150</ele>
      </trkpt>
      <trkpt lat="-9.297565" lon="-77.655692">
        <ele>3148.6</ele>
      </trkpt>
      <trkpt lat="-9.29755" lon="-77.655718">
        <ele>3148.4</ele>
      </trkpt>
      <trkpt lat="-9.297535" lon="-77.65573">
        <ele>3148</ele>
      </trkpt>
      <trkpt lat="-9.297517" lon="-77.655737">
        <ele>3148</ele>
      </trkpt>
      <trkpt lat="-9.297492" lon="-77.655757">
        <ele>3148</ele>
      </trkpt>
      <trkpt lat="-9.297467" lon="-77.655775">
        <ele>3148</ele>
      </trkpt>
      <trkpt lat="-9.297445" lon="-77.655795">
        <ele>3148</ele>
      </trkpt>
      <trkpt lat="-9.297425" lon="-77.65582">
        <ele>3148</ele>
      </trkpt>
      <trkpt lat="-9.297412" lon="-77.655845">
        <ele>3148</ele>
      </trkpt>
      <trkpt lat="-9.297398" lon="-77.655878">
        <ele>3147.2</ele>
      </trkpt>
      <trkpt lat="-9.29738" lon="-77.655917">
        <ele>3146.6</ele>
      </trkpt>
      <trkpt lat="-9.297362" lon="-77.655942">
        <ele>3146.4</ele>
      </trkpt>
      <trkpt lat="-9.297338" lon="-77.655973">
        <ele>3146</ele>
      </trkpt>
      <trkpt lat="-9.297313" lon="-77.656">
        <ele>3145.8</ele>
      </trkpt>
      <trkpt lat="-9.297287" lon="-77.656025">
        <ele>3145.4</ele>
      </trkpt>
      <trkpt lat="-9.297262" lon="-77.65605">
        <ele>3144.6</ele>
      </trkpt>
      <trkpt lat="-9.29724" lon="-77.656057">
        <ele>3144.4</ele>
      </trkpt>
      <trkpt lat="-9.297222" lon="-77.656057">
        <ele>3143.8</ele>
      </trkpt>
      <trkpt lat="-9.297203" lon="-77.65605">
        <ele>3143.4</ele>
      </trkpt>
      <trkpt lat="-9.297192" lon="-77.656038">
        <ele>3142.8</ele>
      </trkpt>
      <trkpt lat="-9.297182" lon="-77.656018">
        <ele>3142.6</ele>
      </trkpt>
      <trkpt lat="-9.297182" lon="-77.656">
        <ele>3142.2</ele>
      </trkpt>
      <trkpt lat="-9.297193" lon="-77.65598">
        <ele>3141.4</ele>
      </trkpt>
      <trkpt lat="-9.297203" lon="-77.65596">
        <ele>3141</ele>
      </trkpt>
      <trkpt lat="-9.297222" lon="-77.655942">
        <ele>3141</ele>
      </trkpt>
      <trkpt lat="-9.29724" lon="-77.655917">
        <ele>3140.8</ele>
      </trkpt>
      <trkpt lat="-9.29726" lon="-77.655883">
        <ele>3140.8</ele>
      </trkpt>
      <trkpt lat="-9.297278" lon="-77.655852">
        <ele>3140.8</ele>
      </trkpt>
      <trkpt lat="-9.297293" lon="-77.655813">
        <ele>3140.8</ele>
      </trkpt>
      <trkpt lat="-9.2973" lon="-77.655782">
        <ele>3140.6</ele>
      </trkpt>
      <trkpt lat="-9.297312" lon="-77.655737">
        <ele>3140.4</ele>
      </trkpt>
      <trkpt lat="-9.29732" lon="-77.655698">
        <ele>3139.6</ele>
      </trkpt>
      <trkpt lat="-9.297333" lon="-77.655667">
        <ele>3139.2</ele>
      </trkpt>
      <trkpt lat="-9.297348" lon="-77.655635">
        <ele>3138.8</ele>
      </trkpt>
      <trkpt lat="-9.297358" lon="-77.655608">
        <ele>3138.6</ele>
      </trkpt>
      <trkpt lat="-9.297362" lon="-77.655583">
        <ele>3138.6</ele>
      </trkpt>
      <trkpt lat="-9.297358" lon="-77.655538">
        <ele>3137.8</ele>
      </trkpt>
      <trkpt lat="-9.297352" lon="-77.65552">
        <ele>3137.8</ele>
      </trkpt>
      <trkpt lat="-9.297347" lon="-77.65548">
        <ele>3137.6</ele>
      </trkpt>
      <trkpt lat="-9.297347" lon="-77.655448">
        <ele>3137.4</ele>
      </trkpt>
      <trkpt lat="-9.297347" lon="-77.655403">
        <ele>3137.2</ele>
      </trkpt>
      <trkpt lat="-9.297358" lon="-77.655347">
        <ele>3137.2</ele>
      </trkpt>
      <trkpt lat="-9.297368" lon="-77.655308">
        <ele>3136.6</ele>
      </trkpt>
      <trkpt lat="-9.297388" lon="-77.655257">
        <ele>3136</ele>
      </trkpt>
      <trkpt lat="-9.297425" lon="-77.655187">
        <ele>3135.8</ele>
      </trkpt>
      <trkpt lat="-9.297465" lon="-77.655135">
        <ele>3135.4</ele>
      </trkpt>
      <trkpt lat="-9.297505" lon="-77.655083">
        <ele>3134.8</ele>
      </trkpt>
      <trkpt lat="-9.297547" lon="-77.655027">
        <ele>3134.2</ele>
      </trkpt>
      <trkpt lat="-9.297585" lon="-77.654975">
        <ele>3133.2</ele>
      </trkpt>
      <trkpt lat="-9.29762" lon="-77.654923">
        <ele>3132.6</ele>
      </trkpt>
      <trkpt lat="-9.297648" lon="-77.654867">
        <ele>3132.2</ele>
      </trkpt>
      <trkpt lat="-9.297677" lon="-77.654815">
        <ele>3131.6</ele>
      </trkpt>
      <trkpt lat="-9.297705" lon="-77.654763">
        <ele>3131.2</ele>
      </trkpt>
      <trkpt lat="-9.297728" lon="-77.6547">
        <ele>3130</ele>
      </trkpt>
      <trkpt lat="-9.297742" lon="-77.654642">
        <ele>3129.6</ele>
      </trkpt>
      <trkpt lat="-9.297755" lon="-77.654585">
        <ele>3129.6</ele>
      </trkpt>
      <trkpt lat="-9.29777" lon="-77.654527">
        <ele>3128.4</ele>
      </trkpt>
      <trkpt lat="-9.29779" lon="-77.654457">
        <ele>3127.2</ele>
      </trkpt>
      <trkpt lat="-9.297808" lon="-77.654393">
        <ele>3126.8</ele>
      </trkpt>
      <trkpt lat="-9.297823" lon="-77.654328">
        <ele>3126.4</ele>
      </trkpt>
      <trkpt lat="-9.297838" lon="-77.654258">
        <ele>3126</ele>
      </trkpt>
      <trkpt lat="-9.297848" lon="-77.654207">
        <ele>3125.4</ele>
      </trkpt>
      <trkpt lat="-9.297858" lon="-77.654137">
        <ele>3125</ele>
      </trkpt>
      <trkpt lat="-9.29786" lon="-77.654073">
        <ele>3125</ele>
      </trkpt>
      <trkpt lat="-9.297858" lon="-77.654015">
        <ele>3124</ele>
      </trkpt>
      <trkpt lat="-9.297855" lon="-77.653952">
        <ele>3123</ele>
      </trkpt>
      <trkpt lat="-9.297853" lon="-77.6539">
        <ele>3122.2</ele>
      </trkpt>
      <trkpt lat="-9.297853" lon="-77.653855">
        <ele>3121.8</ele>
      </trkpt>
      <trkpt lat="-9.297855" lon="-77.653817">
        <ele>3121.2</ele>
      </trkpt>
      <trkpt lat="-9.297853" lon="-77.653785">
        <ele>3120.6</ele>
      </trkpt>
      <trkpt lat="-9.297853" lon="-77.65376">
        <ele>3120</ele>
      </trkpt>
      <trkpt lat="-9.29785" lon="-77.65374">
        <ele>3118.6</ele>
      </trkpt>
      <trkpt lat="-9.297848" lon="-77.65372">
        <ele>3118.6</ele>
      </trkpt>
      <trkpt lat="-9.297835" lon="-77.653708">
        <ele>3118.2</ele>
      </trkpt>
      <trkpt lat="-9.297815" lon="-77.653702">
        <ele>3118.2</ele>
      </trkpt>
      <trkpt lat="-9.29779" lon="-77.653702">
        <ele>3118.2</ele>
      </trkpt>
      <trkpt lat="-9.29777" lon="-77.653708">
        <ele>3118</ele>
      </trkpt>
      <trkpt lat="-9.297753" lon="-77.65372">
        <ele>3117.6</ele>
      </trkpt>
      <trkpt lat="-9.297745" lon="-77.65374">
        <ele>3117.2</ele>
      </trkpt>
      <trkpt lat="-9.297742" lon="-77.653753">
        <ele>3115.8</ele>
      </trkpt>
      <trkpt lat="-9.297743" lon="-77.653772">
        <ele>3116</ele>
      </trkpt>
      <trkpt lat="-9.297748" lon="-77.65381">
        <ele>3116.4</ele>
      </trkpt>
      <trkpt lat="-9.29777" lon="-77.653855">
        <ele>3116</ele>
      </trkpt>
      <trkpt lat="-9.297778" lon="-77.653887">
        <ele>3115.6</ele>
      </trkpt>
      <trkpt lat="-9.29778" lon="-77.653913">
        <ele>3115.4</ele>
      </trkpt>
      <trkpt lat="-9.29778" lon="-77.653945">
        <ele>3115.4</ele>
      </trkpt>
      <trkpt lat="-9.297775" lon="-77.653983">
        <ele>3115.2</ele>
      </trkpt>
      <trkpt lat="-9.297763" lon="-77.654015">
        <ele>3115</ele>
      </trkpt>
      <trkpt lat="-9.297748" lon="-77.65406">
        <ele>3115</ele>
      </trkpt>
      <trkpt lat="-9.297728" lon="-77.654098">
        <ele>3114.8</ele>
      </trkpt>
      <trkpt lat="-9.297708" lon="-77.654137">
        <ele>3114.6</ele>
      </trkpt>
      <trkpt lat="-9.2977" lon="-77.654195">
        <ele>3114.6</ele>
      </trkpt>
      <trkpt lat="-9.29768" lon="-77.654245">
        <ele>3114.6</ele>
      </trkpt>
      <trkpt lat="-9.297657" lon="-77.654297">
        <ele>3114.6</ele>
      </trkpt>
      <trkpt lat="-9.297635" lon="-77.654348">
        <ele>3114.6</ele>
      </trkpt>
      <trkpt lat="-9.29761" lon="-77.654393">
        <ele>3114.4</ele>
      </trkpt>
      <trkpt lat="-9.29759" lon="-77.654432">
        <ele>3113.6</ele>
      </trkpt>
      <trkpt lat="-9.297578" lon="-77.654457">
        <ele>3113.2</ele>
      </trkpt>
      <trkpt lat="-9.29756" lon="-77.654495">
        <ele>3112.8</ele>
      </trkpt>
      <trkpt lat="-9.297547" lon="-77.654508">
        <ele>3112</ele>
      </trkpt>
      <trkpt lat="-9.297535" lon="-77.654533">
        <ele>3111.6</ele>
      </trkpt>
      <trkpt lat="-9.297502" lon="-77.65454">
        <ele>3110.8</ele>
      </trkpt>
      <trkpt lat="-9.297485" lon="-77.654533">
        <ele>3110.6</ele>
      </trkpt>
      <trkpt lat="-9.297472" lon="-77.654515">
        <ele>3110.2</ele>
      </trkpt>
      <trkpt lat="-9.297455" lon="-77.654495">
        <ele>3109.2</ele>
      </trkpt>
      <trkpt lat="-9.29747" lon="-77.654463">
        <ele>3109.2</ele>
      </trkpt>
      <trkpt lat="-9.297477" lon="-77.654443">
        <ele>3109.2</ele>
      </trkpt>
      <trkpt lat="-9.297485" lon="-77.654418">
        <ele>3109</ele>
      </trkpt>
      <trkpt lat="-9.297498" lon="-77.654387">
        <ele>3109</ele>
      </trkpt>
      <trkpt lat="-9.297512" lon="-77.654348">
        <ele>3109</ele>
      </trkpt>
      <trkpt lat="-9.297522" lon="-77.654303">
        <ele>3108.8</ele>
      </trkpt>
      <trkpt lat="-9.297532" lon="-77.654258">
        <ele>3108.8</ele>
      </trkpt>
      <trkpt lat="-9.297535" lon="-77.654207">
        <ele>3108.4</ele>
      </trkpt>
      <trkpt lat="-9.297537" lon="-77.65413">
        <ele>3108.2</ele>
      </trkpt>
      <trkpt lat="-9.297535" lon="-77.65406">
        <ele>3108</ele>
      </trkpt>
      <trkpt lat="-9.29753" lon="-77.653983">
        <ele>3107.6</ele>
      </trkpt>
      <trkpt lat="-9.297525" lon="-77.65392">
        <ele>3107.2</ele>
      </trkpt>
      <trkpt lat="-9.297522" lon="-77.653862">
        <ele>3106.4</ele>
      </trkpt>
      <trkpt lat="-9.297517" lon="-77.65381">
        <ele>3105.4</ele>
      </trkpt>
      <trkpt lat="-9.2975" lon="-77.653753">
        <ele>3104.4</ele>
      </trkpt>
      <trkpt lat="-9.297472" lon="-77.653715">
        <ele>3104</ele>
      </trkpt>
      <trkpt lat="-9.297435" lon="-77.653677">
        <ele>3103.8</ele>
      </trkpt>
      <trkpt lat="-9.297393" lon="-77.65365">
        <ele>3103.4</ele>
      </trkpt>
      <trkpt lat="-9.297367" lon="-77.653618">
        <ele>3102.6</ele>
      </trkpt>
      <trkpt lat="-9.29734" lon="-77.653573">
        <ele>3101.6</ele>
      </trkpt>
      <trkpt lat="-9.297323" lon="-77.653535">
        <ele>3101</ele>
      </trkpt>
      <trkpt lat="-9.297317" lon="-77.65349">
        <ele>3100.6</ele>
      </trkpt>
      <trkpt lat="-9.297307" lon="-77.653433">
        <ele>3100.2</ele>
      </trkpt>
      <trkpt lat="-9.2973" lon="-77.653375">
        <ele>3099.8</ele>
      </trkpt>
      <trkpt lat="-9.297293" lon="-77.653312">
        <ele>3099.4</ele>
      </trkpt>
      <trkpt lat="-9.297293" lon="-77.65326">
        <ele>3099</ele>
      </trkpt>
      <trkpt lat="-9.297292" lon="-77.653202">
        <ele>3098.4</ele>
      </trkpt>
      <trkpt lat="-9.297292" lon="-77.653158">
        <ele>3098</ele>
      </trkpt>
      <trkpt lat="-9.297293" lon="-77.653113">
        <ele>3096.8</ele>
      </trkpt>
      <trkpt lat="-9.297302" lon="-77.653062">
        <ele>3096.4</ele>
      </trkpt>
      <trkpt lat="-9.297313" lon="-77.653023">
        <ele>3095.8</ele>
      </trkpt>
      <trkpt lat="-9.297337" lon="-77.652953">
        <ele>3095.6</ele>
      </trkpt>
      <trkpt lat="-9.29736" lon="-77.652902">
        <ele>3095.2</ele>
      </trkpt>
      <trkpt lat="-9.297387" lon="-77.652843">
        <ele>3094.8</ele>
      </trkpt>
      <trkpt lat="-9.297412" lon="-77.652787">
        <ele>3094</ele>
      </trkpt>
      <trkpt lat="-9.297432" lon="-77.652722">
        <ele>3093.6</ele>
      </trkpt>
      <trkpt lat="-9.297452" lon="-77.652665">
        <ele>3093.4</ele>
      </trkpt>
      <trkpt lat="-9.297467" lon="-77.6526">
        <ele>3092.6</ele>
      </trkpt>
      <trkpt lat="-9.297482" lon="-77.652543">
        <ele>3092.2</ele>
      </trkpt>
      <trkpt lat="-9.2975" lon="-77.652485">
        <ele>3091.2</ele>
      </trkpt>
      <trkpt lat="-9.297507" lon="-77.652422">
        <ele>3090.4</ele>
      </trkpt>
      <trkpt lat="-9.297505" lon="-77.652363">
        <ele>3089.6</ele>
      </trkpt>
      <trkpt lat="-9.297495" lon="-77.652313">
        <ele>3089</ele>
      </trkpt>
      <trkpt lat="-9.297477" lon="-77.652268">
        <ele>3088.6</ele>
      </trkpt>
      <trkpt lat="-9.297452" lon="-77.652223">
        <ele>3088</ele>
      </trkpt>
      <trkpt lat="-9.297425" lon="-77.652172">
        <ele>3087.6</ele>
      </trkpt>
      <trkpt lat="-9.297397" lon="-77.652127">
        <ele>3087.2</ele>
      </trkpt>
      <trkpt lat="-9.297377" lon="-77.652088">
        <ele>3086.4</ele>
      </trkpt>
      <trkpt lat="-9.29736" lon="-77.65207">
        <ele>3086</ele>
      </trkpt>
      <trkpt lat="-9.297353" lon="-77.652043">
        <ele>3085</ele>
      </trkpt>
      <trkpt lat="-9.297362" lon="-77.652025">
        <ele>3084.6</ele>
      </trkpt>
      <trkpt lat="-9.297373" lon="-77.652005">
        <ele>3084.8</ele>
      </trkpt>
      <trkpt lat="-9.297393" lon="-77.651987">
        <ele>3084.4</ele>
      </trkpt>
      <trkpt lat="-9.297417" lon="-77.651973">
        <ele>3084</ele>
      </trkpt>
      <trkpt lat="-9.297437" lon="-77.651967">
        <ele>3083.8</ele>
      </trkpt>
      <trkpt lat="-9.297458" lon="-77.651967">
        <ele>3083.4</ele>
      </trkpt>
      <trkpt lat="-9.29748" lon="-77.651967">
        <ele>3083.2</ele>
      </trkpt>
      <trkpt lat="-9.29751" lon="-77.651967">
        <ele>3083.2</ele>
      </trkpt>
      <trkpt lat="-9.29755" lon="-77.651987">
        <ele>3083</ele>
      </trkpt>
      <trkpt lat="-9.297578" lon="-77.651987">
        <ele>3082.8</ele>
      </trkpt>
      <trkpt lat="-9.297605" lon="-77.651993">
        <ele>3082.8</ele>
      </trkpt>
      <trkpt lat="-9.297632" lon="-77.652">
        <ele>3082.2</ele>
      </trkpt>
      <trkpt lat="-9.297657" lon="-77.652">
        <ele>3081.8</ele>
      </trkpt>
      <trkpt lat="-9.297683" lon="-77.652">
        <ele>3081.6</ele>
      </trkpt>
      <trkpt lat="-9.297708" lon="-77.652">
        <ele>3081.6</ele>
      </trkpt>
      <trkpt lat="-9.29773" lon="-77.652005">
        <ele>3081.6</ele>
      </trkpt>
      <trkpt lat="-9.297753" lon="-77.652012">
        <ele>3081.6</ele>
      </trkpt>
      <trkpt lat="-9.29778" lon="-77.652025">
        <ele>3081.2</ele>
      </trkpt>
      <trkpt lat="-9.297815" lon="-77.652032">
        <ele>3081.2</ele>
      </trkpt>
      <trkpt lat="-9.297853" lon="-77.652032">
        <ele>3081.2</ele>
      </trkpt>
      <trkpt lat="-9.297893" lon="-77.652038">
        <ele>3081</ele>
      </trkpt>
      <trkpt lat="-9.297937" lon="-77.652043">
        <ele>3080.8</ele>
      </trkpt>
      <trkpt lat="-9.29798" lon="-77.652043">
        <ele>3080.2</ele>
      </trkpt>
      <trkpt lat="-9.298013" lon="-77.652043">
        <ele>3079.8</ele>
      </trkpt>
      <trkpt lat="-9.29806" lon="-77.652043">
        <ele>3079.6</ele>
      </trkpt>
      <trkpt lat="-9.298117" lon="-77.65205">
        <ele>3079</ele>
      </trkpt>
      <trkpt lat="-9.298152" lon="-77.65205">
        <ele>3078.6</ele>
      </trkpt>
      <trkpt lat="-9.298197" lon="-77.65205">
        <ele>3077.8</ele>
      </trkpt>
      <trkpt lat="-9.298252" lon="-77.65205">
        <ele>3077.2</ele>
      </trkpt>
      <trkpt lat="-9.298297" lon="-77.65205">
        <ele>3077.2</ele>
      </trkpt>
      <trkpt lat="-9.29834" lon="-77.652043">
        <ele>3076.4</ele>
      </trkpt>
      <trkpt lat="-9.298398" lon="-77.652032">
        <ele>3076.2</ele>
      </trkpt>
      <trkpt lat="-9.298423" lon="-77.652025">
        <ele>3076.2</ele>
      </trkpt>
      <trkpt lat="-9.298468" lon="-77.652012">
        <ele>3075.8</ele>
      </trkpt>
      <trkpt lat="-9.298515" lon="-77.652005">
        <ele>3075.4</ele>
      </trkpt>
      <trkpt lat="-9.29856" lon="-77.652012">
        <ele>3074.6</ele>
      </trkpt>
      <trkpt lat="-9.298602" lon="-77.652025">
        <ele>3074</ele>
      </trkpt>
      <trkpt lat="-9.29864" lon="-77.652038">
        <ele>3073.6</ele>
      </trkpt>
      <trkpt lat="-9.29868" lon="-77.652063">
        <ele>3073.4</ele>
      </trkpt>
      <trkpt lat="-9.298713" lon="-77.652088">
        <ele>3072.8</ele>
      </trkpt>
      <trkpt lat="-9.298743" lon="-77.652108">
        <ele>3072.2</ele>
      </trkpt>
      <trkpt lat="-9.298777" lon="-77.652127">
        <ele>3072.2</ele>
      </trkpt>
      <trkpt lat="-9.298807" lon="-77.65214">
        <ele>3072.2</ele>
      </trkpt>
      <trkpt lat="-9.29884" lon="-77.652147">
        <ele>3071.8</ele>
      </trkpt>
      <trkpt lat="-9.29888" lon="-77.652153">
        <ele>3071.6</ele>
      </trkpt>
      <trkpt lat="-9.298922" lon="-77.65214">
        <ele>3071.6</ele>
      </trkpt>
      <trkpt lat="-9.298967" lon="-77.65212">
        <ele>3071.6</ele>
      </trkpt>
      <trkpt lat="-9.299012" lon="-77.652102">
        <ele>3071.4</ele>
      </trkpt>
      <trkpt lat="-9.299057" lon="-77.652082">
        <ele>3070.8</ele>
      </trkpt>
      <trkpt lat="-9.299103" lon="-77.65207">
        <ele>3070.4</ele>
      </trkpt>
      <trkpt lat="-9.299137" lon="-77.652063">
        <ele>3070.2</ele>
      </trkpt>
      <trkpt lat="-9.299175" lon="-77.652063">
        <ele>3070</ele>
      </trkpt>
      <trkpt lat="-9.29921" lon="-77.652063">
        <ele>3070</ele>
      </trkpt>
      <trkpt lat="-9.299235" lon="-77.652063">
        <ele>3070</ele>
      </trkpt>
      <trkpt lat="-9.299262" lon="-77.65205">
        <ele>3069.2</ele>
      </trkpt>
      <trkpt lat="-9.299288" lon="-77.652038">
        <ele>3069</ele>
      </trkpt>
      <trkpt lat="-9.299328" lon="-77.652032">
        <ele>3068.6</ele>
      </trkpt>
      <trkpt lat="-9.299353" lon="-77.652032">
        <ele>3068.2</ele>
      </trkpt>
      <trkpt lat="-9.299382" lon="-77.652032">
        <ele>3068</ele>
      </trkpt>
      <trkpt lat="-9.299427" lon="-77.652038">
        <ele>3067.4</ele>
      </trkpt>
      <trkpt lat="-9.299467" lon="-77.652038">
        <ele>3067</ele>
      </trkpt>
      <trkpt lat="-9.29951" lon="-77.652038">
        <ele>3067</ele>
      </trkpt>
      <trkpt lat="-9.299558" lon="-77.652032">
        <ele>3066.4</ele>
      </trkpt>
      <trkpt lat="-9.29962" lon="-77.652025">
        <ele>3065.8</ele>
      </trkpt>
      <trkpt lat="-9.299665" lon="-77.652012">
        <ele>3065.6</ele>
      </trkpt>
      <trkpt lat="-9.299715" lon="-77.652012">
        <ele>3065.6</ele>
      </trkpt>
      <trkpt lat="-9.299768" lon="-77.652012">
        <ele>3065.4</ele>
      </trkpt>
      <trkpt lat="-9.299803" lon="-77.652012">
        <ele>3065</ele>
      </trkpt>
      <trkpt lat="-9.29983" lon="-77.652012">
        <ele>3064.4</ele>
      </trkpt>
      <trkpt lat="-9.299858" lon="-77.652025">
        <ele>3064</ele>
      </trkpt>
      <trkpt lat="-9.299873" lon="-77.652012">
        <ele>3063.8</ele>
      </trkpt>
      <trkpt lat="-9.2999" lon="-77.652">
        <ele>3063</ele>
      </trkpt>
      <trkpt lat="-9.2999" lon="-77.651973">
        <ele>3063</ele>
      </trkpt>
      <trkpt lat="-9.299895" lon="-77.651955">
        <ele>3062.6</ele>
      </trkpt>
      <trkpt lat="-9.299875" lon="-77.651948">
        <ele>3061.2</ele>
      </trkpt>
      <trkpt lat="-9.29986" lon="-77.651942">
        <ele>3060.4</ele>
      </trkpt>
      <trkpt lat="-9.299823" lon="-77.651942">
        <ele>3060</ele>
      </trkpt>
      <trkpt lat="-9.299803" lon="-77.651942">
        <ele>3060</ele>
      </trkpt>
      <trkpt lat="-9.299783" lon="-77.651928">
        <ele>3059.8</ele>
      </trkpt>
      <trkpt lat="-9.299752" lon="-77.651922">
        <ele>3059.6</ele>
      </trkpt>
      <trkpt lat="-9.299727" lon="-77.651917">
        <ele>3059.2</ele>
      </trkpt>
      <trkpt lat="-9.299697" lon="-77.651903">
        <ele>3058.8</ele>
      </trkpt>
      <trkpt lat="-9.299665" lon="-77.651883">
        <ele>3058.6</ele>
      </trkpt>
      <trkpt lat="-9.299638" lon="-77.651852">
        <ele>3058.2</ele>
      </trkpt>
      <trkpt lat="-9.299617" lon="-77.651833">
        <ele>3057.8</ele>
      </trkpt>
      <trkpt lat="-9.299545" lon="-77.65175">
        <ele>3057.2</ele>
      </trkpt>
      <trkpt lat="-9.299517" lon="-77.651723">
        <ele>3056</ele>
      </trkpt>
      <trkpt lat="-9.299487" lon="-77.651712">
        <ele>3055.6</ele>
      </trkpt>
      <trkpt lat="-9.299452" lon="-77.651705">
        <ele>3055.2</ele>
      </trkpt>
      <trkpt lat="-9.299412" lon="-77.651692">
        <ele>3054.8</ele>
      </trkpt>
      <trkpt lat="-9.299368" lon="-77.651685">
        <ele>3054.2</ele>
      </trkpt>
      <trkpt lat="-9.299328" lon="-77.65168">
        <ele>3053.8</ele>
      </trkpt>
      <trkpt lat="-9.299292" lon="-77.651667">
        <ele>3053.4</ele>
      </trkpt>
      <trkpt lat="-9.299255" lon="-77.651647">
        <ele>3053</ele>
      </trkpt>
      <trkpt lat="-9.29922" lon="-77.651635">
        <ele>3053</ele>
      </trkpt>
      <trkpt lat="-9.299185" lon="-77.651615">
        <ele>3052.2</ele>
      </trkpt>
      <trkpt lat="-9.299145" lon="-77.651608">
        <ele>3051.6</ele>
      </trkpt>
      <trkpt lat="-9.299117" lon="-77.651602">
        <ele>3050.8</ele>
      </trkpt>
      <trkpt lat="-9.299085" lon="-77.651602">
        <ele>3050.6</ele>
      </trkpt>
      <trkpt lat="-9.29906" lon="-77.651602">
        <ele>3050.2</ele>
      </trkpt>
      <trkpt lat="-9.299027" lon="-77.651602">
        <ele>3050.2</ele>
      </trkpt>
      <trkpt lat="-9.298992" lon="-77.651615">
        <ele>3050.2</ele>
      </trkpt>
      <trkpt lat="-9.298952" lon="-77.651628">
        <ele>3049</ele>
      </trkpt>
      <trkpt lat="-9.29892" lon="-77.651635">
        <ele>3048.4</ele>
      </trkpt>
      <trkpt lat="-9.298892" lon="-77.651647">
        <ele>3048</ele>
      </trkpt>
      <trkpt lat="-9.29886" lon="-77.651653">
        <ele>3047.4</ele>
      </trkpt>
      <trkpt lat="-9.298838" lon="-77.651667">
        <ele>3047</ele>
      </trkpt>
      <trkpt lat="-9.298812" lon="-77.651673">
        <ele>3046.6</ele>
      </trkpt>
      <trkpt lat="-9.298785" lon="-77.651673">
        <ele>3046</ele>
      </trkpt>
      <trkpt lat="-9.298758" lon="-77.65168">
        <ele>3045.4</ele>
      </trkpt>
      <trkpt lat="-9.298723" lon="-77.65168">
        <ele>3045.2</ele>
      </trkpt>
      <trkpt lat="-9.298687" lon="-77.65168">
        <ele>3045</ele>
      </trkpt>
      <trkpt lat="-9.298647" lon="-77.651673">
        <ele>3044.6</ele>
      </trkpt>
      <trkpt lat="-9.298608" lon="-77.651667">
        <ele>3044.2</ele>
      </trkpt>
      <trkpt lat="-9.298573" lon="-77.651653">
        <ele>3044.2</ele>
      </trkpt>
      <trkpt lat="-9.298535" lon="-77.651647">
        <ele>3043.6</ele>
      </trkpt>
      <trkpt lat="-9.2985" lon="-77.651628">
        <ele>3043.2</ele>
      </trkpt>
      <trkpt lat="-9.298468" lon="-77.651602">
        <ele>3043.2</ele>
      </trkpt>
      <trkpt lat="-9.29844" lon="-77.65157">
        <ele>3043</ele>
      </trkpt>
      <trkpt lat="-9.298415" lon="-77.651532">
        <ele>3043</ele>
      </trkpt>
      <trkpt lat="-9.298383" lon="-77.65148">
        <ele>3042.4</ele>
      </trkpt>
      <trkpt lat="-9.298363" lon="-77.651448">
        <ele>3042.2</ele>
      </trkpt>
      <trkpt lat="-9.29833" lon="-77.651403">
        <ele>3041.8</ele>
      </trkpt>
      <trkpt lat="-9.298283" lon="-77.651347">
        <ele>3041.4</ele>
      </trkpt>
      <trkpt lat="-9.298257" lon="-77.651308">
        <ele>3041.2</ele>
      </trkpt>
      <trkpt lat="-9.29821" lon="-77.651243">
        <ele>3040.6</ele>
      </trkpt>
      <trkpt lat="-9.298172" lon="-77.651193">
        <ele>3040.2</ele>
      </trkpt>
      <trkpt lat="-9.298132" lon="-77.65116">
        <ele>3039.6</ele>
      </trkpt>
      <trkpt lat="-9.298082" lon="-77.651122">
        <ele>3038.8</ele>
      </trkpt>
      <trkpt lat="-9.29804" lon="-77.651083">
        <ele>3038.2</ele>
      </trkpt>
      <trkpt lat="-9.298007" lon="-77.651052">
        <ele>3037.4</ele>
      </trkpt>
      <trkpt lat="-9.297962" lon="-77.651013">
        <ele>3037</ele>
      </trkpt>
      <trkpt lat="-9.297918" lon="-77.650975">
        <ele>3037</ele>
      </trkpt>
      <trkpt lat="-9.297867" lon="-77.650918">
        <ele>3036.8</ele>
      </trkpt>
      <trkpt lat="-9.297835" lon="-77.650873">
        <ele>3035.6</ele>
      </trkpt>
      <trkpt lat="-9.297815" lon="-77.650822">
        <ele>3035.4</ele>
      </trkpt>
      <trkpt lat="-9.297798" lon="-77.650777">
        <ele>3035.4</ele>
      </trkpt>
      <trkpt lat="-9.2978" lon="-77.650778">
        <ele>3010</ele>
      </trkpt>
      <trkpt lat="-9.297796" lon="-77.650756">
        <ele>3009.5</ele>
      </trkpt>
      <trkpt lat="-9.297838" lon="-77.650644">
        <ele>3005.5</ele>
      </trkpt>
      <trkpt lat="-9.298011" lon="-77.650361">
        <ele>2995.75</ele>
      </trkpt>
      <trkpt lat="-9.298064" lon="-77.650312">
        <ele>2994</ele>
      </trkpt>
      <trkpt lat="-9.298119" lon="-77.650276">
        <ele>2992.5</ele>
      </trkpt>
      <trkpt lat="-9.298226" lon="-77.650241">
        <ele>2991</ele>
      </trkpt>
      <trkpt lat="-9.298275" lon="-77.650266">
        <ele>2991</ele>
      </trkpt>
      <trkpt lat="-9.29831" lon="-77.650299">
        <ele>2991.25</ele>
      </trkpt>
      <trkpt lat="-9.298333" lon="-77.65032">
        <ele>2991.75</ele>
      </trkpt>
      <trkpt lat="-9.298358" lon="-77.650385">
        <ele>2993</ele>
      </trkpt>
      <trkpt lat="-9.298352" lon="-77.650462">
        <ele>2994.75</ele>
      </trkpt>
      <trkpt lat="-9.298292" lon="-77.650602">
        <ele>2998.5</ele>
      </trkpt>
      <trkpt lat="-9.298293" lon="-77.650664">
        <ele>2999.75</ele>
      </trkpt>
      <trkpt lat="-9.29835" lon="-77.650948">
        <ele>3006</ele>
      </trkpt>
      <trkpt lat="-9.298413" lon="-77.651007">
        <ele>3007.5</ele>
      </trkpt>
      <trkpt lat="-9.298968" lon="-77.651201">
        <ele>3010.5</ele>
      </trkpt>
      <trkpt lat="-9.298987" lon="-77.651199">
        <ele>3010.25</ele>
      </trkpt>
      <trkpt lat="-9.299037" lon="-77.651193">
        <ele>3010</ele>
      </trkpt>
      <trkpt lat="-9.299181" lon="-77.651125">
        <ele>3006.75</ele>
      </trkpt>
      <trkpt lat="-9.299413" lon="-77.650995">
        <ele>2999</ele>
      </trkpt>
      <trkpt lat="-9.299535" lon="-77.650961">
        <ele>2996</ele>
      </trkpt>
      <trkpt lat="-9.299671" lon="-77.651002">
        <ele>2995.5</ele>
      </trkpt>
      <trkpt lat="-9.299782" lon="-77.651071">
        <ele>2996.75</ele>
      </trkpt>
      <trkpt lat="-9.300014" lon="-77.651166">
        <ele>2997.75</ele>
      </trkpt>
      <trkpt lat="-9.30008" lon="-77.651239">
        <ele>3000.5</ele>
      </trkpt>
      <trkpt lat="-9.300122" lon="-77.651359">
        <ele>3005.5</ele>
      </trkpt>
      <trkpt lat="-9.300116" lon="-77.651513">
        <ele>3012</ele>
      </trkpt>
      <trkpt lat="-9.300149" lon="-77.65157">
        <ele>3014.5</ele>
      </trkpt>
      <trkpt lat="-9.300191" lon="-77.651571">
        <ele>3014.5</ele>
      </trkpt>
      <trkpt lat="-9.300334" lon="-77.651484">
        <ele>3010</ele>
      </trkpt>
      <trkpt lat="-9.300498" lon="-77.65141">
        <ele>3006</ele>
      </trkpt>
      <trkpt lat="-9.300604" lon="-77.651375">
        <ele>3004</ele>
      </trkpt>
      <trkpt lat="-9.300694" lon="-77.651371">
        <ele>3003.25</ele>
      </trkpt>
      <trkpt lat="-9.300783" lon="-77.651382">
        <ele>3003.5</ele>
      </trkpt>
      <trkpt lat="-9.300845" lon="-77.651417">
        <ele>3005</ele>
      </trkpt>
      <trkpt lat="-9.300958" lon="-77.651587">
        <ele>3015</ele>
      </trkpt>
      <trkpt lat="-9.300988" lon="-77.651599">
        <ele>3016</ele>
      </trkpt>
      <trkpt lat="-9.301024" lon="-77.651578">
        <ele>3015.25</ele>
      </trkpt>
      <trkpt lat="-9.301026" lon="-77.651559">
        <ele>3014</ele>
      </trkpt>
      <trkpt lat="-9.301031" lon="-77.651498">
        <ele>3011</ele>
      </trkpt>
      <trkpt lat="-9.301026" lon="-77.651367">
        <ele>3004.25</ele>
      </trkpt>
      <trkpt lat="-9.301057" lon="-77.651289">
        <ele>3000.5</ele>
      </trkpt>
      <trkpt lat="-9.301055" lon="-77.651163">
        <ele>2994</ele>
      </trkpt>
      <trkpt lat="-9.301093" lon="-77.651123">
        <ele>2992.25</ele>
      </trkpt>
      <trkpt lat="-9.30114" lon="-77.651104">
        <ele>2991.75</ele>
      </trkpt>
      <trkpt lat="-9.301486" lon="-77.651084">
        <ele>2994</ele>
      </trkpt>
      <trkpt lat="-9.301657" lon="-77.651068">
        <ele>2995</ele>
      </trkpt>
      <trkpt lat="-9.3018" lon="-77.651071">
        <ele>2997</ele>
      </trkpt>
      <trkpt lat="-9.301997" lon="-77.651108">
        <ele>3002</ele>
      </trkpt>
      <trkpt lat="-9.302117" lon="-77.651115">
        <ele>3004.25</ele>
      </trkpt>
      <trkpt lat="-9.302384" lon="-77.651067">
        <ele>3005</ele>
      </trkpt>
      <trkpt lat="-9.302484" lon="-77.651031">
        <ele>3004</ele>
      </trkpt>
      <trkpt lat="-9.30262" lon="-77.651015">
        <ele>3007</ele>
      </trkpt>
      <trkpt lat="-9.302684" lon="-77.650995">
        <ele>3007.5</ele>
      </trkpt>
      <trkpt lat="-9.302813" lon="-77.650822">
        <ele>3000.5</ele>
      </trkpt>
      <trkpt lat="-9.303025" lon="-77.650722">
        <ele>3003</ele>
      </trkpt>
      <trkpt lat="-9.303138" lon="-77.650628">
        <ele>3002.25</ele>
      </trkpt>
      <trkpt lat="-9.303154" lon="-77.65054">
        <ele>2999</ele>
      </trkpt>
      <trkpt lat="-9.303135" lon="-77.650422">
        <ele>2993</ele>
      </trkpt>
      <trkpt lat="-9.303162" lon="-77.650327">
        <ele>2989.5</ele>
      </trkpt>
      <trkpt lat="-9.303342" lon="-77.650132">
        <ele>2985.25</ele>
      </trkpt>
      <trkpt lat="-9.303511" lon="-77.649983">
        <ele>2982.75</ele>
      </trkpt>
      <trkpt lat="-9.303674" lon="-77.649909">
        <ele>2984</ele>
      </trkpt>
      <trkpt lat="-9.303891" lon="-77.649854">
        <ele>2987.25</ele>
      </trkpt>
      <trkpt lat="-9.304059" lon="-77.649789">
        <ele>2988.75</ele>
      </trkpt>
      <trkpt lat="-9.304239" lon="-77.649729">
        <ele>2990.25</ele>
      </trkpt>
      <trkpt lat="-9.304317" lon="-77.649719">
        <ele>2991.5</ele>
      </trkpt>
      <trkpt lat="-9.304396" lon="-77.64974">
        <ele>2994.25</ele>
      </trkpt>
      <trkpt lat="-9.304471" lon="-77.64981">
        <ele>2998.5</ele>
      </trkpt>
      <trkpt lat="-9.304532" lon="-77.649834">
        <ele>3000.75</ele>
      </trkpt>
      <trkpt lat="-9.30457" lon="-77.649817">
        <ele>3000.75</ele>
      </trkpt>
      <trkpt lat="-9.30462" lon="-77.64973">
        <ele>2998.5</ele>
      </trkpt>
      <trkpt lat="-9.304634" lon="-77.649606">
        <ele>2994</ele>
      </trkpt>
      <trkpt lat="-9.304636" lon="-77.649578">
        <ele>2992.75</ele>
      </trkpt>
      <trkpt lat="-9.304638" lon="-77.649501">
        <ele>2989.75</ele>
      </trkpt>
      <trkpt lat="-9.304572" lon="-77.649328">
        <ele>2981.5</ele>
      </trkpt>
      <trkpt lat="-9.304491" lon="-77.649161">
        <ele>2973</ele>
      </trkpt>
      <trkpt lat="-9.304475" lon="-77.649073">
        <ele>2969.5</ele>
      </trkpt>
      <trkpt lat="-9.304497" lon="-77.648939">
        <ele>2965.25</ele>
      </trkpt>
      <trkpt lat="-9.304576" lon="-77.648805">
        <ele>2962</ele>
      </trkpt>
      <trkpt lat="-9.304691" lon="-77.648677">
        <ele>2959.5</ele>
      </trkpt>
      <trkpt lat="-9.304798" lon="-77.648604">
        <ele>2958.75</ele>
      </trkpt>
      <trkpt lat="-9.304903" lon="-77.648552">
        <ele>2958.75</ele>
      </trkpt>
      <trkpt lat="-9.304997" lon="-77.648545">
        <ele>2960.25</ele>
      </trkpt>
      <trkpt lat="-9.305115" lon="-77.648554">
        <ele>2964.75</ele>
      </trkpt>
      <trkpt lat="-9.305277" lon="-77.648517">
        <ele>2969</ele>
      </trkpt>
      <trkpt lat="-9.305291" lon="-77.648504">
        <ele>2969</ele>
      </trkpt>
      <trkpt lat="-9.305299" lon="-77.648486">
        <ele>2968.5</ele>
      </trkpt>
      <trkpt lat="-9.305299" lon="-77.648466">
        <ele>2967.75</ele>
      </trkpt>
      <trkpt lat="-9.30529" lon="-77.648448">
        <ele>2966.75</ele>
      </trkpt>
      <trkpt lat="-9.305275" lon="-77.648436">
        <ele>2965.5</ele>
      </trkpt>
      <trkpt lat="-9.305256" lon="-77.648432">
        <ele>2964.75</ele>
      </trkpt>
      <trkpt lat="-9.305149" lon="-77.648445">
        <ele>2961.5</ele>
      </trkpt>
      <trkpt lat="-9.305083" lon="-77.648429">
        <ele>2958.5</ele>
      </trkpt>
      <trkpt lat="-9.304937" lon="-77.648371">
        <ele>2952.5</ele>
      </trkpt>
      <trkpt lat="-9.30489" lon="-77.648352">
        <ele>2950.75</ele>
      </trkpt>
      <trkpt lat="-9.304763" lon="-77.648271">
        <ele>2947.5</ele>
      </trkpt>
      <trkpt lat="-9.304555" lon="-77.648187">
        <ele>2942.5</ele>
      </trkpt>
      <trkpt lat="-9.304462" lon="-77.648094">
        <ele>2939</ele>
      </trkpt>
      <trkpt lat="-9.304392" lon="-77.648046">
        <ele>2936.5</ele>
      </trkpt>
      <trkpt lat="-9.304326" lon="-77.648043">
        <ele>2934.75</ele>
      </trkpt>
      <trkpt lat="-9.304265" lon="-77.648074">
        <ele>2934</ele>
      </trkpt>
      <trkpt lat="-9.304209" lon="-77.648164">
        <ele>2934.75</ele>
      </trkpt>
      <trkpt lat="-9.304153" lon="-77.648313">
        <ele>2937.25</ele>
      </trkpt>
      <trkpt lat="-9.304121" lon="-77.648362">
        <ele>2938.25</ele>
      </trkpt>
      <trkpt lat="-9.304099" lon="-77.648378">
        <ele>2938.5</ele>
      </trkpt>
      <trkpt lat="-9.304085" lon="-77.648379">
        <ele>2938.25</ele>
      </trkpt>
      <trkpt lat="-9.304078" lon="-77.648379">
        <ele>2938.25</ele>
      </trkpt>
      <trkpt lat="-9.304068" lon="-77.648341">
        <ele>2936.75</ele>
      </trkpt>
      <trkpt lat="-9.30411" lon="-77.647945">
        <ele>2928</ele>
      </trkpt>
      <trkpt lat="-9.304149" lon="-77.647823">
        <ele>2925.5</ele>
      </trkpt>
      <trkpt lat="-9.304221" lon="-77.647806">
        <ele>2927</ele>
      </trkpt>
      <trkpt lat="-9.304302" lon="-77.647829">
        <ele>2930</ele>
      </trkpt>
      <trkpt lat="-9.304409" lon="-77.647904">
        <ele>2934.5</ele>
      </trkpt>
      <trkpt lat="-9.304545" lon="-77.647961">
        <ele>2939.25</ele>
      </trkpt>
      <trkpt lat="-9.304734" lon="-77.648007">
        <ele>2944.75</ele>
      </trkpt>
      <trkpt lat="-9.304834" lon="-77.64802">
        <ele>2947.25</ele>
      </trkpt>
      <trkpt lat="-9.304926" lon="-77.648041">
        <ele>2949.75</ele>
      </trkpt>
      <trkpt lat="-9.304972" lon="-77.648035">
        <ele>2950.75</ele>
      </trkpt>
      <trkpt lat="-9.304992" lon="-77.648007">
        <ele>2951.25</ele>
      </trkpt>
      <trkpt lat="-9.305005" lon="-77.647987">
        <ele>2951.75</ele>
      </trkpt>
      <trkpt lat="-9.304961" lon="-77.64789">
        <ele>2950.25</ele>
      </trkpt>
      <trkpt lat="-9.304789" lon="-77.647747">
        <ele>2944.25</ele>
      </trkpt>
      <trkpt lat="-9.304713" lon="-77.64764">
        <ele>2940.75</ele>
      </trkpt>
      <trkpt lat="-9.304665" lon="-77.647458">
        <ele>2938.25</ele>
      </trkpt>
      <trkpt lat="-9.304519" lon="-77.647049">
        <ele>2937.25</ele>
      </trkpt>
      <trkpt lat="-9.304513" lon="-77.646872">
        <ele>2939</ele>
      </trkpt>
      <trkpt lat="-9.304483" lon="-77.646737">
        <ele>2939</ele>
      </trkpt>
      <trkpt lat="-9.304483" lon="-77.646739">
        <ele>2939</ele>
      </trkpt>
      <trkpt lat="-9.30439" lon="-77.646326">
        <ele>2939</ele>
      </trkpt>
      <trkpt lat="-9.304361" lon="-77.646176">
        <ele>2939.5</ele>
      </trkpt>
      <trkpt lat="-9.304326" lon="-77.646077">
        <ele>2939.25</ele>
      </trkpt>
      <trkpt lat="-9.304317" lon="-77.645791">
        <ele>2941.75</ele>
      </trkpt>
      <trkpt lat="-9.304379" lon="-77.64567">
        <ele>2944.25</ele>
      </trkpt>
      <trkpt lat="-9.304513" lon="-77.645578">
        <ele>2949.75</ele>
      </trkpt>
      <trkpt lat="-9.304627" lon="-77.645479">
        <ele>2954.25</ele>
      </trkpt>
      <trkpt lat="-9.304712" lon="-77.645319">
        <ele>2958</ele>
      </trkpt>
      <trkpt lat="-9.30474" lon="-77.645183">
        <ele>2959.25</ele>
      </trkpt>
      <trkpt lat="-9.304708" lon="-77.645002">
        <ele>2958</ele>
      </trkpt>
      <trkpt lat="-9.304667" lon="-77.644865">
        <ele>2956.75</ele>
      </trkpt>
      <trkpt lat="-9.304661" lon="-77.644844">
        <ele>2956.75</ele>
      </trkpt>
      <trkpt lat="-9.304616" lon="-77.64463">
        <ele>2955.5</ele>
      </trkpt>
      <trkpt lat="-9.304591" lon="-77.644465">
        <ele>2954.75</ele>
      </trkpt>
      <trkpt lat="-9.304597" lon="-77.644324">
        <ele>2955.5</ele>
      </trkpt>
      <trkpt lat="-9.304554" lon="-77.644124">
        <ele>2954.75</ele>
      </trkpt>
      <trkpt lat="-9.304494" lon="-77.64401">
        <ele>2953.75</ele>
      </trkpt>
      <trkpt lat="-9.304489" lon="-77.644">
        <ele>2953.75</ele>
      </trkpt>
      <trkpt lat="-9.304368" lon="-77.643911">
        <ele>2949.25</ele>
      </trkpt>
      <trkpt lat="-9.304269" lon="-77.643771">
        <ele>2947</ele>
      </trkpt>
      <trkpt lat="-9.304223" lon="-77.643696">
        <ele>2946</ele>
      </trkpt>
      <trkpt lat="-9.304119" lon="-77.643601">
        <ele>2943.75</ele>
      </trkpt>
      <trkpt lat="-9.304083" lon="-77.643501">
        <ele>2944.25</ele>
      </trkpt>
      <trkpt lat="-9.304082" lon="-77.643408">
        <ele>2945.75</ele>
      </trkpt>
      <trkpt lat="-9.304106" lon="-77.643354">
        <ele>2952.409546738117</ele>
      </trkpt>
      <trkpt lat="-9.30391713057945" lon="-77.6429784563884">
        <ele>2949.3947300303535</ele>
      </trkpt>
      <trkpt lat="-9.303887" lon="-77.642853">
        <ele>2992.6</ele>
      </trkpt>
      <trkpt lat="-9.303867" lon="-77.642853">
        <ele>2992.4</ele>
      </trkpt>
      <trkpt lat="-9.30385" lon="-77.642828">
        <ele>2991.8</ele>
      </trkpt>
      <trkpt lat="-9.303837" lon="-77.642815">
        <ele>2991.8</ele>
      </trkpt>
      <trkpt lat="-9.303818" lon="-77.642783">
        <ele>2991.4</ele>
      </trkpt>
      <trkpt lat="-9.303802" lon="-77.642758">
        <ele>2991.4</ele>
      </trkpt>
      <trkpt lat="-9.303782" lon="-77.642732">
        <ele>2991.2</ele>
      </trkpt>
      <trkpt lat="-9.303758" lon="-77.642693">
        <ele>2991</ele>
      </trkpt>
      <trkpt lat="-9.303742" lon="-77.642655">
        <ele>2990.6</ele>
      </trkpt>
      <trkpt lat="-9.30372" lon="-77.64261">
        <ele>2990.2</ele>
      </trkpt>
      <trkpt lat="-9.303693" lon="-77.642572">
        <ele>2990.2</ele>
      </trkpt>
      <trkpt lat="-9.303662" lon="-77.642533">
        <ele>2990.2</ele>
      </trkpt>
      <trkpt lat="-9.303637" lon="-77.642488">
        <ele>2987.8</ele>
      </trkpt>
      <trkpt lat="-9.303618" lon="-77.64245">
        <ele>2987</ele>
      </trkpt>
      <trkpt lat="-9.303587" lon="-77.642442">
        <ele>2946.75</ele>
      </trkpt>
      <trkpt lat="-9.303543" lon="-77.642398">
        <ele>2946.25</ele>
      </trkpt>
      <trkpt lat="-9.303429" lon="-77.642398">
        <ele>2941.5</ele>
      </trkpt>
      <trkpt lat="-9.303184" lon="-77.642506">
        <ele>2932.75</ele>
      </trkpt>
      <trkpt lat="-9.303144" lon="-77.642606">
        <ele>2930.75</ele>
      </trkpt>
      <trkpt lat="-9.303119" lon="-77.642605">
        <ele>2930.25</ele>
      </trkpt>
      <trkpt lat="-9.302668" lon="-77.642569">
        <ele>2925.25</ele>
      </trkpt>
      <trkpt lat="-9.302564" lon="-77.642507">
        <ele>2924.75</ele>
      </trkpt>
      <trkpt lat="-9.30246" lon="-77.642406">
        <ele>2924</ele>
      </trkpt>
      <trkpt lat="-9.302423" lon="-77.642369">
        <ele>2924</ele>
      </trkpt>
      <trkpt lat="-9.302295" lon="-77.64226">
        <ele>2922.75</ele>
      </trkpt>
      <trkpt lat="-9.302231" lon="-77.642261">
        <ele>2921.5</ele>
      </trkpt>
      <trkpt lat="-9.302004" lon="-77.642308">
        <ele>2916.5</ele>
      </trkpt>
      <trkpt lat="-9.30195" lon="-77.642307">
        <ele>2915.25</ele>
      </trkpt>
      <trkpt lat="-9.301899" lon="-77.642262">
        <ele>2914.75</ele>
      </trkpt>
      <trkpt lat="-9.301862" lon="-77.64221">
        <ele>2914.5</ele>
      </trkpt>
      <trkpt lat="-9.30183" lon="-77.642165">
        <ele>2914.5</ele>
      </trkpt>
      <trkpt lat="-9.30164" lon="-77.641921">
        <ele>2912.75</ele>
      </trkpt>
      <trkpt lat="-9.301402" lon="-77.641668">
        <ele>2909.25</ele>
      </trkpt>
      <trkpt lat="-9.301349" lon="-77.641617">
        <ele>2907.5</ele>
      </trkpt>
      <trkpt lat="-9.301296" lon="-77.641566">
        <ele>2906</ele>
      </trkpt>
      <trkpt lat="-9.301229" lon="-77.641523">
        <ele>2904.25</ele>
      </trkpt>
      <trkpt lat="-9.301147" lon="-77.641516">
        <ele>2902</ele>
      </trkpt>
      <trkpt lat="-9.30101" lon="-77.641525">
        <ele>2898.75</ele>
      </trkpt>
      <trkpt lat="-9.300829" lon="-77.641528">
        <ele>2894.75</ele>
      </trkpt>
      <trkpt lat="-9.300612" lon="-77.641531">
        <ele>2890.25</ele>
      </trkpt>
      <trkpt lat="-9.300482" lon="-77.641492">
        <ele>2887.75</ele>
      </trkpt>
      <trkpt lat="-9.3003" lon="-77.641388">
        <ele>2884</ele>
      </trkpt>
      <trkpt lat="-9.30021" lon="-77.641388">
        <ele>2882.25</ele>
      </trkpt>
      <trkpt lat="-9.300121" lon="-77.641402">
        <ele>2880.5</ele>
      </trkpt>
      <trkpt lat="-9.300049" lon="-77.641413">
        <ele>2879.5</ele>
      </trkpt>
      <trkpt lat="-9.299856" lon="-77.641433">
        <ele>2874.75</ele>
      </trkpt>
      <trkpt lat="-9.299745" lon="-77.641384">
        <ele>2871.5</ele>
      </trkpt>
      <trkpt lat="-9.299706" lon="-77.641297">
        <ele>2869.75</ele>
      </trkpt>
      <trkpt lat="-9.299678" lon="-77.641167">
        <ele>2868.25</ele>
      </trkpt>
      <trkpt lat="-9.299657" lon="-77.641115">
        <ele>2867.5</ele>
      </trkpt>
      <trkpt lat="-9.299624" lon="-77.641109">
        <ele>2866.5</ele>
      </trkpt>
      <trkpt lat="-9.299598" lon="-77.641137">
        <ele>2866</ele>
      </trkpt>
      <trkpt lat="-9.299447" lon="-77.641422">
        <ele>2863.25</ele>
      </trkpt>
      <trkpt lat="-9.299434" lon="-77.641436">
        <ele>2862.75</ele>
      </trkpt>
      <trkpt lat="-9.29941" lon="-77.64146">
        <ele>2862.5</ele>
      </trkpt>
      <trkpt lat="-9.29936" lon="-77.641473">
        <ele>2861</ele>
      </trkpt>
      <trkpt lat="-9.299321" lon="-77.64145">
        <ele>2860</ele>
      </trkpt>
      <trkpt lat="-9.299309" lon="-77.641402">
        <ele>2859.25</ele>
      </trkpt>
      <trkpt lat="-9.29932" lon="-77.641342">
        <ele>2859.25</ele>
      </trkpt>
      <trkpt lat="-9.29933" lon="-77.641317">
        <ele>2859.25</ele>
      </trkpt>
      <trkpt lat="-9.299383" lon="-77.641176">
        <ele>2860</ele>
      </trkpt>
      <trkpt lat="-9.299397" lon="-77.64107">
        <ele>2859.75</ele>
      </trkpt>
      <trkpt lat="-9.299387" lon="-77.64098">
        <ele>2859</ele>
      </trkpt>
      <trkpt lat="-9.299352" lon="-77.640876">
        <ele>2857.5</ele>
      </trkpt>
      <trkpt lat="-9.299253" lon="-77.640645">
        <ele>2850.75</ele>
      </trkpt>
      <trkpt lat="-9.299224" lon="-77.640442">
        <ele>2846.25</ele>
      </trkpt>
      <trkpt lat="-9.29925" lon="-77.640395">
        <ele>2846</ele>
      </trkpt>
      <trkpt lat="-9.299391" lon="-77.640134">
        <ele>2844.75</ele>
      </trkpt>
      <trkpt lat="-9.299467" lon="-77.6401">
        <ele>2845.75</ele>
      </trkpt>
      <trkpt lat="-9.299613" lon="-77.640083">
        <ele>2848.5</ele>
      </trkpt>
      <trkpt lat="-9.299626" lon="-77.640081">
        <ele>2849</ele>
      </trkpt>
      <trkpt lat="-9.299808" lon="-77.639956">
        <ele>2851</ele>
      </trkpt>
      <trkpt lat="-9.299996" lon="-77.63988">
        <ele>2854.75</ele>
      </trkpt>
      <trkpt lat="-9.300085" lon="-77.639837">
        <ele>2857</ele>
      </trkpt>
      <trkpt lat="-9.300099" lon="-77.639829">
        <ele>2857.5</ele>
      </trkpt>
      <trkpt lat="-9.300065" lon="-77.639731">
        <ele>2855.5</ele>
      </trkpt>
      <trkpt lat="-9.299862" lon="-77.639561">
        <ele>2848</ele>
      </trkpt>
      <trkpt lat="-9.299617" lon="-77.639419">
        <ele>2840</ele>
      </trkpt>
      <trkpt lat="-9.299276" lon="-77.639254">
        <ele>2828.25</ele>
      </trkpt>
      <trkpt lat="-9.299214" lon="-77.639115">
        <ele>2823.5</ele>
      </trkpt>
      <trkpt lat="-9.299254" lon="-77.638963">
        <ele>2819.5</ele>
      </trkpt>
      <trkpt lat="-9.299224" lon="-77.638897">
        <ele>2816.25</ele>
      </trkpt>
      <trkpt lat="-9.299156" lon="-77.638917">
        <ele>2815.25</ele>
      </trkpt>
      <trkpt lat="-9.299063" lon="-77.639043">
        <ele>2817.75</ele>
      </trkpt>
      <trkpt lat="-9.299051" lon="-77.639058">
        <ele>2818.25</ele>
      </trkpt>
      <trkpt lat="-9.298926" lon="-77.639096">
        <ele>2817.25</ele>
      </trkpt>
      <trkpt lat="-9.298849" lon="-77.639068">
        <ele>2815</ele>
      </trkpt>
      <trkpt lat="-9.298799" lon="-77.639001">
        <ele>2812</ele>
      </trkpt>
      <trkpt lat="-9.298794" lon="-77.6389">
        <ele>2808.75</ele>
      </trkpt>
      <trkpt lat="-9.298858" lon="-77.638731">
        <ele>2804.25</ele>
      </trkpt>
      <trkpt lat="-9.298954" lon="-77.638674">
        <ele>2804</ele>
      </trkpt>
      <trkpt lat="-9.299079" lon="-77.638638">
        <ele>2804.75</ele>
      </trkpt>
      <trkpt lat="-9.299123" lon="-77.638568">
        <ele>2803</ele>
      </trkpt>
      <trkpt lat="-9.299052" lon="-77.638518">
        <ele>2800.25</ele>
      </trkpt>
      <trkpt lat="-9.298908" lon="-77.638522">
        <ele>2798.25</ele>
      </trkpt>
      <trkpt lat="-9.298869" lon="-77.638544">
        <ele>2798.25</ele>
      </trkpt>
      <trkpt lat="-9.298669" lon="-77.638649">
        <ele>2798.75</ele>
      </trkpt>
      <trkpt lat="-9.298621" lon="-77.638594">
        <ele>2796.25</ele>
      </trkpt>
      <trkpt lat="-9.298638" lon="-77.638518">
        <ele>2794</ele>
      </trkpt>
      <trkpt lat="-9.298742" lon="-77.638477">
        <ele>2794.25</ele>
      </trkpt>
      <trkpt lat="-9.298868" lon="-77.638395">
        <ele>2793.5</ele>
      </trkpt>
      <trkpt lat="-9.298979" lon="-77.638333">
        <ele>2793.25</ele>
      </trkpt>
      <trkpt lat="-9.299023" lon="-77.638329">
        <ele>2793.5</ele>
      </trkpt>
      <trkpt lat="-9.299138" lon="-77.638316">
        <ele>2794.5</ele>
      </trkpt>
      <trkpt lat="-9.299322" lon="-77.638333">
        <ele>2799.5</ele>
      </trkpt>
      <trkpt lat="-9.299538" lon="-77.638254">
        <ele>2800.25</ele>
      </trkpt>
      <trkpt lat="-9.29958" lon="-77.638182">
        <ele>2797.5</ele>
      </trkpt>
      <trkpt lat="-9.299529" lon="-77.638153">
        <ele>2795</ele>
      </trkpt>
      <trkpt lat="-9.299425" lon="-77.638168">
        <ele>2793.5</ele>
      </trkpt>
      <trkpt lat="-9.299274" lon="-77.638174">
        <ele>2790.25</ele>
      </trkpt>
      <trkpt lat="-9.299125" lon="-77.638142">
        <ele>2785.75</ele>
      </trkpt>
      <trkpt lat="-9.298968" lon="-77.638066">
        <ele>2780</ele>
      </trkpt>
      <trkpt lat="-9.298809" lon="-77.637972">
        <ele>2773.75</ele>
      </trkpt>
      <trkpt lat="-9.298615" lon="-77.637947">
        <ele>2770.5</ele>
      </trkpt>
      <trkpt lat="-9.298576" lon="-77.637952">
        <ele>2770.25</ele>
      </trkpt>
      <trkpt lat="-9.298323" lon="-77.637977">
        <ele>2768.75</ele>
      </trkpt>
      <trkpt lat="-9.29811" lon="-77.638093">
        <ele>2770.25</ele>
      </trkpt>
      <trkpt lat="-9.297924" lon="-77.638144">
        <ele>2769.5</ele>
      </trkpt>
      <trkpt lat="-9.297616" lon="-77.638142">
        <ele>2764.5</ele>
      </trkpt>
      <trkpt lat="-9.297446" lon="-77.638117">
        <ele>2759.5</ele>
      </trkpt>
      <trkpt lat="-9.29723" lon="-77.638117">
        <ele>2751.25</ele>
      </trkpt>
      <trkpt lat="-9.297164" lon="-77.638117">
        <ele>2749</ele>
      </trkpt>
      <trkpt lat="-9.297113" lon="-77.638072">
        <ele>2745.75</ele>
      </trkpt>
      <trkpt lat="-9.297145" lon="-77.638025">
        <ele>2745.5</ele>
      </trkpt>
      <trkpt lat="-9.297151" lon="-77.638015">
        <ele>2745.5</ele>
      </trkpt>
      <trkpt lat="-9.297461" lon="-77.637911">
        <ele>2752.5</ele>
      </trkpt>
      <trkpt lat="-9.297639" lon="-77.63776">
        <ele>2749.75</ele>
      </trkpt>
      <trkpt lat="-9.297919" lon="-77.63773">
        <ele>2752.75</ele>
      </trkpt>
      <trkpt lat="-9.298137" lon="-77.637607">
        <ele>2750.75</ele>
      </trkpt>
      <trkpt lat="-9.298476" lon="-77.637497">
        <ele>2749.75</ele>
      </trkpt>
      <trkpt lat="-9.298694" lon="-77.63734">
        <ele>2746.25</ele>
      </trkpt>
      <trkpt lat="-9.298891" lon="-77.637276">
        <ele>2746.75</ele>
      </trkpt>
      <trkpt lat="-9.299073" lon="-77.637226">
        <ele>2748.25</ele>
      </trkpt>
      <trkpt lat="-9.299203" lon="-77.637219">
        <ele>2750.75</ele>
      </trkpt>
      <trkpt lat="-9.299555" lon="-77.637336">
        <ele>2762.5</ele>
      </trkpt>
      <trkpt lat="-9.299807" lon="-77.637352">
        <ele>2769.5</ele>
      </trkpt>
      <trkpt lat="-9.299823" lon="-77.637353">
        <ele>2770</ele>
      </trkpt>
      <trkpt lat="-9.299843" lon="-77.6373">
        <ele>2771.25</ele>
      </trkpt>
      <trkpt lat="-9.29976" lon="-77.637267">
        <ele>2769</ele>
      </trkpt>
      <trkpt lat="-9.299562" lon="-77.637138">
        <ele>2763</ele>
      </trkpt>
      <trkpt lat="-9.299354" lon="-77.63703">
        <ele>2754.5</ele>
      </trkpt>
      <trkpt lat="-9.299274" lon="-77.636949">
        <ele>2749.75</ele>
      </trkpt>
      <trkpt lat="-9.299168" lon="-77.636841">
        <ele>2743.75</ele>
      </trkpt>
      <trkpt lat="-9.2991" lon="-77.636655">
        <ele>2739.25</ele>
      </trkpt>
      <trkpt lat="-9.298892" lon="-77.636427">
        <ele>2738.5</ele>
      </trkpt>
      <trkpt lat="-9.298709" lon="-77.636058">
        <ele>2740</ele>
      </trkpt>
      <trkpt lat="-9.298451" lon="-77.635709">
        <ele>2733.25</ele>
      </trkpt>
      <trkpt lat="-9.298324" lon="-77.635604">
        <ele>2729</ele>
      </trkpt>
      <trkpt lat="-9.298244" lon="-77.635511">
        <ele>2726.75</ele>
      </trkpt>
      <trkpt lat="-9.298206" lon="-77.635425">
        <ele>2726.5</ele>
      </trkpt>
      <trkpt lat="-9.298197" lon="-77.635406">
        <ele>2726.5</ele>
      </trkpt>
      <trkpt lat="-9.29822" lon="-77.635295">
        <ele>2729.25</ele>
      </trkpt>
      <trkpt lat="-9.298371" lon="-77.635016">
        <ele>2739.75</ele>
      </trkpt>
      <trkpt lat="-9.298451" lon="-77.634848">
        <ele>2737.25</ele>
      </trkpt>
      <trkpt lat="-9.298436" lon="-77.634626">
        <ele>2729.75</ele>
      </trkpt>
      <trkpt lat="-9.298466" lon="-77.634548">
        <ele>2728</ele>
      </trkpt>
      <trkpt lat="-9.298485" lon="-77.634535">
        <ele>2728</ele>
      </trkpt>
      <trkpt lat="-9.298573" lon="-77.63447">
        <ele>2728.75</ele>
      </trkpt>
      <trkpt lat="-9.298824" lon="-77.634389">
        <ele>2733.75</ele>
      </trkpt>
      <trkpt lat="-9.298981" lon="-77.634254">
        <ele>2734.5</ele>
      </trkpt>
      <trkpt lat="-9.299209" lon="-77.633984">
        <ele>2732.25</ele>
      </trkpt>
      <trkpt lat="-9.299334" lon="-77.63393">
        <ele>2733.75</ele>
      </trkpt>
      <trkpt lat="-9.299455" lon="-77.63396">
        <ele>2738.25</ele>
      </trkpt>
      <trkpt lat="-9.299594" lon="-77.634056">
        <ele>2745</ele>
      </trkpt>
      <trkpt lat="-9.299701" lon="-77.634044">
        <ele>2747.5</ele>
      </trkpt>
      <trkpt lat="-9.299754" lon="-77.633897">
        <ele>2744.5</ele>
      </trkpt>
      <trkpt lat="-9.299721" lon="-77.633675">
        <ele>2736.75</ele>
      </trkpt>
      <trkpt lat="-9.299711" lon="-77.633575">
        <ele>2733.25</ele>
      </trkpt>
      <trkpt lat="-9.299701" lon="-77.633492">
        <ele>2730.5</ele>
      </trkpt>
      <trkpt lat="-9.299742" lon="-77.633315">
        <ele>2726.25</ele>
      </trkpt>
      <trkpt lat="-9.299828" lon="-77.633135">
        <ele>2723.25</ele>
      </trkpt>
      <trkpt lat="-9.299979" lon="-77.63306">
        <ele>2726</ele>
      </trkpt>
      <trkpt lat="-9.300092" lon="-77.632886">
        <ele>2723.25</ele>
      </trkpt>
      <trkpt lat="-9.300115" lon="-77.632706">
        <ele>2717.75</ele>
      </trkpt>
      <trkpt lat="-9.300352" lon="-77.632154">
        <ele>2704.25</ele>
      </trkpt>
      <trkpt lat="-9.300334" lon="-77.63204">
        <ele>2699.75</ele>
      </trkpt>
      <trkpt lat="-9.300254" lon="-77.631992">
        <ele>2696.25</ele>
      </trkpt>
      <trkpt lat="-9.30022" lon="-77.632016">
        <ele>2696.25</ele>
      </trkpt>
      <trkpt lat="-9.300124" lon="-77.632079">
        <ele>2696.75</ele>
      </trkpt>
      <trkpt lat="-9.300092" lon="-77.632133">
        <ele>2698</ele>
      </trkpt>
      <trkpt lat="-9.299929" lon="-77.632217">
        <ele>2696.5</ele>
      </trkpt>
      <trkpt lat="-9.299849" lon="-77.632337">
        <ele>2697.5</ele>
      </trkpt>
      <trkpt lat="-9.299825" lon="-77.632601">
        <ele>2705.25</ele>
      </trkpt>
      <trkpt lat="-9.299769" lon="-77.63267">
        <ele>2705.5</ele>
      </trkpt>
      <trkpt lat="-9.299594" lon="-77.632721">
        <ele>2701.25</ele>
      </trkpt>
      <trkpt lat="-9.299464" lon="-77.632943">
        <ele>2704.25</ele>
      </trkpt>
      <trkpt lat="-9.299363" lon="-77.632913">
        <ele>2699.5</ele>
      </trkpt>
      <trkpt lat="-9.299331" lon="-77.632805">
        <ele>2694.75</ele>
      </trkpt>
      <trkpt lat="-9.299396" lon="-77.632673">
        <ele>2692.75</ele>
      </trkpt>
      <trkpt lat="-9.299396" lon="-77.63266">
        <ele>2692.25</ele>
      </trkpt>
      <trkpt lat="-9.29939" lon="-77.632568">
        <ele>2689</ele>
      </trkpt>
      <trkpt lat="-9.299476" lon="-77.63243">
        <ele>2687.75</ele>
      </trkpt>
      <trkpt lat="-9.299606" lon="-77.632346">
        <ele>2689.75</ele>
      </trkpt>
      <trkpt lat="-9.299671" lon="-77.632157">
        <ele>2686.25</ele>
      </trkpt>
      <trkpt lat="-9.299698" lon="-77.631953">
        <ele>2681</ele>
      </trkpt>
      <trkpt lat="-9.299748" lon="-77.631839">
        <ele>2679.25</ele>
      </trkpt>
      <trkpt lat="-9.299899" lon="-77.631638">
        <ele>2677.5</ele>
      </trkpt>
      <trkpt lat="-9.300003" lon="-77.631605">
        <ele>2679.25</ele>
      </trkpt>
      <trkpt lat="-9.30013" lon="-77.631497">
        <ele>2678.5</ele>
      </trkpt>
      <trkpt lat="-9.300231" lon="-77.631362">
        <ele>2676.75</ele>
      </trkpt>
      <trkpt lat="-9.300405" lon="-77.631317">
        <ele>2678.5</ele>
      </trkpt>
      <trkpt lat="-9.300557" lon="-77.63134">
        <ele>2681.25</ele>
      </trkpt>
      <trkpt lat="-9.300557" lon="-77.63134">
        <ele>2681.25</ele>
      </trkpt>
      <trkpt lat="-9.300583" lon="-77.631344">
        <ele>2682</ele>
      </trkpt>
      <trkpt lat="-9.300624" lon="-77.63129">
        <ele>2681.25</ele>
      </trkpt>
      <trkpt lat="-9.300586" lon="-77.631161">
        <ele>2677.5</ele>
      </trkpt>
      <trkpt lat="-9.300565" lon="-77.631035">
        <ele>2674</ele>
      </trkpt>
      <trkpt lat="-9.30053" lon="-77.630909">
        <ele>2670.25</ele>
      </trkpt>
      <trkpt lat="-9.300473" lon="-77.63081">
        <ele>2667.25</ele>
      </trkpt>
      <trkpt lat="-9.300439" lon="-77.630776">
        <ele>2666.25</ele>
      </trkpt>
      <trkpt lat="-9.300374" lon="-77.630711">
        <ele>2665</ele>
      </trkpt>
      <trkpt lat="-9.299998" lon="-77.630509">
        <ele>2657</ele>
      </trkpt>
      <trkpt lat="-9.299114" lon="-77.630015">
        <ele>2640.75</ele>
      </trkpt>
      <trkpt lat="-9.298898" lon="-77.62987">
        <ele>2640.25</ele>
      </trkpt>
      <trkpt lat="-9.29874" lon="-77.629779">
        <ele>2639.75</ele>
      </trkpt>
      <trkpt lat="-9.298607" lon="-77.629728">
        <ele>2639.25</ele>
      </trkpt>
      <trkpt lat="-9.298604" lon="-77.629728">
        <ele>2639</ele>
      </trkpt>
      <trkpt lat="-9.298501" lon="-77.629712">
        <ele>2639</ele>
      </trkpt>
      <trkpt lat="-9.297767" lon="-77.629551">
        <ele>2643</ele>
      </trkpt>
      <trkpt lat="-9.29763" lon="-77.629516">
        <ele>2644.25</ele>
      </trkpt>
      <trkpt lat="-9.297424" lon="-77.629438">
        <ele>2645.75</ele>
      </trkpt>
      <trkpt lat="-9.297256" lon="-77.629293">
        <ele>2647</ele>
      </trkpt>
      <trkpt lat="-9.297157" lon="-77.629208">
        <ele>2647.75</ele>
      </trkpt>
      <trkpt lat="-9.296597" lon="-77.628748">
        <ele>2651.5</ele>
      </trkpt>
      <trkpt lat="-9.29642" lon="-77.628526">
        <ele>2652.25</ele>
      </trkpt>
      <trkpt lat="-9.296363" lon="-77.628463">
        <ele>2652.5</ele>
      </trkpt>
      <trkpt lat="-9.296324" lon="-77.628426">
        <ele>2652.5</ele>
      </trkpt>
      <trkpt lat="-9.296324" lon="-77.628426">
        <ele>2652.5</ele>
      </trkpt>
      <trkpt lat="-9.296325" lon="-77.628427">
        <ele>2652.5</ele>
      </trkpt>
      <trkpt lat="-9.296278" lon="-77.628383">
        <ele>2653</ele>
      </trkpt>
      <trkpt lat="-9.295929" lon="-77.628819">
        <ele>2652.75</ele>
      </trkpt>
      <trkpt lat="-9.295903" lon="-77.628775">
        <ele>2656.25</ele>
      </trkpt>
      <trkpt lat="-9.295828" lon="-77.628645">
        <ele>2656.25</ele>
      </trkpt>
      <trkpt lat="-9.295796" lon="-77.628589">
        <ele>2654</ele>
      </trkpt>
      <trkpt lat="-9.295584" lon="-77.628226">
        <ele>2656.25</ele>
      </trkpt>
      <trkpt lat="-9.294865" lon="-77.627036">
        <ele>2663.5</ele>
      </trkpt>
      <trkpt lat="-9.294297" lon="-77.626089">
        <ele>2667.5</ele>
      </trkpt>
      <trkpt lat="-9.294051" lon="-77.625678">
        <ele>2668.75</ele>
      </trkpt>
      <trkpt lat="-9.293681" lon="-77.625063">
        <ele>2672.5</ele>
      </trkpt>
      <trkpt lat="-9.293627" lon="-77.624953">
        <ele>2673.25</ele>
      </trkpt>
      <trkpt lat="-9.293629" lon="-77.624933">
        <ele>2673.5</ele>
      </trkpt>
      <trkpt lat="-9.293707" lon="-77.624861">
        <ele>2674</ele>
      </trkpt>
      <trkpt lat="-9.293865" lon="-77.624705">
        <ele>2679.75</ele>
      </trkpt>
      <trkpt lat="-9.293865" lon="-77.624705">
        <ele>2675.25</ele>
      </trkpt>
      <trkpt lat="-9.294392" lon="-77.62418">
        <ele>2679.75</ele>
      </trkpt>
      <trkpt lat="-9.294634" lon="-77.623986">
        <ele>2681.25</ele>
      </trkpt>
      <trkpt lat="-9.294878" lon="-77.623828">
        <ele>2682</ele>
      </trkpt>
      <trkpt lat="-9.295116" lon="-77.623672">
        <ele>2682.75</ele>
      </trkpt>
      <trkpt lat="-9.295492" lon="-77.623426">
        <ele>2683.75</ele>
      </trkpt>
      <trkpt lat="-9.295501" lon="-77.623417">
        <ele>2683.75</ele>
      </trkpt>
      <trkpt lat="-9.296035" lon="-77.622809">
        <ele>2685.5</ele>
      </trkpt>
      <trkpt lat="-9.296237" lon="-77.622579">
        <ele>2686.25</ele>
      </trkpt>
      <trkpt lat="-9.296372" lon="-77.622223">
        <ele>2689.5</ele>
      </trkpt>
      <trkpt lat="-9.296657" lon="-77.621882">
        <ele>2692</ele>
      </trkpt>
      <trkpt lat="-9.296742" lon="-77.621779">
        <ele>2693</ele>
      </trkpt>
      <trkpt lat="-9.296994" lon="-77.62155">
        <ele>2696.5</ele>
      </trkpt>
      <trkpt lat="-9.297501" lon="-77.620975">
        <ele>2703.75</ele>
      </trkpt>
      <trkpt lat="-9.298117" lon="-77.620274">
        <ele>2712.75</ele>
      </trkpt>
      <trkpt lat="-9.298557" lon="-77.619882">
        <ele>2715.75</ele>
      </trkpt>
      <trkpt lat="-9.298657" lon="-77.619791">
        <ele>2716.5</ele>
      </trkpt>
      <trkpt lat="-9.299323" lon="-77.619267">
        <ele>2722.5</ele>
      </trkpt>
      <trkpt lat="-9.299734" lon="-77.618911">
        <ele>2725.75</ele>
      </trkpt>
      <trkpt lat="-9.299758" lon="-77.61889">
        <ele>2726</ele>
      </trkpt>
      <trkpt lat="-9.300582" lon="-77.618324">
        <ele>2728.25</ele>
      </trkpt>
      <trkpt lat="-9.301024" lon="-77.618073">
        <ele>2727.25</ele>
      </trkpt>
      <trkpt lat="-9.301024" lon="-77.618073">
        <ele>2727.25</ele>
      </trkpt>
      <trkpt lat="-9.301612" lon="-77.617737">
        <ele>2726.25</ele>
      </trkpt>
      <trkpt lat="-9.301735" lon="-77.617629">
        <ele>2723.5</ele>
      </trkpt>
      <trkpt lat="-9.301743" lon="-77.617621">
        <ele>2723.5</ele>
      </trkpt>
      <trkpt lat="-9.301818" lon="-77.617555">
        <ele>2721.25</ele>
      </trkpt>
      <trkpt lat="-9.302209" lon="-77.616963">
        <ele>2713</ele>
      </trkpt>
      <trkpt lat="-9.30252" lon="-77.616354">
        <ele>2707.5</ele>
      </trkpt>
      <trkpt lat="-9.302897" lon="-77.615707">
        <ele>2700.25</ele>
      </trkpt>
      <trkpt lat="-9.303092" lon="-77.61541">
        <ele>2695.25</ele>
      </trkpt>
      <trkpt lat="-9.303447" lon="-77.614843">
        <ele>2689.75</ele>
      </trkpt>
      <trkpt lat="-9.30346" lon="-77.614787">
        <ele>2689.75</ele>
      </trkpt>
      <trkpt lat="-9.303496" lon="-77.61463">
        <ele>2689.75</ele>
      </trkpt>
      <trkpt lat="-9.303472" lon="-77.614589">
        <ele>2690</ele>
      </trkpt>
      <trkpt lat="-9.303487" lon="-77.61454">
        <ele>2690</ele>
      </trkpt>
      <trkpt lat="-9.303525" lon="-77.614411">
        <ele>2690</ele>
      </trkpt>
      <trkpt lat="-9.303553" lon="-77.614355">
        <ele>2690.25</ele>
      </trkpt>
      <trkpt lat="-9.303616" lon="-77.614269">
        <ele>2690.25</ele>
      </trkpt>
      <trkpt lat="-9.303734" lon="-77.614151">
        <ele>2690.75</ele>
      </trkpt>
      <trkpt lat="-9.303825" lon="-77.614045">
        <ele>2693</ele>
      </trkpt>
      <trkpt lat="-9.303904" lon="-77.613978">
        <ele>2694.25</ele>
      </trkpt>
      <trkpt lat="-9.304066" lon="-77.613839">
        <ele>2697</ele>
      </trkpt>
      <trkpt lat="-9.304052" lon="-77.61383">
        <ele>2697</ele>
      </trkpt>
      <trkpt lat="-9.304066" lon="-77.613839">
        <ele>2697</ele>
      </trkpt>
      <trkpt lat="-9.304177" lon="-77.613758">
        <ele>2698.5</ele>
      </trkpt>
      <trkpt lat="-9.304379" lon="-77.613494">
        <ele>2700</ele>
      </trkpt>
      <trkpt lat="-9.304393" lon="-77.613474">
        <ele>2700.25</ele>
      </trkpt>
      <trkpt lat="-9.304411" lon="-77.613429">
        <ele>2700.75</ele>
      </trkpt>
      <trkpt lat="-9.304464" lon="-77.613347">
        <ele>2700.75</ele>
      </trkpt>
      <trkpt lat="-9.304735" lon="-77.613027">
        <ele>2700.75</ele>
      </trkpt>
      <trkpt lat="-9.304812" lon="-77.612935">
        <ele>2701</ele>
      </trkpt>
      <trkpt lat="-9.304964" lon="-77.612711">
        <ele>2699.25</ele>
      </trkpt>
      <trkpt lat="-9.305119" lon="-77.612498">
        <ele>2698.5</ele>
      </trkpt>
      <trkpt lat="-9.305473" lon="-77.612102">
        <ele>2700</ele>
      </trkpt>
      <trkpt lat="-9.305653" lon="-77.61186">
        <ele>2697.75</ele>
      </trkpt>
      <trkpt lat="-9.30588" lon="-77.611554">
        <ele>2695</ele>
      </trkpt>
      <trkpt lat="-9.306029" lon="-77.611377">
        <ele>2695</ele>
      </trkpt>
      <trkpt lat="-9.30613" lon="-77.611267">
        <ele>2694.75</ele>
      </trkpt>
      <trkpt lat="-9.306281" lon="-77.611131">
        <ele>2693.25</ele>
      </trkpt>
      <trkpt lat="-9.306359" lon="-77.611045">
        <ele>2692.75</ele>
      </trkpt>
      <trkpt lat="-9.306391" lon="-77.610982">
        <ele>2692.75</ele>
      </trkpt>
      <trkpt lat="-9.306454" lon="-77.610854">
        <ele>2693</ele>
      </trkpt>
      <trkpt lat="-9.306593" lon="-77.610693">
        <ele>2692</ele>
      </trkpt>
      <trkpt lat="-9.306709" lon="-77.610575">
        <ele>2691</ele>
      </trkpt>
      <trkpt lat="-9.306807" lon="-77.610449">
        <ele>2691</ele>
      </trkpt>
      <trkpt lat="-9.306831" lon="-77.610417">
        <ele>2691</ele>
      </trkpt>
      <trkpt lat="-9.306985" lon="-77.610281">
        <ele>2690</ele>
      </trkpt>
      <trkpt lat="-9.307138" lon="-77.610131">
        <ele>2689.25</ele>
      </trkpt>
      <trkpt lat="-9.30721" lon="-77.610044">
        <ele>2689</ele>
      </trkpt>
      <trkpt lat="-9.307242" lon="-77.60995">
        <ele>2690.25</ele>
      </trkpt>
      <trkpt lat="-9.305883" lon="-77.609554">
        <ele>2739.25</ele>
      </trkpt>
      <trkpt lat="-9.306366" lon="-77.609129">
        <ele>2735.25</ele>
      </trkpt>
      <trkpt lat="-9.306403" lon="-77.609032">
        <ele>2737.25</ele>
      </trkpt>
      <trkpt lat="-9.306356" lon="-77.608909">
        <ele>2743</ele>
      </trkpt>
      <trkpt lat="-9.306369" lon="-77.608831">
        <ele>2745</ele>
      </trkpt>
      <trkpt lat="-9.30644" lon="-77.608807">
        <ele>2743.75</ele>
      </trkpt>
      <trkpt lat="-9.306652" lon="-77.608796">
        <ele>2737.5</ele>
      </trkpt>
      <trkpt lat="-9.306771" lon="-77.608876">
        <ele>2730.75</ele>
      </trkpt>
      <trkpt lat="-9.306896" lon="-77.60886">
        <ele>2728</ele>
      </trkpt>
      <trkpt lat="-9.307062" lon="-77.608734">
        <ele>2728</ele>
      </trkpt>
      <trkpt lat="-9.3072" lon="-77.608654">
        <ele>2727</ele>
      </trkpt>
      <trkpt lat="-9.307264" lon="-77.608536">
        <ele>2729.25</ele>
      </trkpt>
      <trkpt lat="-9.307324" lon="-77.60849">
        <ele>2729</ele>
      </trkpt>
      <trkpt lat="-9.307385" lon="-77.608498">
        <ele>2727</ele>
      </trkpt>
      <trkpt lat="-9.307401" lon="-77.608584">
        <ele>2723.5</ele>
      </trkpt>
      <trkpt lat="-9.307224" lon="-77.608791">
        <ele>2721.25</ele>
      </trkpt>
      <trkpt lat="-9.307179" lon="-77.60893">
        <ele>2717.5</ele>
      </trkpt>
      <trkpt lat="-9.307195" lon="-77.609051">
        <ele>2712.75</ele>
      </trkpt>
      <trkpt lat="-9.307171" lon="-77.609134">
        <ele>2710.25</ele>
      </trkpt>
      <trkpt lat="-9.306814" lon="-77.609249">
        <ele>2716.25</ele>
      </trkpt>
      <trkpt lat="-9.306763" lon="-77.609335">
        <ele>2715.25</ele>
      </trkpt>
      <trkpt lat="-9.306803" lon="-77.609391">
        <ele>2713</ele>
      </trkpt>
      <trkpt lat="-9.306877" lon="-77.609365">
        <ele>2711.75</ele>
      </trkpt>
      <trkpt lat="-9.306954" lon="-77.60929">
        <ele>2711.75</ele>
      </trkpt>
      <trkpt lat="-9.307094" lon="-77.609287">
        <ele>2708.25</ele>
      </trkpt>
      <trkpt lat="-9.307282" lon="-77.609265">
        <ele>2704.25</ele>
      </trkpt>
      <trkpt lat="-9.307433" lon="-77.609214">
        <ele>2701.5</ele>
      </trkpt>
      <trkpt lat="-9.307491" lon="-77.609244">
        <ele>2699.5</ele>
      </trkpt>
      <trkpt lat="-9.307494" lon="-77.60929">
        <ele>2698.5</ele>
      </trkpt>
      <trkpt lat="-9.307422" lon="-77.609341">
        <ele>2699.25</ele>
      </trkpt>
      <trkpt lat="-9.307192" lon="-77.60944">
        <ele>2702.5</ele>
      </trkpt>
      <trkpt lat="-9.307009" lon="-77.60955">
        <ele>2704.25</ele>
      </trkpt>
      <trkpt lat="-9.306949" lon="-77.609654">
        <ele>2703.25</ele>
      </trkpt>
      <trkpt lat="-9.307028" lon="-77.609764">
        <ele>2699</ele>
      </trkpt>
      <trkpt lat="-9.307189" lon="-77.609936">
        <ele>2691.5</ele>
      </trkpt>
      <trkpt lat="-9.307235" lon="-77.609948">
        <ele>2690.25</ele>
      </trkpt>
      <trkpt lat="-9.307189" lon="-77.609936">
        <ele>2691.5</ele>
      </trkpt>
      <trkpt lat="-9.307028" lon="-77.609764">
        <ele>2699</ele>
      </trkpt>
      <trkpt lat="-9.306951" lon="-77.609657">
        <ele>2703.25</ele>
      </trkpt>
      <trkpt lat="-9.30695" lon="-77.609656">
        <ele>2703.25</ele>
      </trkpt>
      <trkpt lat="-9.306949" lon="-77.609654">
        <ele>2703.25</ele>
      </trkpt>
      <trkpt lat="-9.307009" lon="-77.60955">
        <ele>2704.25</ele>
      </trkpt>
      <trkpt lat="-9.307192" lon="-77.60944">
        <ele>2702.5</ele>
      </trkpt>
      <trkpt lat="-9.307422" lon="-77.609341">
        <ele>2699.25</ele>
      </trkpt>
      <trkpt lat="-9.307489" lon="-77.609294">
        <ele>2698.5</ele>
      </trkpt>
      <trkpt lat="-9.307483" lon="-77.609285">
        <ele>2708.6</ele>
      </trkpt>
      <trkpt lat="-9.307489" lon="-77.609294">
        <ele>2698.5</ele>
      </trkpt>
      <trkpt lat="-9.307494" lon="-77.60929">
        <ele>2698.5</ele>
      </trkpt>
      <trkpt lat="-9.307491" lon="-77.609244">
        <ele>2699.5</ele>
      </trkpt>
      <trkpt lat="-9.307433" lon="-77.609214">
        <ele>2701.5</ele>
      </trkpt>
      <trkpt lat="-9.307282" lon="-77.609265">
        <ele>2704.25</ele>
      </trkpt>
      <trkpt lat="-9.307094" lon="-77.609287">
        <ele>2708.25</ele>
      </trkpt>
      <trkpt lat="-9.306954" lon="-77.60929">
        <ele>2711.75</ele>
      </trkpt>
      <trkpt lat="-9.306877" lon="-77.609365">
        <ele>2711.75</ele>
      </trkpt>
      <trkpt lat="-9.306803" lon="-77.609391">
        <ele>2713</ele>
      </trkpt>
      <trkpt lat="-9.306766" lon="-77.609339">
        <ele>2715.25</ele>
      </trkpt>
      <trkpt lat="-9.306763" lon="-77.609335">
        <ele>2715.25</ele>
      </trkpt>
      <trkpt lat="-9.306814" lon="-77.609249">
        <ele>2716.25</ele>
      </trkpt>
      <trkpt lat="-9.307171" lon="-77.609134">
        <ele>2710.25</ele>
      </trkpt>
      <trkpt lat="-9.307195" lon="-77.609051">
        <ele>2712.75</ele>
      </trkpt>
      <trkpt lat="-9.307179" lon="-77.60893">
        <ele>2717.5</ele>
      </trkpt>
      <trkpt lat="-9.307224" lon="-77.608791">
        <ele>2721.25</ele>
      </trkpt>
      <trkpt lat="-9.307401" lon="-77.608584">
        <ele>2723.5</ele>
      </trkpt>
      <trkpt lat="-9.307401" lon="-77.608584">
        <ele>2723.5</ele>
      </trkpt>
      <trkpt lat="-9.307385" lon="-77.608498">
        <ele>2727</ele>
      </trkpt>
      <trkpt lat="-9.307324" lon="-77.60849">
        <ele>2729</ele>
      </trkpt>
      <trkpt lat="-9.307264" lon="-77.608536">
        <ele>2729.25</ele>
      </trkpt>
      <trkpt lat="-9.3072" lon="-77.608654">
        <ele>2727</ele>
      </trkpt>
      <trkpt lat="-9.307062" lon="-77.608734">
        <ele>2728</ele>
      </trkpt>
      <trkpt lat="-9.306896" lon="-77.60886">
        <ele>2728</ele>
      </trkpt>
      <trkpt lat="-9.306771" lon="-77.608876">
        <ele>2730.75</ele>
      </trkpt>
      <trkpt lat="-9.306652" lon="-77.608796">
        <ele>2737.5</ele>
      </trkpt>
      <trkpt lat="-9.30644" lon="-77.608807">
        <ele>2743.75</ele>
      </trkpt>
      <trkpt lat="-9.306405" lon="-77.608819">
        <ele>2745</ele>
      </trkpt>
      <trkpt lat="-9.306405" lon="-77.608819">
        <ele>2745</ele>
      </trkpt>
      <trkpt lat="-9.306369" lon="-77.608831">
        <ele>2745</ele>
      </trkpt>
      <trkpt lat="-9.306356" lon="-77.608909">
        <ele>2743</ele>
      </trkpt>
      <trkpt lat="-9.306403" lon="-77.609032">
        <ele>2737.25</ele>
      </trkpt>
      <trkpt lat="-9.306366" lon="-77.609129">
        <ele>2735.25</ele>
      </trkpt>
      <trkpt lat="-9.305856" lon="-77.609578">
        <ele>2739.75</ele>
      </trkpt>
      <trkpt lat="-9.305852" lon="-77.609573">
        <ele>2754.6</ele>
      </trkpt>
      <trkpt lat="-9.305856" lon="-77.609578">
        <ele>2739.5</ele>
      </trkpt>
      <trkpt lat="-9.305829" lon="-77.609601">
        <ele>2739.75</ele>
      </trkpt>
      <trkpt lat="-9.305734" lon="-77.609601">
        <ele>2742.75</ele>
      </trkpt>
      <trkpt lat="-9.30562" lon="-77.609528">
        <ele>2748.75</ele>
      </trkpt>
      <trkpt lat="-9.305408" lon="-77.609523">
        <ele>2755.25</ele>
      </trkpt>
      <trkpt lat="-9.305107" lon="-77.609453">
        <ele>2766</ele>
      </trkpt>
      <trkpt lat="-9.305046" lon="-77.609475">
        <ele>2767.25</ele>
      </trkpt>
      <trkpt lat="-9.304982" lon="-77.609562">
        <ele>2767.5</ele>
      </trkpt>
      <trkpt lat="-9.304946" lon="-77.609609">
        <ele>2767.5</ele>
      </trkpt>
      <trkpt lat="-9.304869" lon="-77.609754">
        <ele>2767.25</ele>
      </trkpt>
      <trkpt lat="-9.304927" lon="-77.609839">
        <ele>2763.75</ele>
      </trkpt>
      <trkpt lat="-9.305015" lon="-77.6101">
        <ele>2756.5</ele>
      </trkpt>
      <trkpt lat="-9.304978" lon="-77.610258">
        <ele>2756.75</ele>
      </trkpt>
      <trkpt lat="-9.304964" lon="-77.610296">
        <ele>2757</ele>
      </trkpt>
      <trkpt lat="-9.304861" lon="-77.610588">
        <ele>2758.5</ele>
      </trkpt>
      <trkpt lat="-9.304737" lon="-77.610907">
        <ele>2759.25</ele>
      </trkpt>
      <trkpt lat="-9.304673" lon="-77.611012">
        <ele>2759</ele>
      </trkpt>
      <trkpt lat="-9.304647" lon="-77.611022">
        <ele>2761.25</ele>
      </trkpt>
      <trkpt lat="-9.304657" lon="-77.611052">
        <ele>2779</ele>
      </trkpt>
      <trkpt lat="-9.304635" lon="-77.611045">
        <ele>2779.2</ele>
      </trkpt>
      <trkpt lat="-9.304605" lon="-77.611045">
        <ele>2779.2</ele>
      </trkpt>
      <trkpt lat="-9.304585" lon="-77.611033">
        <ele>2779.6</ele>
      </trkpt>
      <trkpt lat="-9.304567" lon="-77.611007">
        <ele>2779.8</ele>
      </trkpt>
      <trkpt lat="-9.304555" lon="-77.610982">
        <ele>2780.2</ele>
      </trkpt>
      <trkpt lat="-9.304552" lon="-77.610962">
        <ele>2780.8</ele>
      </trkpt>
      <trkpt lat="-9.30455" lon="-77.61093">
        <ele>2780.8</ele>
      </trkpt>
      <trkpt lat="-9.304547" lon="-77.610898">
        <ele>2780.8</ele>
      </trkpt>
      <trkpt lat="-9.30455" lon="-77.610867">
        <ele>2781.2</ele>
      </trkpt>
      <trkpt lat="-9.304547" lon="-77.610835">
        <ele>2781.4</ele>
      </trkpt>
      <trkpt lat="-9.304552" lon="-77.610777">
        <ele>2781.6</ele>
      </trkpt>
      <trkpt lat="-9.304558" lon="-77.610732">
        <ele>2781.6</ele>
      </trkpt>
      <trkpt lat="-9.30456" lon="-77.610693">
        <ele>2781.6</ele>
      </trkpt>
      <trkpt lat="-9.304558" lon="-77.610642">
        <ele>2781.8</ele>
      </trkpt>
      <trkpt lat="-9.304557" lon="-77.610585">
        <ele>2782.4</ele>
      </trkpt>
      <trkpt lat="-9.304557" lon="-77.610527">
        <ele>2783</ele>
      </trkpt>
      <trkpt lat="-9.304558" lon="-77.610477">
        <ele>2783.2</ele>
      </trkpt>
      <trkpt lat="-9.304558" lon="-77.610425">
        <ele>2783.2</ele>
      </trkpt>
      <trkpt lat="-9.304558" lon="-77.610387">
        <ele>2783.2</ele>
      </trkpt>
      <trkpt lat="-9.304562" lon="-77.61036">
        <ele>2783.2</ele>
      </trkpt>
      <trkpt lat="-9.304565" lon="-77.610328">
        <ele>2783.2</ele>
      </trkpt>
      <trkpt lat="-9.304567" lon="-77.610297">
        <ele>2783.4</ele>
      </trkpt>
      <trkpt lat="-9.30457" lon="-77.610278">
        <ele>2783.8</ele>
      </trkpt>
      <trkpt lat="-9.304575" lon="-77.610252">
        <ele>2784</ele>
      </trkpt>
      <trkpt lat="-9.304575" lon="-77.610227">
        <ele>2784</ele>
      </trkpt>
      <trkpt lat="-9.304572" lon="-77.610207">
        <ele>2784.4</ele>
      </trkpt>
      <trkpt lat="-9.30456" lon="-77.610182">
        <ele>2784.8</ele>
      </trkpt>
      <trkpt lat="-9.304545" lon="-77.61015">
        <ele>2785</ele>
      </trkpt>
      <trkpt lat="-9.304527" lon="-77.610143">
        <ele>2785</ele>
      </trkpt>
      <trkpt lat="-9.304507" lon="-77.610143">
        <ele>2785.4</ele>
      </trkpt>
      <trkpt lat="-9.304482" lon="-77.61015">
        <ele>2786</ele>
      </trkpt>
      <trkpt lat="-9.30446" lon="-77.610175">
        <ele>2786</ele>
      </trkpt>
      <trkpt lat="-9.30444" lon="-77.6102">
        <ele>2786</ele>
      </trkpt>
      <trkpt lat="-9.304427" lon="-77.610227">
        <ele>2786.6</ele>
      </trkpt>
      <trkpt lat="-9.304413" lon="-77.610265">
        <ele>2786.8</ele>
      </trkpt>
      <trkpt lat="-9.304407" lon="-77.610297">
        <ele>2787.2</ele>
      </trkpt>
      <trkpt lat="-9.304393" lon="-77.610328">
        <ele>2787.2</ele>
      </trkpt>
      <trkpt lat="-9.30438" lon="-77.61036">
        <ele>2787.4</ele>
      </trkpt>
      <trkpt lat="-9.30436" lon="-77.610387">
        <ele>2787.6</ele>
      </trkpt>
      <trkpt lat="-9.304342" lon="-77.610418">
        <ele>2787.8</ele>
      </trkpt>
      <trkpt lat="-9.304322" lon="-77.610443">
        <ele>2788</ele>
      </trkpt>
      <trkpt lat="-9.304302" lon="-77.610463">
        <ele>2788.2</ele>
      </trkpt>
      <trkpt lat="-9.304273" lon="-77.610502">
        <ele>2788.4</ele>
      </trkpt>
      <trkpt lat="-9.304248" lon="-77.610533">
        <ele>2788.8</ele>
      </trkpt>
      <trkpt lat="-9.304232" lon="-77.610547">
        <ele>2789</ele>
      </trkpt>
      <trkpt lat="-9.304208" lon="-77.610578">
        <ele>2789.2</ele>
      </trkpt>
      <trkpt lat="-9.30418" lon="-77.610603">
        <ele>2789.4</ele>
      </trkpt>
      <trkpt lat="-9.30416" lon="-77.610623">
        <ele>2789.4</ele>
      </trkpt>
      <trkpt lat="-9.304135" lon="-77.610642">
        <ele>2789.6</ele>
      </trkpt>
      <trkpt lat="-9.304108" lon="-77.610668">
        <ele>2789.6</ele>
      </trkpt>
      <trkpt lat="-9.304082" lon="-77.610693">
        <ele>2789.8</ele>
      </trkpt>
      <trkpt lat="-9.30406" lon="-77.610707">
        <ele>2790.2</ele>
      </trkpt>
      <trkpt lat="-9.304035" lon="-77.610725">
        <ele>2790.4</ele>
      </trkpt>
      <trkpt lat="-9.30401" lon="-77.610732">
        <ele>2791</ele>
      </trkpt>
      <trkpt lat="-9.303988" lon="-77.610732">
        <ele>2791.2</ele>
      </trkpt>
      <trkpt lat="-9.30396" lon="-77.610725">
        <ele>2791.2</ele>
      </trkpt>
      <trkpt lat="-9.303937" lon="-77.61072">
        <ele>2791.6</ele>
      </trkpt>
      <trkpt lat="-9.30392" lon="-77.6107">
        <ele>2791.8</ele>
      </trkpt>
      <trkpt lat="-9.303912" lon="-77.610668">
        <ele>2792</ele>
      </trkpt>
      <trkpt lat="-9.303912" lon="-77.610637">
        <ele>2792.6</ele>
      </trkpt>
      <trkpt lat="-9.303923" lon="-77.610603">
        <ele>2793.4</ele>
      </trkpt>
      <trkpt lat="-9.303935" lon="-77.610572">
        <ele>2793.4</ele>
      </trkpt>
      <trkpt lat="-9.30395" lon="-77.61054">
        <ele>2793.4</ele>
      </trkpt>
      <trkpt lat="-9.303965" lon="-77.610508">
        <ele>2793.8</ele>
      </trkpt>
      <trkpt lat="-9.30398" lon="-77.610482">
        <ele>2794</ele>
      </trkpt>
      <trkpt lat="-9.303993" lon="-77.61045">
        <ele>2794.2</ele>
      </trkpt>
      <trkpt lat="-9.304005" lon="-77.610425">
        <ele>2794.4</ele>
      </trkpt>
      <trkpt lat="-9.304018" lon="-77.6104">
        <ele>2794.4</ele>
      </trkpt>
      <trkpt lat="-9.304033" lon="-77.61036">
        <ele>2794.8</ele>
      </trkpt>
      <trkpt lat="-9.304043" lon="-77.610328">
        <ele>2795.4</ele>
      </trkpt>
      <trkpt lat="-9.304053" lon="-77.610297">
        <ele>2795.8</ele>
      </trkpt>
      <trkpt lat="-9.30406" lon="-77.610265">
        <ele>2795.8</ele>
      </trkpt>
      <trkpt lat="-9.304065" lon="-77.61024">
        <ele>2796.2</ele>
      </trkpt>
      <trkpt lat="-9.304073" lon="-77.6102">
        <ele>2796.8</ele>
      </trkpt>
      <trkpt lat="-9.30408" lon="-77.610168">
        <ele>2797</ele>
      </trkpt>
      <trkpt lat="-9.304083" lon="-77.610123">
        <ele>2797.4</ele>
      </trkpt>
      <trkpt lat="-9.304085" lon="-77.610085">
        <ele>2798</ele>
      </trkpt>
      <trkpt lat="-9.30409" lon="-77.610053">
        <ele>2798.2</ele>
      </trkpt>
      <trkpt lat="-9.3041" lon="-77.610022">
        <ele>2798.4</ele>
      </trkpt>
      <trkpt lat="-9.304108" lon="-77.609983">
        <ele>2798.6</ele>
      </trkpt>
      <trkpt lat="-9.304118" lon="-77.609952">
        <ele>2799.6</ele>
      </trkpt>
      <trkpt lat="-9.304122" lon="-77.609913">
        <ele>2799.8</ele>
      </trkpt>
      <trkpt lat="-9.304125" lon="-77.60988">
        <ele>2800.2</ele>
      </trkpt>
      <trkpt lat="-9.304128" lon="-77.609842">
        <ele>2800.6</ele>
      </trkpt>
      <trkpt lat="-9.304133" lon="-77.60981">
        <ele>2800.8</ele>
      </trkpt>
      <trkpt lat="-9.304135" lon="-77.609778">
        <ele>2801</ele>
      </trkpt>
      <trkpt lat="-9.30414" lon="-77.60974">
        <ele>2801.6</ele>
      </trkpt>
      <trkpt lat="-9.304142" lon="-77.609708">
        <ele>2802</ele>
      </trkpt>
      <trkpt lat="-9.30414" lon="-77.60967">
        <ele>2802</ele>
      </trkpt>
      <trkpt lat="-9.30413" lon="-77.609632">
        <ele>2802.2</ele>
      </trkpt>
      <trkpt lat="-9.304113" lon="-77.609605">
        <ele>2802.2</ele>
      </trkpt>
      <trkpt lat="-9.304095" lon="-77.609573">
        <ele>2802.8</ele>
      </trkpt>
      <trkpt lat="-9.30407" lon="-77.609548">
        <ele>2803.6</ele>
      </trkpt>
      <trkpt lat="-9.304048" lon="-77.609528">
        <ele>2803.8</ele>
      </trkpt>
      <trkpt lat="-9.304025" lon="-77.609503">
        <ele>2804.2</ele>
      </trkpt>
      <trkpt lat="-9.304003" lon="-77.60949">
        <ele>2804.6</ele>
      </trkpt>
      <trkpt lat="-9.30398" lon="-77.609472">
        <ele>2805</ele>
      </trkpt>
      <trkpt lat="-9.30396" lon="-77.609452">
        <ele>2805.2</ele>
      </trkpt>
      <trkpt lat="-9.303932" lon="-77.609427">
        <ele>2805.4</ele>
      </trkpt>
      <trkpt lat="-9.303917" lon="-77.609407">
        <ele>2806</ele>
      </trkpt>
      <trkpt lat="-9.303895" lon="-77.609382">
        <ele>2806.6</ele>
      </trkpt>
      <trkpt lat="-9.303867" lon="-77.60935">
        <ele>2807</ele>
      </trkpt>
      <trkpt lat="-9.303855" lon="-77.60933">
        <ele>2808</ele>
      </trkpt>
      <trkpt lat="-9.303838" lon="-77.609298">
        <ele>2808.6</ele>
      </trkpt>
      <trkpt lat="-9.303825" lon="-77.609267">
        <ele>2808.6</ele>
      </trkpt>
      <trkpt lat="-9.303812" lon="-77.609228">
        <ele>2809</ele>
      </trkpt>
      <trkpt lat="-9.3038" lon="-77.60919">
        <ele>2809.2</ele>
      </trkpt>
      <trkpt lat="-9.303795" lon="-77.60917">
        <ele>2810</ele>
      </trkpt>
      <trkpt lat="-9.303785" lon="-77.609138">
        <ele>2811</ele>
      </trkpt>
      <trkpt lat="-9.30377" lon="-77.609107">
        <ele>2811.4</ele>
      </trkpt>
      <trkpt lat="-9.303752" lon="-77.609075">
        <ele>2811.4</ele>
      </trkpt>
      <trkpt lat="-9.303732" lon="-77.609048">
        <ele>2812</ele>
      </trkpt>
      <trkpt lat="-9.303708" lon="-77.609023">
        <ele>2812.4</ele>
      </trkpt>
      <trkpt lat="-9.303683" lon="-77.608998">
        <ele>2812.6</ele>
      </trkpt>
      <trkpt lat="-9.30366" lon="-77.608978">
        <ele>2813</ele>
      </trkpt>
      <trkpt lat="-9.303623" lon="-77.608947">
        <ele>2813.2</ele>
      </trkpt>
      <trkpt lat="-9.3036" lon="-77.608927">
        <ele>2813.6</ele>
      </trkpt>
      <trkpt lat="-9.303573" lon="-77.608908">
        <ele>2814.2</ele>
      </trkpt>
      <trkpt lat="-9.30354" lon="-77.608888">
        <ele>2814.4</ele>
      </trkpt>
      <trkpt lat="-9.303522" lon="-77.608877">
        <ele>2814.4</ele>
      </trkpt>
      <trkpt lat="-9.303502" lon="-77.608863">
        <ele>2814.6</ele>
      </trkpt>
      <trkpt lat="-9.303475" lon="-77.608838">
        <ele>2814.6</ele>
      </trkpt>
      <trkpt lat="-9.303458" lon="-77.608818">
        <ele>2814.6</ele>
      </trkpt>
      <trkpt lat="-9.303435" lon="-77.608793">
        <ele>2814.8</ele>
      </trkpt>
      <trkpt lat="-9.303408" lon="-77.60876">
        <ele>2815.4</ele>
      </trkpt>
      <trkpt lat="-9.303388" lon="-77.608748">
        <ele>2815.6</ele>
      </trkpt>
      <trkpt lat="-9.303363" lon="-77.608735">
        <ele>2815.6</ele>
      </trkpt>
      <trkpt lat="-9.303343" lon="-77.60871">
        <ele>2815.8</ele>
      </trkpt>
      <trkpt lat="-9.303328" lon="-77.60869">
        <ele>2815.8</ele>
      </trkpt>
      <trkpt lat="-9.303317" lon="-77.608665">
        <ele>2816.4</ele>
      </trkpt>
      <trkpt lat="-9.303313" lon="-77.60864">
        <ele>2816.8</ele>
      </trkpt>
      <trkpt lat="-9.303313" lon="-77.60862">
        <ele>2816.8</ele>
      </trkpt>
      <trkpt lat="-9.30332" lon="-77.6086">
        <ele>2817</ele>
      </trkpt>
      <trkpt lat="-9.30333" lon="-77.608582">
        <ele>2817</ele>
      </trkpt>
      <trkpt lat="-9.30334" lon="-77.608562">
        <ele>2816.8</ele>
      </trkpt>
      <trkpt lat="-9.30336" lon="-77.60855">
        <ele>2816.8</ele>
      </trkpt>
      <trkpt lat="-9.303377" lon="-77.608537">
        <ele>2817.2</ele>
      </trkpt>
      <trkpt lat="-9.303383" lon="-77.608518">
        <ele>2817.2</ele>
      </trkpt>
      <trkpt lat="-9.303408" lon="-77.608492">
        <ele>2817.4</ele>
      </trkpt>
      <trkpt lat="-9.303422" lon="-77.608473">
        <ele>2817.4</ele>
      </trkpt>
      <trkpt lat="-9.303448" lon="-77.608453">
        <ele>2817.6</ele>
      </trkpt>
      <trkpt lat="-9.303468" lon="-77.608435">
        <ele>2817.6</ele>
      </trkpt>
      <trkpt lat="-9.303488" lon="-77.608422">
        <ele>2817.6</ele>
      </trkpt>
      <trkpt lat="-9.303515" lon="-77.608383">
        <ele>2817.6</ele>
      </trkpt>
      <trkpt lat="-9.303535" lon="-77.608363">
        <ele>2817.6</ele>
      </trkpt>
      <trkpt lat="-9.30356" lon="-77.608338">
        <ele>2818.2</ele>
      </trkpt>
      <trkpt lat="-9.303582" lon="-77.608313">
        <ele>2818.4</ele>
      </trkpt>
      <trkpt lat="-9.303607" lon="-77.60828">
        <ele>2818.6</ele>
      </trkpt>
      <trkpt lat="-9.303632" lon="-77.608255">
        <ele>2818.8</ele>
      </trkpt>
      <trkpt lat="-9.303657" lon="-77.608223">
        <ele>2819</ele>
      </trkpt>
      <trkpt lat="-9.303673" lon="-77.608198">
        <ele>2819.2</ele>
      </trkpt>
      <trkpt lat="-9.3037" lon="-77.608165">
        <ele>2819.2</ele>
      </trkpt>
      <trkpt lat="-9.303718" lon="-77.60814">
        <ele>2819.4</ele>
      </trkpt>
      <trkpt lat="-9.303738" lon="-77.608108">
        <ele>2819.4</ele>
      </trkpt>
      <trkpt lat="-9.303757" lon="-77.608077">
        <ele>2819.6</ele>
      </trkpt>
      <trkpt lat="-9.303777" lon="-77.608043">
        <ele>2819.6</ele>
      </trkpt>
      <trkpt lat="-9.303797" lon="-77.608018">
        <ele>2819.6</ele>
      </trkpt>
      <trkpt lat="-9.30381" lon="-77.607987">
        <ele>2819.6</ele>
      </trkpt>
      <trkpt lat="-9.303827" lon="-77.607948">
        <ele>2819.8</ele>
      </trkpt>
      <trkpt lat="-9.30384" lon="-77.607917">
        <ele>2820</ele>
      </trkpt>
      <trkpt lat="-9.303857" lon="-77.607883">
        <ele>2820.4</ele>
      </trkpt>
      <trkpt lat="-9.303872" lon="-77.60784">
        <ele>2820.8</ele>
      </trkpt>
      <trkpt lat="-9.303882" lon="-77.60782">
        <ele>2821</ele>
      </trkpt>
      <trkpt lat="-9.303897" lon="-77.607788">
        <ele>2821.2</ele>
      </trkpt>
      <trkpt lat="-9.30391" lon="-77.607757">
        <ele>2821.4</ele>
      </trkpt>
      <trkpt lat="-9.303923" lon="-77.607723">
        <ele>2821.4</ele>
      </trkpt>
      <trkpt lat="-9.303935" lon="-77.607698">
        <ele>2821.4</ele>
      </trkpt>
      <trkpt lat="-9.303948" lon="-77.607673">
        <ele>2821.2</ele>
      </trkpt>
      <trkpt lat="-9.30396" lon="-77.60766">
        <ele>2821.2</ele>
      </trkpt>
      <trkpt lat="-9.303972" lon="-77.607635">
        <ele>2821.2</ele>
      </trkpt>
      <trkpt lat="-9.303997" lon="-77.607597">
        <ele>2821.4</ele>
      </trkpt>
      <trkpt lat="-9.30401" lon="-77.607563">
        <ele>2821.6</ele>
      </trkpt>
      <trkpt lat="-9.304035" lon="-77.607538">
        <ele>2821.6</ele>
      </trkpt>
      <trkpt lat="-9.30405" lon="-77.607518">
        <ele>2821.8</ele>
      </trkpt>
      <trkpt lat="-9.304068" lon="-77.607507">
        <ele>2822.4</ele>
      </trkpt>
      <trkpt lat="-9.304088" lon="-77.607487">
        <ele>2822.4</ele>
      </trkpt>
      <trkpt lat="-9.304103" lon="-77.607475">
        <ele>2822</ele>
      </trkpt>
      <trkpt lat="-9.30413" lon="-77.607448">
        <ele>2821.6</ele>
      </trkpt>
      <trkpt lat="-9.304153" lon="-77.607442">
        <ele>2821.6</ele>
      </trkpt>
      <trkpt lat="-9.304187" lon="-77.607423">
        <ele>2821.8</ele>
      </trkpt>
      <trkpt lat="-9.304202" lon="-77.60741">
        <ele>2822.4</ele>
      </trkpt>
      <trkpt lat="-9.304237" lon="-77.607392">
        <ele>2822.4</ele>
      </trkpt>
      <trkpt lat="-9.304253" lon="-77.607385">
        <ele>2822.4</ele>
      </trkpt>
      <trkpt lat="-9.304273" lon="-77.607365">
        <ele>2822.6</ele>
      </trkpt>
      <trkpt lat="-9.304293" lon="-77.60736">
        <ele>2822.8</ele>
      </trkpt>
      <trkpt lat="-9.304313" lon="-77.607347">
        <ele>2823</ele>
      </trkpt>
      <trkpt lat="-9.304337" lon="-77.607327">
        <ele>2823</ele>
      </trkpt>
      <trkpt lat="-9.30436" lon="-77.60732">
        <ele>2823</ele>
      </trkpt>
      <trkpt lat="-9.304387" lon="-77.607308">
        <ele>2823</ele>
      </trkpt>
      <trkpt lat="-9.304412" lon="-77.607288">
        <ele>2823</ele>
      </trkpt>
      <trkpt lat="-9.304438" lon="-77.607282">
        <ele>2823.2</ele>
      </trkpt>
      <trkpt lat="-9.304457" lon="-77.607277">
        <ele>2823.6</ele>
      </trkpt>
      <trkpt lat="-9.304477" lon="-77.607263">
        <ele>2823.6</ele>
      </trkpt>
      <trkpt lat="-9.304492" lon="-77.60725">
        <ele>2823.4</ele>
      </trkpt>
      <trkpt lat="-9.304522" lon="-77.607232">
        <ele>2823.6</ele>
      </trkpt>
      <trkpt lat="-9.30454" lon="-77.607225">
        <ele>2823.6</ele>
      </trkpt>
      <trkpt lat="-9.30456" lon="-77.607205">
        <ele>2823.8</ele>
      </trkpt>
      <trkpt lat="-9.30458" lon="-77.6072">
        <ele>2823.8</ele>
      </trkpt>
      <trkpt lat="-9.304605" lon="-77.607187">
        <ele>2823.8</ele>
      </trkpt>
      <trkpt lat="-9.304625" lon="-77.60718">
        <ele>2823.8</ele>
      </trkpt>
      <trkpt lat="-9.304657" lon="-77.60716">
        <ele>2824</ele>
      </trkpt>
      <trkpt lat="-9.30468" lon="-77.607148">
        <ele>2824</ele>
      </trkpt>
      <trkpt lat="-9.304703" lon="-77.607122">
        <ele>2824.2</ele>
      </trkpt>
      <trkpt lat="-9.30472" lon="-77.60711">
        <ele>2824.2</ele>
      </trkpt>
      <trkpt lat="-9.30474" lon="-77.60709">
        <ele>2824.6</ele>
      </trkpt>
      <trkpt lat="-9.304757" lon="-77.607078">
        <ele>2824.6</ele>
      </trkpt>
      <trkpt lat="-9.30478" lon="-77.607052">
        <ele>2824.6</ele>
      </trkpt>
      <trkpt lat="-9.304805" lon="-77.607033">
        <ele>2824.6</ele>
      </trkpt>
      <trkpt lat="-9.304823" lon="-77.607013">
        <ele>2825</ele>
      </trkpt>
      <trkpt lat="-9.304843" lon="-77.606995">
        <ele>2825</ele>
      </trkpt>
      <trkpt lat="-9.304863" lon="-77.606982">
        <ele>2825.2</ele>
      </trkpt>
      <trkpt lat="-9.304882" lon="-77.606957">
        <ele>2825.4</ele>
      </trkpt>
      <trkpt lat="-9.304902" lon="-77.60693">
        <ele>2825.6</ele>
      </trkpt>
      <trkpt lat="-9.30492" lon="-77.606918">
        <ele>2825.6</ele>
      </trkpt>
      <trkpt lat="-9.30494" lon="-77.606892">
        <ele>2825.8</ele>
      </trkpt>
      <trkpt lat="-9.30496" lon="-77.606873">
        <ele>2825.8</ele>
      </trkpt>
      <trkpt lat="-9.30498" lon="-77.606847">
        <ele>2826</ele>
      </trkpt>
      <trkpt lat="-9.304998" lon="-77.606828">
        <ele>2826.2</ele>
      </trkpt>
      <trkpt lat="-9.305017" lon="-77.606797">
        <ele>2826.6</ele>
      </trkpt>
      <trkpt lat="-9.305033" lon="-77.606783">
        <ele>2826.8</ele>
      </trkpt>
      <trkpt lat="-9.305052" lon="-77.606758">
        <ele>2827</ele>
      </trkpt>
      <trkpt lat="-9.305073" lon="-77.606725">
        <ele>2827.2</ele>
      </trkpt>
      <trkpt lat="-9.305087" lon="-77.606713">
        <ele>2827.2</ele>
      </trkpt>
      <trkpt lat="-9.305107" lon="-77.60668">
        <ele>2827.4</ele>
      </trkpt>
      <trkpt lat="-9.305125" lon="-77.606655">
        <ele>2827.8</ele>
      </trkpt>
      <trkpt lat="-9.305147" lon="-77.606642">
        <ele>2827.8</ele>
      </trkpt>
      <trkpt lat="-9.30517" lon="-77.606617">
        <ele>2828.2</ele>
      </trkpt>
      <trkpt lat="-9.305192" lon="-77.606598">
        <ele>2828.2</ele>
      </trkpt>
      <trkpt lat="-9.305222" lon="-77.606572">
        <ele>2828.2</ele>
      </trkpt>
      <trkpt lat="-9.305242" lon="-77.60656">
        <ele>2828.6</ele>
      </trkpt>
      <trkpt lat="-9.305267" lon="-77.606533">
        <ele>2829</ele>
      </trkpt>
      <trkpt lat="-9.305292" lon="-77.606515">
        <ele>2829.4</ele>
      </trkpt>
      <trkpt lat="-9.30532" lon="-77.606482">
        <ele>2829.4</ele>
      </trkpt>
      <trkpt lat="-9.305345" lon="-77.60645">
        <ele>2829.6</ele>
      </trkpt>
      <trkpt lat="-9.30536" lon="-77.606432">
        <ele>2829.8</ele>
      </trkpt>
      <trkpt lat="-9.305383" lon="-77.606405">
        <ele>2830.2</ele>
      </trkpt>
      <trkpt lat="-9.3054" lon="-77.606373">
        <ele>2830.6</ele>
      </trkpt>
      <trkpt lat="-9.305418" lon="-77.606348">
        <ele>2830.8</ele>
      </trkpt>
      <trkpt lat="-9.305433" lon="-77.606322">
        <ele>2831</ele>
      </trkpt>
      <trkpt lat="-9.305455" lon="-77.606283">
        <ele>2831.4</ele>
      </trkpt>
      <trkpt lat="-9.305468" lon="-77.606258">
        <ele>2831.8</ele>
      </trkpt>
      <trkpt lat="-9.305488" lon="-77.606233">
        <ele>2832</ele>
      </trkpt>
      <trkpt lat="-9.305508" lon="-77.6062">
        <ele>2832.4</ele>
      </trkpt>
      <trkpt lat="-9.305528" lon="-77.606175">
        <ele>2832.4</ele>
      </trkpt>
      <trkpt lat="-9.305545" lon="-77.60615">
        <ele>2833</ele>
      </trkpt>
      <trkpt lat="-9.305565" lon="-77.606118">
        <ele>2833.2</ele>
      </trkpt>
      <trkpt lat="-9.305582" lon="-77.606092">
        <ele>2833.4</ele>
      </trkpt>
      <trkpt lat="-9.305602" lon="-77.60606">
        <ele>2833.6</ele>
      </trkpt>
      <trkpt lat="-9.305615" lon="-77.60604">
        <ele>2834</ele>
      </trkpt>
      <trkpt lat="-9.305628" lon="-77.606015">
        <ele>2834.2</ele>
      </trkpt>
      <trkpt lat="-9.305642" lon="-77.60599">
        <ele>2834.4</ele>
      </trkpt>
      <trkpt lat="-9.30566" lon="-77.605958">
        <ele>2834.8</ele>
      </trkpt>
      <trkpt lat="-9.305673" lon="-77.605925">
        <ele>2835.2</ele>
      </trkpt>
      <trkpt lat="-9.305692" lon="-77.6059">
        <ele>2835.6</ele>
      </trkpt>
      <trkpt lat="-9.305707" lon="-77.605875">
        <ele>2835.8</ele>
      </trkpt>
      <trkpt lat="-9.305723" lon="-77.605837">
        <ele>2836.2</ele>
      </trkpt>
      <trkpt lat="-9.305742" lon="-77.605803">
        <ele>2836.8</ele>
      </trkpt>
      <trkpt lat="-9.30576" lon="-77.605772">
        <ele>2837.2</ele>
      </trkpt>
      <trkpt lat="-9.305778" lon="-77.605733">
        <ele>2837.6</ele>
      </trkpt>
      <trkpt lat="-9.305798" lon="-77.605695">
        <ele>2837.8</ele>
      </trkpt>
      <trkpt lat="-9.305813" lon="-77.605657">
        <ele>2838</ele>
      </trkpt>
      <trkpt lat="-9.30583" lon="-77.605632">
        <ele>2838.4</ele>
      </trkpt>
      <trkpt lat="-9.305845" lon="-77.6056">
        <ele>2838.8</ele>
      </trkpt>
      <trkpt lat="-9.30586" lon="-77.605567">
        <ele>2839.2</ele>
      </trkpt>
      <trkpt lat="-9.305878" lon="-77.605535">
        <ele>2839.8</ele>
      </trkpt>
      <trkpt lat="-9.305897" lon="-77.605503">
        <ele>2840</ele>
      </trkpt>
      <trkpt lat="-9.305915" lon="-77.605478">
        <ele>2840</ele>
      </trkpt>
      <trkpt lat="-9.305927" lon="-77.605452">
        <ele>2840.2</ele>
      </trkpt>
      <trkpt lat="-9.30594" lon="-77.605433">
        <ele>2840.2</ele>
      </trkpt>
      <trkpt lat="-9.305947" lon="-77.605407">
        <ele>2840.4</ele>
      </trkpt>
      <trkpt lat="-9.30596" lon="-77.605375">
        <ele>2840.8</ele>
      </trkpt>
      <trkpt lat="-9.305972" lon="-77.605343">
        <ele>2841.4</ele>
      </trkpt>
      <trkpt lat="-9.305982" lon="-77.605318">
        <ele>2841.4</ele>
      </trkpt>
      <trkpt lat="-9.305997" lon="-77.605285">
        <ele>2841.8</ele>
      </trkpt>
      <trkpt lat="-9.30601" lon="-77.605253">
        <ele>2842</ele>
      </trkpt>
      <trkpt lat="-9.306012" lon="-77.605235">
        <ele>2842.2</ele>
      </trkpt>
      <trkpt lat="-9.306017" lon="-77.605197">
        <ele>2842.2</ele>
      </trkpt>
      <trkpt lat="-9.306022" lon="-77.605158">
        <ele>2842.2</ele>
      </trkpt>
      <trkpt lat="-9.306027" lon="-77.605125">
        <ele>2842.2</ele>
      </trkpt>
      <trkpt lat="-9.30603" lon="-77.605093">
        <ele>2842</ele>
      </trkpt>
      <trkpt lat="-9.30603" lon="-77.605075">
        <ele>2841.8</ele>
      </trkpt>
      <trkpt lat="-9.306023" lon="-77.605042">
        <ele>2841.8</ele>
      </trkpt>
      <trkpt lat="-9.306023" lon="-77.605023">
        <ele>2841.6</ele>
      </trkpt>
      <trkpt lat="-9.306023" lon="-77.605003">
        <ele>2841.6</ele>
      </trkpt>
      <trkpt lat="-9.30602" lon="-77.604978">
        <ele>2841.6</ele>
      </trkpt>
      <trkpt lat="-9.30602" lon="-77.60496">
        <ele>2841.6</ele>
      </trkpt>
      <trkpt lat="-9.306022" lon="-77.60494">
        <ele>2841.6</ele>
      </trkpt>
      <trkpt lat="-9.306037" lon="-77.604908">
        <ele>2841.6</ele>
      </trkpt>
      <trkpt lat="-9.306057" lon="-77.604895">
        <ele>2841.8</ele>
      </trkpt>
      <trkpt lat="-9.30608" lon="-77.604895">
        <ele>2841.8</ele>
      </trkpt>
      <trkpt lat="-9.306103" lon="-77.604902">
        <ele>2841.8</ele>
      </trkpt>
      <trkpt lat="-9.30613" lon="-77.604908">
        <ele>2842.2</ele>
      </trkpt>
      <trkpt lat="-9.306158" lon="-77.604927">
        <ele>2842.4</ele>
      </trkpt>
      <trkpt lat="-9.306188" lon="-77.60494">
        <ele>2842.6</ele>
      </trkpt>
      <trkpt lat="-9.306218" lon="-77.604947">
        <ele>2843</ele>
      </trkpt>
      <trkpt lat="-9.306248" lon="-77.604947">
        <ele>2843.2</ele>
      </trkpt>
      <trkpt lat="-9.306282" lon="-77.60496">
        <ele>2843.6</ele>
      </trkpt>
      <trkpt lat="-9.306315" lon="-77.60496">
        <ele>2843.6</ele>
      </trkpt>
      <trkpt lat="-9.306348" lon="-77.604965">
        <ele>2843.8</ele>
      </trkpt>
      <trkpt lat="-9.306373" lon="-77.60496">
        <ele>2844</ele>
      </trkpt>
      <trkpt lat="-9.306402" lon="-77.60494">
        <ele>2844.4</ele>
      </trkpt>
      <trkpt lat="-9.306427" lon="-77.604933">
        <ele>2844.4</ele>
      </trkpt>
      <trkpt lat="-9.306447" lon="-77.604927">
        <ele>2844.4</ele>
      </trkpt>
      <trkpt lat="-9.306467" lon="-77.60492">
        <ele>2844.4</ele>
      </trkpt>
      <trkpt lat="-9.306492" lon="-77.604908">
        <ele>2844.6</ele>
      </trkpt>
      <trkpt lat="-9.306533" lon="-77.604895">
        <ele>2844.6</ele>
      </trkpt>
      <trkpt lat="-9.306558" lon="-77.604882">
        <ele>2844.6</ele>
      </trkpt>
      <trkpt lat="-9.30658" lon="-77.604863">
        <ele>2844.6</ele>
      </trkpt>
      <trkpt lat="-9.306607" lon="-77.604857">
        <ele>2845.2</ele>
      </trkpt>
      <trkpt lat="-9.306632" lon="-77.604843">
        <ele>2845.4</ele>
      </trkpt>
      <trkpt lat="-9.306652" lon="-77.604818">
        <ele>2845.4</ele>
      </trkpt>
      <trkpt lat="-9.306667" lon="-77.6048">
        <ele>2845.2</ele>
      </trkpt>
      <trkpt lat="-9.30668" lon="-77.604767">
        <ele>2845</ele>
      </trkpt>
      <trkpt lat="-9.306695" lon="-77.604735">
        <ele>2844.6</ele>
      </trkpt>
      <trkpt lat="-9.306705" lon="-77.60471">
        <ele>2844.4</ele>
      </trkpt>
      <trkpt lat="-9.306712" lon="-77.604683">
        <ele>2844.4</ele>
      </trkpt>
      <trkpt lat="-9.30672" lon="-77.604652">
        <ele>2844.4</ele>
      </trkpt>
      <trkpt lat="-9.306725" lon="-77.60462">
        <ele>2844.2</ele>
      </trkpt>
      <trkpt lat="-9.30673" lon="-77.604582">
        <ele>2844</ele>
      </trkpt>
      <trkpt lat="-9.306737" lon="-77.60455">
        <ele>2843.8</ele>
      </trkpt>
      <trkpt lat="-9.30674" lon="-77.604523">
        <ele>2843.8</ele>
      </trkpt>
      <trkpt lat="-9.30674" lon="-77.604498">
        <ele>2843.6</ele>
      </trkpt>
      <trkpt lat="-9.306745" lon="-77.604467">
        <ele>2843.6</ele>
      </trkpt>
      <trkpt lat="-9.306752" lon="-77.60444">
        <ele>2843</ele>
      </trkpt>
      <trkpt lat="-9.306757" lon="-77.604408">
        <ele>2842.4</ele>
      </trkpt>
      <trkpt lat="-9.306763" lon="-77.604377">
        <ele>2842.2</ele>
      </trkpt>
      <trkpt lat="-9.306768" lon="-77.604352">
        <ele>2842.2</ele>
      </trkpt>
      <trkpt lat="-9.306775" lon="-77.604325">
        <ele>2841.6</ele>
      </trkpt>
      <trkpt lat="-9.30678" lon="-77.6043">
        <ele>2841.6</ele>
      </trkpt>
      <trkpt lat="-9.30679" lon="-77.604262">
        <ele>2841.4</ele>
      </trkpt>
      <trkpt lat="-9.306803" lon="-77.604242">
        <ele>2841</ele>
      </trkpt>
      <trkpt lat="-9.30682" lon="-77.604217">
        <ele>2841.2</ele>
      </trkpt>
      <trkpt lat="-9.30685" lon="-77.60421">
        <ele>2841.8</ele>
      </trkpt>
      <trkpt lat="-9.306883" lon="-77.604203">
        <ele>2841.8</ele>
      </trkpt>
      <trkpt lat="-9.306918" lon="-77.60421">
        <ele>2841.6</ele>
      </trkpt>
      <trkpt lat="-9.306933" lon="-77.60423">
        <ele>2841.6</ele>
      </trkpt>
      <trkpt lat="-9.306948" lon="-77.604248">
        <ele>2841.6</ele>
      </trkpt>
      <trkpt lat="-9.306968" lon="-77.604255">
        <ele>2842</ele>
      </trkpt>
      <trkpt lat="-9.306988" lon="-77.60428">
        <ele>2842.2</ele>
      </trkpt>
      <trkpt lat="-9.307002" lon="-77.604293">
        <ele>2842.2</ele>
      </trkpt>
      <trkpt lat="-9.307022" lon="-77.604325">
        <ele>2842.6</ele>
      </trkpt>
      <trkpt lat="-9.307027" lon="-77.604345">
        <ele>2843</ele>
      </trkpt>
      <trkpt lat="-9.307032" lon="-77.60437">
        <ele>2843.4</ele>
      </trkpt>
      <trkpt lat="-9.307053" lon="-77.604415">
        <ele>2844.4</ele>
      </trkpt>
      <trkpt lat="-9.307073" lon="-77.604453">
        <ele>2844.6</ele>
      </trkpt>
      <trkpt lat="-9.307087" lon="-77.604485">
        <ele>2845</ele>
      </trkpt>
      <trkpt lat="-9.307113" lon="-77.604523">
        <ele>2846.4</ele>
      </trkpt>
      <trkpt lat="-9.307133" lon="-77.604543">
        <ele>2847</ele>
      </trkpt>
      <trkpt lat="-9.307153" lon="-77.604562">
        <ele>2847.2</ele>
      </trkpt>
      <trkpt lat="-9.307172" lon="-77.604568">
        <ele>2847.4</ele>
      </trkpt>
      <trkpt lat="-9.307193" lon="-77.604568">
        <ele>2847.6</ele>
      </trkpt>
      <trkpt lat="-9.307222" lon="-77.604568">
        <ele>2848</ele>
      </trkpt>
      <trkpt lat="-9.307245" lon="-77.604568">
        <ele>2848.4</ele>
      </trkpt>
      <trkpt lat="-9.307272" lon="-77.604562">
        <ele>2849</ele>
      </trkpt>
      <trkpt lat="-9.307292" lon="-77.60455">
        <ele>2849.2</ele>
      </trkpt>
      <trkpt lat="-9.307317" lon="-77.604543">
        <ele>2849.8</ele>
      </trkpt>
      <trkpt lat="-9.307342" lon="-77.60453">
        <ele>2850.2</ele>
      </trkpt>
      <trkpt lat="-9.307365" lon="-77.604523">
        <ele>2850.4</ele>
      </trkpt>
      <trkpt lat="-9.307387" lon="-77.604512">
        <ele>2850.6</ele>
      </trkpt>
      <trkpt lat="-9.307405" lon="-77.604498">
        <ele>2851.2</ele>
      </trkpt>
      <trkpt lat="-9.307425" lon="-77.604485">
        <ele>2851.4</ele>
      </trkpt>
      <trkpt lat="-9.307447" lon="-77.604467">
        <ele>2851.8</ele>
      </trkpt>
      <trkpt lat="-9.307472" lon="-77.604453">
        <ele>2852</ele>
      </trkpt>
      <trkpt lat="-9.3075" lon="-77.604447">
        <ele>2852.2</ele>
      </trkpt>
      <trkpt lat="-9.30752" lon="-77.60444">
        <ele>2853</ele>
      </trkpt>
      <trkpt lat="-9.30754" lon="-77.604422">
        <ele>2853.4</ele>
      </trkpt>
      <trkpt lat="-9.30756" lon="-77.604402">
        <ele>2853.8</ele>
      </trkpt>
      <trkpt lat="-9.307583" lon="-77.604383">
        <ele>2853.8</ele>
      </trkpt>
      <trkpt lat="-9.307602" lon="-77.60437">
        <ele>2854</ele>
      </trkpt>
      <trkpt lat="-9.307623" lon="-77.604352">
        <ele>2854.2</ele>
      </trkpt>
      <trkpt lat="-9.307643" lon="-77.604332">
        <ele>2854.6</ele>
      </trkpt>
      <trkpt lat="-9.307665" lon="-77.604307">
        <ele>2855</ele>
      </trkpt>
      <trkpt lat="-9.3077" lon="-77.604293">
        <ele>2855.4</ele>
      </trkpt>
      <trkpt lat="-9.307722" lon="-77.604242">
        <ele>2856</ele>
      </trkpt>
      <trkpt lat="-9.307738" lon="-77.60423">
        <ele>2856.4</ele>
      </trkpt>
      <trkpt lat="-9.307753" lon="-77.60421">
        <ele>2856.6</ele>
      </trkpt>
      <trkpt lat="-9.30778" lon="-77.604185">
        <ele>2857</ele>
      </trkpt>
      <trkpt lat="-9.307798" lon="-77.604172">
        <ele>2857.2</ele>
      </trkpt>
      <trkpt lat="-9.30782" lon="-77.604165">
        <ele>2857.4</ele>
      </trkpt>
      <trkpt lat="-9.307843" lon="-77.604153">
        <ele>2857.6</ele>
      </trkpt>
      <trkpt lat="-9.307868" lon="-77.60414">
        <ele>2857.6</ele>
      </trkpt>
      <trkpt lat="-9.307897" lon="-77.604115">
        <ele>2857.6</ele>
      </trkpt>
      <trkpt lat="-9.307925" lon="-77.604102">
        <ele>2858.2</ele>
      </trkpt>
      <trkpt lat="-9.307952" lon="-77.604082">
        <ele>2858.2</ele>
      </trkpt>
      <trkpt lat="-9.307985" lon="-77.604063">
        <ele>2858.2</ele>
      </trkpt>
      <trkpt lat="-9.308017" lon="-77.604043">
        <ele>2858.4</ele>
      </trkpt>
      <trkpt lat="-9.308047" lon="-77.604025">
        <ele>2858.4</ele>
      </trkpt>
      <trkpt lat="-9.308078" lon="-77.604012">
        <ele>2858.4</ele>
      </trkpt>
      <trkpt lat="-9.308105" lon="-77.603993">
        <ele>2858.6</ele>
      </trkpt>
      <trkpt lat="-9.308137" lon="-77.60398">
        <ele>2858.6</ele>
      </trkpt>
      <trkpt lat="-9.308163" lon="-77.603967">
        <ele>2859</ele>
      </trkpt>
      <trkpt lat="-9.308195" lon="-77.603948">
        <ele>2859</ele>
      </trkpt>
      <trkpt lat="-9.308223" lon="-77.603928">
        <ele>2859.4</ele>
      </trkpt>
      <trkpt lat="-9.308255" lon="-77.60391">
        <ele>2859.4</ele>
      </trkpt>
      <trkpt lat="-9.308282" lon="-77.60389">
        <ele>2859.6</ele>
      </trkpt>
      <trkpt lat="-9.308315" lon="-77.603858">
        <ele>2859.6</ele>
      </trkpt>
      <trkpt lat="-9.30833" lon="-77.603833">
        <ele>2859.8</ele>
      </trkpt>
      <trkpt lat="-9.30835" lon="-77.603807">
        <ele>2860</ele>
      </trkpt>
      <trkpt lat="-9.308365" lon="-77.603768">
        <ele>2860.2</ele>
      </trkpt>
      <trkpt lat="-9.308373" lon="-77.603743">
        <ele>2860.4</ele>
      </trkpt>
      <trkpt lat="-9.308378" lon="-77.603723">
        <ele>2860.6</ele>
      </trkpt>
      <trkpt lat="-9.308383" lon="-77.603692">
        <ele>2861</ele>
      </trkpt>
      <trkpt lat="-9.308388" lon="-77.603667">
        <ele>2861.2</ele>
      </trkpt>
      <trkpt lat="-9.308393" lon="-77.603628">
        <ele>2861.6</ele>
      </trkpt>
      <trkpt lat="-9.308398" lon="-77.603608">
        <ele>2861.8</ele>
      </trkpt>
      <trkpt lat="-9.3084" lon="-77.603583">
        <ele>2861.8</ele>
      </trkpt>
      <trkpt lat="-9.308403" lon="-77.603558">
        <ele>2862.2</ele>
      </trkpt>
      <trkpt lat="-9.308403" lon="-77.603525">
        <ele>2862.6</ele>
      </trkpt>
      <trkpt lat="-9.308408" lon="-77.603487">
        <ele>2863.4</ele>
      </trkpt>
      <trkpt lat="-9.308408" lon="-77.603455">
        <ele>2863.8</ele>
      </trkpt>
      <trkpt lat="-9.30841" lon="-77.603417">
        <ele>2864</ele>
      </trkpt>
      <trkpt lat="-9.308418" lon="-77.603385">
        <ele>2864.2</ele>
      </trkpt>
      <trkpt lat="-9.308422" lon="-77.60336">
        <ele>2864.6</ele>
      </trkpt>
      <trkpt lat="-9.308428" lon="-77.60334">
        <ele>2865</ele>
      </trkpt>
      <trkpt lat="-9.308435" lon="-77.603308">
        <ele>2865.2</ele>
      </trkpt>
      <trkpt lat="-9.308442" lon="-77.603288">
        <ele>2865.8</ele>
      </trkpt>
      <trkpt lat="-9.308447" lon="-77.603257">
        <ele>2865.8</ele>
      </trkpt>
      <trkpt lat="-9.308447" lon="-77.603232">
        <ele>2866</ele>
      </trkpt>
      <trkpt lat="-9.308448" lon="-77.603212">
        <ele>2866.4</ele>
      </trkpt>
      <trkpt lat="-9.308448" lon="-77.603187">
        <ele>2867.2</ele>
      </trkpt>
      <trkpt lat="-9.308448" lon="-77.60316">
        <ele>2867.4</ele>
      </trkpt>
      <trkpt lat="-9.308448" lon="-77.603135">
        <ele>2867.6</ele>
      </trkpt>
      <trkpt lat="-9.308448" lon="-77.60311">
        <ele>2867.8</ele>
      </trkpt>
      <trkpt lat="-9.308448" lon="-77.60309">
        <ele>2868.2</ele>
      </trkpt>
      <trkpt lat="-9.308448" lon="-77.603065">
        <ele>2868.4</ele>
      </trkpt>
      <trkpt lat="-9.308452" lon="-77.60304">
        <ele>2869</ele>
      </trkpt>
      <trkpt lat="-9.308452" lon="-77.60302">
        <ele>2869.4</ele>
      </trkpt>
      <trkpt lat="-9.308453" lon="-77.603">
        <ele>2869.4</ele>
      </trkpt>
      <trkpt lat="-9.308453" lon="-77.602982">
        <ele>2870</ele>
      </trkpt>
      <trkpt lat="-9.308453" lon="-77.602962">
        <ele>2870.2</ele>
      </trkpt>
      <trkpt lat="-9.308458" lon="-77.602943">
        <ele>2870.4</ele>
      </trkpt>
      <trkpt lat="-9.308462" lon="-77.602912">
        <ele>2870.6</ele>
      </trkpt>
      <trkpt lat="-9.308462" lon="-77.602892">
        <ele>2871</ele>
      </trkpt>
      <trkpt lat="-9.308467" lon="-77.602867">
        <ele>2871.2</ele>
      </trkpt>
      <trkpt lat="-9.308472" lon="-77.602835">
        <ele>2871.2</ele>
      </trkpt>
      <trkpt lat="-9.308473" lon="-77.602815">
        <ele>2871.4</ele>
      </trkpt>
      <trkpt lat="-9.308478" lon="-77.602783">
        <ele>2871.6</ele>
      </trkpt>
      <trkpt lat="-9.30848" lon="-77.602758">
        <ele>2871.8</ele>
      </trkpt>
      <trkpt lat="-9.308482" lon="-77.602738">
        <ele>2872</ele>
      </trkpt>
      <trkpt lat="-9.308487" lon="-77.602707">
        <ele>2872.4</ele>
      </trkpt>
      <trkpt lat="-9.308493" lon="-77.60268">
        <ele>2873.2</ele>
      </trkpt>
      <trkpt lat="-9.308512" lon="-77.602642">
        <ele>2874.2</ele>
      </trkpt>
      <trkpt lat="-9.308523" lon="-77.60263">
        <ele>2874.4</ele>
      </trkpt>
      <trkpt lat="-9.308538" lon="-77.602617">
        <ele>2875</ele>
      </trkpt>
      <trkpt lat="-9.308548" lon="-77.602592">
        <ele>2875.4</ele>
      </trkpt>
      <trkpt lat="-9.308562" lon="-77.602565">
        <ele>2875.6</ele>
      </trkpt>
      <trkpt lat="-9.308573" lon="-77.602547">
        <ele>2875.8</ele>
      </trkpt>
      <trkpt lat="-9.308587" lon="-77.602533">
        <ele>2875.8</ele>
      </trkpt>
      <trkpt lat="-9.308598" lon="-77.602508">
        <ele>2876</ele>
      </trkpt>
      <trkpt lat="-9.308607" lon="-77.602477">
        <ele>2876.4</ele>
      </trkpt>
      <trkpt lat="-9.308618" lon="-77.602457">
        <ele>2877</ele>
      </trkpt>
      <trkpt lat="-9.308627" lon="-77.602432">
        <ele>2877.2</ele>
      </trkpt>
      <trkpt lat="-9.308633" lon="-77.602405">
        <ele>2877.4</ele>
      </trkpt>
      <trkpt lat="-9.308637" lon="-77.602387">
        <ele>2877.6</ele>
      </trkpt>
      <trkpt lat="-9.30864" lon="-77.60236">
        <ele>2877.8</ele>
      </trkpt>
      <trkpt lat="-9.308647" lon="-77.602342">
        <ele>2878.2</ele>
      </trkpt>
      <trkpt lat="-9.308652" lon="-77.602322">
        <ele>2878.2</ele>
      </trkpt>
      <trkpt lat="-9.308653" lon="-77.602297">
        <ele>2878.2</ele>
      </trkpt>
      <trkpt lat="-9.308658" lon="-77.602278">
        <ele>2878.2</ele>
      </trkpt>
      <trkpt lat="-9.308662" lon="-77.602258">
        <ele>2878.8</ele>
      </trkpt>
      <trkpt lat="-9.308665" lon="-77.602233">
        <ele>2879.2</ele>
      </trkpt>
      <trkpt lat="-9.308665" lon="-77.602207">
        <ele>2880</ele>
      </trkpt>
      <trkpt lat="-9.308665" lon="-77.602188">
        <ele>2880.2</ele>
      </trkpt>
      <trkpt lat="-9.308653" lon="-77.60215">
        <ele>2880.8</ele>
      </trkpt>
      <trkpt lat="-9.308638" lon="-77.602112">
        <ele>2881.4</ele>
      </trkpt>
      <trkpt lat="-9.308638" lon="-77.60208">
        <ele>2881.6</ele>
      </trkpt>
      <trkpt lat="-9.308638" lon="-77.60206">
        <ele>2882.2</ele>
      </trkpt>
      <trkpt lat="-9.308647" lon="-77.602035">
        <ele>2882.4</ele>
      </trkpt>
      <trkpt lat="-9.308665" lon="-77.602022">
        <ele>2883</ele>
      </trkpt>
      <trkpt lat="-9.30869" lon="-77.602008">
        <ele>2883</ele>
      </trkpt>
      <trkpt lat="-9.30871" lon="-77.602008">
        <ele>2883.2</ele>
      </trkpt>
      <trkpt lat="-9.30873" lon="-77.602008">
        <ele>2883.4</ele>
      </trkpt>
      <trkpt lat="-9.308765" lon="-77.602008">
        <ele>2883.8</ele>
      </trkpt>
      <trkpt lat="-9.308785" lon="-77.602022">
        <ele>2884</ele>
      </trkpt>
      <trkpt lat="-9.30881" lon="-77.602008">
        <ele>2884.4</ele>
      </trkpt>
      <trkpt lat="-9.308832" lon="-77.602002">
        <ele>2884.8</ele>
      </trkpt>
      <trkpt lat="-9.308855" lon="-77.60199">
        <ele>2885</ele>
      </trkpt>
      <trkpt lat="-9.308877" lon="-77.601983">
        <ele>2885.2</ele>
      </trkpt>
      <trkpt lat="-9.308897" lon="-77.601977">
        <ele>2885.4</ele>
      </trkpt>
      <trkpt lat="-9.308917" lon="-77.601958">
        <ele>2885.4</ele>
      </trkpt>
      <trkpt lat="-9.30894" lon="-77.601938">
        <ele>2885.8</ele>
      </trkpt>
      <trkpt lat="-9.308963" lon="-77.601913">
        <ele>2885.8</ele>
      </trkpt>
      <trkpt lat="-9.308983" lon="-77.6019">
        <ele>2886</ele>
      </trkpt>
      <trkpt lat="-9.30901" lon="-77.601875">
        <ele>2886.2</ele>
      </trkpt>
      <trkpt lat="-9.309035" lon="-77.601862">
        <ele>2886.8</ele>
      </trkpt>
      <trkpt lat="-9.309062" lon="-77.601842">
        <ele>2886.8</ele>
      </trkpt>
      <trkpt lat="-9.309088" lon="-77.601823">
        <ele>2887.2</ele>
      </trkpt>
      <trkpt lat="-9.30911" lon="-77.601803">
        <ele>2887.2</ele>
      </trkpt>
      <trkpt lat="-9.309132" lon="-77.601792">
        <ele>2887.4</ele>
      </trkpt>
      <trkpt lat="-9.309152" lon="-77.601778">
        <ele>2887.6</ele>
      </trkpt>
      <trkpt lat="-9.309168" lon="-77.60176">
        <ele>2887.8</ele>
      </trkpt>
      <trkpt lat="-9.309192" lon="-77.60174">
        <ele>2888</ele>
      </trkpt>
      <trkpt lat="-9.309213" lon="-77.60172">
        <ele>2888.2</ele>
      </trkpt>
      <trkpt lat="-9.30924" lon="-77.601702">
        <ele>2888.2</ele>
      </trkpt>
      <trkpt lat="-9.309263" lon="-77.601677">
        <ele>2888.8</ele>
      </trkpt>
      <trkpt lat="-9.309287" lon="-77.601663">
        <ele>2889</ele>
      </trkpt>
      <trkpt lat="-9.309308" lon="-77.601643">
        <ele>2889.2</ele>
      </trkpt>
      <trkpt lat="-9.309328" lon="-77.601632">
        <ele>2889.6</ele>
      </trkpt>
      <trkpt lat="-9.30935" lon="-77.601605">
        <ele>2890</ele>
      </trkpt>
      <trkpt lat="-9.30936" lon="-77.601587">
        <ele>2890.6</ele>
      </trkpt>
      <trkpt lat="-9.309365" lon="-77.601555">
        <ele>2890.8</ele>
      </trkpt>
      <trkpt lat="-9.309353" lon="-77.601522">
        <ele>2891.4</ele>
      </trkpt>
      <trkpt lat="-9.30934" lon="-77.60149">
        <ele>2891.4</ele>
      </trkpt>
      <trkpt lat="-9.309325" lon="-77.601478">
        <ele>2891.6</ele>
      </trkpt>
      <trkpt lat="-9.3093" lon="-77.601465">
        <ele>2891.8</ele>
      </trkpt>
      <trkpt lat="-9.309273" lon="-77.601452">
        <ele>2892</ele>
      </trkpt>
      <trkpt lat="-9.309243" lon="-77.601452">
        <ele>2892.8</ele>
      </trkpt>
      <trkpt lat="-9.309218" lon="-77.601465">
        <ele>2893</ele>
      </trkpt>
      <trkpt lat="-9.309187" lon="-77.601472">
        <ele>2893.2</ele>
      </trkpt>
      <trkpt lat="-9.309167" lon="-77.601483">
        <ele>2893.2</ele>
      </trkpt>
      <trkpt lat="-9.309138" lon="-77.601503">
        <ele>2893.4</ele>
      </trkpt>
      <trkpt lat="-9.309108" lon="-77.601517">
        <ele>2893.6</ele>
      </trkpt>
      <trkpt lat="-9.309075" lon="-77.601528">
        <ele>2893.8</ele>
      </trkpt>
      <trkpt lat="-9.309048" lon="-77.601542">
        <ele>2894</ele>
      </trkpt>
      <trkpt lat="-9.30902" lon="-77.601548">
        <ele>2894.6</ele>
      </trkpt>
      <trkpt lat="-9.30899" lon="-77.601548">
        <ele>2894.6</ele>
      </trkpt>
      <trkpt lat="-9.30897" lon="-77.601528">
        <ele>2895</ele>
      </trkpt>
      <trkpt lat="-9.308943" lon="-77.601522">
        <ele>2895.2</ele>
      </trkpt>
      <trkpt lat="-9.30891" lon="-77.601522">
        <ele>2895.2</ele>
      </trkpt>
      <trkpt lat="-9.308868" lon="-77.601517">
        <ele>2895.6</ele>
      </trkpt>
      <trkpt lat="-9.308837" lon="-77.601503">
        <ele>2895.8</ele>
      </trkpt>
      <trkpt lat="-9.308815" lon="-77.601483">
        <ele>2896</ele>
      </trkpt>
      <trkpt lat="-9.308797" lon="-77.601478">
        <ele>2896.8</ele>
      </trkpt>
      <trkpt lat="-9.308772" lon="-77.601472">
        <ele>2897</ele>
      </trkpt>
      <trkpt lat="-9.308742" lon="-77.601472">
        <ele>2897.2</ele>
      </trkpt>
      <trkpt lat="-9.30872" lon="-77.601472">
        <ele>2897.4</ele>
      </trkpt>
      <trkpt lat="-9.308698" lon="-77.601472">
        <ele>2898</ele>
      </trkpt>
      <trkpt lat="-9.308675" lon="-77.601465">
        <ele>2898.6</ele>
      </trkpt>
      <trkpt lat="-9.308652" lon="-77.601445">
        <ele>2898.8</ele>
      </trkpt>
      <trkpt lat="-9.308633" lon="-77.601433">
        <ele>2899</ele>
      </trkpt>
      <trkpt lat="-9.308607" lon="-77.601438">
        <ele>2899.2</ele>
      </trkpt>
      <trkpt lat="-9.308582" lon="-77.601452">
        <ele>2899.6</ele>
      </trkpt>
      <trkpt lat="-9.308562" lon="-77.601472">
        <ele>2900.2</ele>
      </trkpt>
      <trkpt lat="-9.308538" lon="-77.601483">
        <ele>2900.8</ele>
      </trkpt>
      <trkpt lat="-9.308517" lon="-77.601503">
        <ele>2901.2</ele>
      </trkpt>
      <trkpt lat="-9.308493" lon="-77.60151">
        <ele>2901.2</ele>
      </trkpt>
      <trkpt lat="-9.308468" lon="-77.601522">
        <ele>2901.2</ele>
      </trkpt>
      <trkpt lat="-9.308442" lon="-77.601528">
        <ele>2901.8</ele>
      </trkpt>
      <trkpt lat="-9.308415" lon="-77.601522">
        <ele>2902.4</ele>
      </trkpt>
      <trkpt lat="-9.308387" lon="-77.601517">
        <ele>2902.8</ele>
      </trkpt>
      <trkpt lat="-9.308358" lon="-77.601517">
        <ele>2903.2</ele>
      </trkpt>
      <trkpt lat="-9.308335" lon="-77.601503">
        <ele>2903.4</ele>
      </trkpt>
      <trkpt lat="-9.308305" lon="-77.601503">
        <ele>2903.6</ele>
      </trkpt>
      <trkpt lat="-9.30828" lon="-77.60149">
        <ele>2904.2</ele>
      </trkpt>
      <trkpt lat="-9.30826" lon="-77.601483">
        <ele>2904.4</ele>
      </trkpt>
      <trkpt lat="-9.308233" lon="-77.601483">
        <ele>2904.6</ele>
      </trkpt>
      <trkpt lat="-9.308205" lon="-77.601478">
        <ele>2904.6</ele>
      </trkpt>
      <trkpt lat="-9.308177" lon="-77.601483">
        <ele>2904.8</ele>
      </trkpt>
      <trkpt lat="-9.308145" lon="-77.601503">
        <ele>2905</ele>
      </trkpt>
      <trkpt lat="-9.30812" lon="-77.60151">
        <ele>2905</ele>
      </trkpt>
      <trkpt lat="-9.308075" lon="-77.601522">
        <ele>2905.6</ele>
      </trkpt>
      <trkpt lat="-9.30805" lon="-77.601528">
        <ele>2906.2</ele>
      </trkpt>
      <trkpt lat="-9.308025" lon="-77.601542">
        <ele>2906.6</ele>
      </trkpt>
      <trkpt lat="-9.308005" lon="-77.601548">
        <ele>2906.8</ele>
      </trkpt>
      <trkpt lat="-9.307978" lon="-77.601555">
        <ele>2907</ele>
      </trkpt>
      <trkpt lat="-9.307958" lon="-77.601555">
        <ele>2907.4</ele>
      </trkpt>
      <trkpt lat="-9.307932" lon="-77.60156">
        <ele>2907.4</ele>
      </trkpt>
      <trkpt lat="-9.307898" lon="-77.601567">
        <ele>2907.4</ele>
      </trkpt>
      <trkpt lat="-9.307867" lon="-77.601567">
        <ele>2907.6</ele>
      </trkpt>
      <trkpt lat="-9.30784" lon="-77.60158">
        <ele>2908.2</ele>
      </trkpt>
      <trkpt lat="-9.307813" lon="-77.601587">
        <ele>2908.6</ele>
      </trkpt>
      <trkpt lat="-9.307782" lon="-77.601587">
        <ele>2908.8</ele>
      </trkpt>
      <trkpt lat="-9.307748" lon="-77.601593">
        <ele>2909</ele>
      </trkpt>
      <trkpt lat="-9.307718" lon="-77.601593">
        <ele>2909.4</ele>
      </trkpt>
      <trkpt lat="-9.307693" lon="-77.601593">
        <ele>2910</ele>
      </trkpt>
      <trkpt lat="-9.30766" lon="-77.601587">
        <ele>2910.2</ele>
      </trkpt>
      <trkpt lat="-9.307633" lon="-77.601587">
        <ele>2910.6</ele>
      </trkpt>
      <trkpt lat="-9.307598" lon="-77.601587">
        <ele>2910.6</ele>
      </trkpt>
      <trkpt lat="-9.307568" lon="-77.601587">
        <ele>2910.8</ele>
      </trkpt>
      <trkpt lat="-9.307543" lon="-77.601593">
        <ele>2911</ele>
      </trkpt>
      <trkpt lat="-9.307518" lon="-77.601593">
        <ele>2911.2</ele>
      </trkpt>
      <trkpt lat="-9.307495" lon="-77.6016">
        <ele>2911.2</ele>
      </trkpt>
      <trkpt lat="-9.30746" lon="-77.601612">
        <ele>2911.4</ele>
      </trkpt>
      <trkpt lat="-9.30743" lon="-77.601625">
        <ele>2911.8</ele>
      </trkpt>
      <trkpt lat="-9.307402" lon="-77.601632">
        <ele>2912</ele>
      </trkpt>
      <trkpt lat="-9.30738" lon="-77.601638">
        <ele>2912.2</ele>
      </trkpt>
      <trkpt lat="-9.307347" lon="-77.601643">
        <ele>2912.6</ele>
      </trkpt>
      <trkpt lat="-9.307322" lon="-77.601663">
        <ele>2912.6</ele>
      </trkpt>
      <trkpt lat="-9.3073" lon="-77.60167">
        <ele>2913</ele>
      </trkpt>
      <trkpt lat="-9.307275" lon="-77.601677">
        <ele>2913.6</ele>
      </trkpt>
      <trkpt lat="-9.307247" lon="-77.601677">
        <ele>2913.8</ele>
      </trkpt>
      <trkpt lat="-9.307218" lon="-77.601677">
        <ele>2913.8</ele>
      </trkpt>
      <trkpt lat="-9.307193" lon="-77.601677">
        <ele>2914</ele>
      </trkpt>
      <trkpt lat="-9.307172" lon="-77.601682">
        <ele>2914.4</ele>
      </trkpt>
      <trkpt lat="-9.30714" lon="-77.601682">
        <ele>2914.8</ele>
      </trkpt>
      <trkpt lat="-9.307113" lon="-77.601688">
        <ele>2915</ele>
      </trkpt>
      <trkpt lat="-9.307088" lon="-77.601688">
        <ele>2915</ele>
      </trkpt>
      <trkpt lat="-9.30706" lon="-77.601702">
        <ele>2915.6</ele>
      </trkpt>
      <trkpt lat="-9.307027" lon="-77.601708">
        <ele>2915.8</ele>
      </trkpt>
      <trkpt lat="-9.30699" lon="-77.601715">
        <ele>2916</ele>
      </trkpt>
      <trkpt lat="-9.30695" lon="-77.60172">
        <ele>2916.4</ele>
      </trkpt>
      <trkpt lat="-9.306918" lon="-77.601727">
        <ele>2916.6</ele>
      </trkpt>
      <trkpt lat="-9.306895" lon="-77.60174">
        <ele>2916.8</ele>
      </trkpt>
      <trkpt lat="-9.306863" lon="-77.601747">
        <ele>2917.6</ele>
      </trkpt>
      <trkpt lat="-9.306835" lon="-77.601747">
        <ele>2917.8</ele>
      </trkpt>
      <trkpt lat="-9.306803" lon="-77.601747">
        <ele>2918.2</ele>
      </trkpt>
      <trkpt lat="-9.306775" lon="-77.60174">
        <ele>2918.4</ele>
      </trkpt>
      <trkpt lat="-9.30675" lon="-77.60172">
        <ele>2918.6</ele>
      </trkpt>
      <trkpt lat="-9.30674" lon="-77.601688">
        <ele>2919.6</ele>
      </trkpt>
      <trkpt lat="-9.306763" lon="-77.60165">
        <ele>2920.2</ele>
      </trkpt>
      <trkpt lat="-9.30679" lon="-77.601638">
        <ele>2920.6</ele>
      </trkpt>
      <trkpt lat="-9.30682" lon="-77.601625">
        <ele>2921.2</ele>
      </trkpt>
      <trkpt lat="-9.306855" lon="-77.601605">
        <ele>2921.6</ele>
      </trkpt>
      <trkpt lat="-9.30689" lon="-77.601593">
        <ele>2922</ele>
      </trkpt>
      <trkpt lat="-9.306918" lon="-77.601567">
        <ele>2922</ele>
      </trkpt>
      <trkpt lat="-9.306948" lon="-77.601555">
        <ele>2922.4</ele>
      </trkpt>
      <trkpt lat="-9.306975" lon="-77.601548">
        <ele>2922.6</ele>
      </trkpt>
      <trkpt lat="-9.307008" lon="-77.601528">
        <ele>2922.6</ele>
      </trkpt>
      <trkpt lat="-9.307038" lon="-77.601517">
        <ele>2922.6</ele>
      </trkpt>
      <trkpt lat="-9.307067" lon="-77.60149">
        <ele>2922.6</ele>
      </trkpt>
      <trkpt lat="-9.307088" lon="-77.601483">
        <ele>2922.8</ele>
      </trkpt>
      <trkpt lat="-9.307113" lon="-77.601478">
        <ele>2922.8</ele>
      </trkpt>
      <trkpt lat="-9.307137" lon="-77.601465">
        <ele>2923.4</ele>
      </trkpt>
      <trkpt lat="-9.307163" lon="-77.601445">
        <ele>2923.6</ele>
      </trkpt>
      <trkpt lat="-9.307187" lon="-77.601438">
        <ele>2924</ele>
      </trkpt>
      <trkpt lat="-9.307208" lon="-77.601427">
        <ele>2924.2</ele>
      </trkpt>
      <trkpt lat="-9.307225" lon="-77.601413">
        <ele>2924.4</ele>
      </trkpt>
      <trkpt lat="-9.307252" lon="-77.601395">
        <ele>2925.2</ele>
      </trkpt>
      <trkpt lat="-9.30727" lon="-77.601388">
        <ele>2925.2</ele>
      </trkpt>
      <trkpt lat="-9.307292" lon="-77.601368">
        <ele>2925.6</ele>
      </trkpt>
      <trkpt lat="-9.307317" lon="-77.601357">
        <ele>2925.8</ele>
      </trkpt>
      <trkpt lat="-9.30734" lon="-77.60133">
        <ele>2926</ele>
      </trkpt>
      <trkpt lat="-9.307365" lon="-77.601323">
        <ele>2926.4</ele>
      </trkpt>
      <trkpt lat="-9.307395" lon="-77.601305">
        <ele>2926.6</ele>
      </trkpt>
      <trkpt lat="-9.30742" lon="-77.601285">
        <ele>2927.2</ele>
      </trkpt>
      <trkpt lat="-9.307437" lon="-77.60128">
        <ele>2927.2</ele>
      </trkpt>
      <trkpt lat="-9.307465" lon="-77.601247">
        <ele>2927.4</ele>
      </trkpt>
      <trkpt lat="-9.307483" lon="-77.60124">
        <ele>2927.6</ele>
      </trkpt>
      <trkpt lat="-9.307508" lon="-77.601215">
        <ele>2927.8</ele>
      </trkpt>
      <trkpt lat="-9.30753" lon="-77.601197">
        <ele>2928</ele>
      </trkpt>
      <trkpt lat="-9.30756" lon="-77.601183">
        <ele>2928.2</ele>
      </trkpt>
      <trkpt lat="-9.307578" lon="-77.601163">
        <ele>2928.6</ele>
      </trkpt>
      <trkpt lat="-9.307602" lon="-77.601145">
        <ele>2928.6</ele>
      </trkpt>
      <trkpt lat="-9.307622" lon="-77.60112">
        <ele>2928.6</ele>
      </trkpt>
      <trkpt lat="-9.307643" lon="-77.601107">
        <ele>2929</ele>
      </trkpt>
      <trkpt lat="-9.307678" lon="-77.60108">
        <ele>2929.4</ele>
      </trkpt>
      <trkpt lat="-9.307708" lon="-77.601055">
        <ele>2929.6</ele>
      </trkpt>
      <trkpt lat="-9.307735" lon="-77.601042">
        <ele>2929.6</ele>
      </trkpt>
      <trkpt lat="-9.307757" lon="-77.60103">
        <ele>2929.8</ele>
      </trkpt>
      <trkpt lat="-9.30778" lon="-77.60101">
        <ele>2930.2</ele>
      </trkpt>
      <trkpt lat="-9.307807" lon="-77.600998">
        <ele>2930.4</ele>
      </trkpt>
      <trkpt lat="-9.307827" lon="-77.600985">
        <ele>2930.6</ele>
      </trkpt>
      <trkpt lat="-9.307847" lon="-77.600972">
        <ele>2931.2</ele>
      </trkpt>
      <trkpt lat="-9.307872" lon="-77.60096">
        <ele>2931.2</ele>
      </trkpt>
      <trkpt lat="-9.3079" lon="-77.600947">
        <ele>2931.2</ele>
      </trkpt>
      <trkpt lat="-9.307925" lon="-77.600933">
        <ele>2931.2</ele>
      </trkpt>
      <trkpt lat="-9.307953" lon="-77.60092">
        <ele>2931.4</ele>
      </trkpt>
      <trkpt lat="-9.307985" lon="-77.600908">
        <ele>2931.8</ele>
      </trkpt>
      <trkpt lat="-9.308022" lon="-77.600882">
        <ele>2931.8</ele>
      </trkpt>
      <trkpt lat="-9.308058" lon="-77.60087">
        <ele>2932</ele>
      </trkpt>
      <trkpt lat="-9.308092" lon="-77.60085">
        <ele>2932</ele>
      </trkpt>
      <trkpt lat="-9.308137" lon="-77.600838">
        <ele>2932.2</ele>
      </trkpt>
      <trkpt lat="-9.308175" lon="-77.600832">
        <ele>2932.2</ele>
      </trkpt>
      <trkpt lat="-9.308215" lon="-77.600812">
        <ele>2932.4</ele>
      </trkpt>
      <trkpt lat="-9.308255" lon="-77.600793">
        <ele>2932.6</ele>
      </trkpt>
      <trkpt lat="-9.308295" lon="-77.600773">
        <ele>2932.6</ele>
      </trkpt>
      <trkpt lat="-9.308333" lon="-77.60076">
        <ele>2933</ele>
      </trkpt>
      <trkpt lat="-9.308368" lon="-77.600748">
        <ele>2933</ele>
      </trkpt>
      <trkpt lat="-9.308395" lon="-77.600728">
        <ele>2933.2</ele>
      </trkpt>
      <trkpt lat="-9.308433" lon="-77.60071">
        <ele>2933.4</ele>
      </trkpt>
      <trkpt lat="-9.308462" lon="-77.60069">
        <ele>2933.8</ele>
      </trkpt>
      <trkpt lat="-9.308493" lon="-77.600672">
        <ele>2933.8</ele>
      </trkpt>
      <trkpt lat="-9.308517" lon="-77.600652">
        <ele>2934</ele>
      </trkpt>
      <trkpt lat="-9.30854" lon="-77.60064">
        <ele>2934.2</ele>
      </trkpt>
      <trkpt lat="-9.308573" lon="-77.600613">
        <ele>2934.4</ele>
      </trkpt>
      <trkpt lat="-9.308587" lon="-77.6006">
        <ele>2934.4</ele>
      </trkpt>
      <trkpt lat="-9.308603" lon="-77.600575">
        <ele>2934.8</ele>
      </trkpt>
      <trkpt lat="-9.308627" lon="-77.600557">
        <ele>2935.2</ele>
      </trkpt>
      <trkpt lat="-9.308647" lon="-77.600523">
        <ele>2935.2</ele>
      </trkpt>
      <trkpt lat="-9.308665" lon="-77.600498">
        <ele>2935.6</ele>
      </trkpt>
      <trkpt lat="-9.308687" lon="-77.600473">
        <ele>2935.8</ele>
      </trkpt>
      <trkpt lat="-9.3087" lon="-77.600453">
        <ele>2936</ele>
      </trkpt>
      <trkpt lat="-9.30872" lon="-77.600435">
        <ele>2936</ele>
      </trkpt>
      <trkpt lat="-9.308747" lon="-77.600397">
        <ele>2936</ele>
      </trkpt>
      <trkpt lat="-9.308772" lon="-77.600377">
        <ele>2936.2</ele>
      </trkpt>
      <trkpt lat="-9.308792" lon="-77.600358">
        <ele>2936.4</ele>
      </trkpt>
      <trkpt lat="-9.30882" lon="-77.600325">
        <ele>2936.8</ele>
      </trkpt>
      <trkpt lat="-9.308843" lon="-77.6003">
        <ele>2937.2</ele>
      </trkpt>
      <trkpt lat="-9.308863" lon="-77.600275">
        <ele>2937.6</ele>
      </trkpt>
      <trkpt lat="-9.30888" lon="-77.600248">
        <ele>2937.6</ele>
      </trkpt>
      <trkpt lat="-9.308903" lon="-77.600217">
        <ele>2937.8</ele>
      </trkpt>
      <trkpt lat="-9.308928" lon="-77.600198">
        <ele>2938</ele>
      </trkpt>
      <trkpt lat="-9.30895" lon="-77.600172">
        <ele>2938.6</ele>
      </trkpt>
      <trkpt lat="-9.308977" lon="-77.60014">
        <ele>2938.8</ele>
      </trkpt>
      <trkpt lat="-9.308998" lon="-77.60012">
        <ele>2939</ele>
      </trkpt>
      <trkpt lat="-9.309018" lon="-77.600088">
        <ele>2939.2</ele>
      </trkpt>
      <trkpt lat="-9.309038" lon="-77.600057">
        <ele>2939.2</ele>
      </trkpt>
      <trkpt lat="-9.309062" lon="-77.600038">
        <ele>2939.4</ele>
      </trkpt>
      <trkpt lat="-9.309082" lon="-77.600012">
        <ele>2939.6</ele>
      </trkpt>
      <trkpt lat="-9.309108" lon="-77.6">
        <ele>2939.8</ele>
      </trkpt>
      <trkpt lat="-9.309142" lon="-77.599973">
        <ele>2940.2</ele>
      </trkpt>
      <trkpt lat="-9.309168" lon="-77.59996">
        <ele>2940.6</ele>
      </trkpt>
      <trkpt lat="-9.309188" lon="-77.599935">
        <ele>2940.8</ele>
      </trkpt>
      <trkpt lat="-9.309193" lon="-77.599897">
        <ele>2941.4</ele>
      </trkpt>
      <trkpt lat="-9.309178" lon="-77.599883">
        <ele>2942</ele>
      </trkpt>
      <trkpt lat="-9.309153" lon="-77.599878">
        <ele>2942.2</ele>
      </trkpt>
      <trkpt lat="-9.309135" lon="-77.599883">
        <ele>2942.8</ele>
      </trkpt>
      <trkpt lat="-9.30911" lon="-77.599903">
        <ele>2943.2</ele>
      </trkpt>
      <trkpt lat="-9.30909" lon="-77.599922">
        <ele>2943.6</ele>
      </trkpt>
      <trkpt lat="-9.309068" lon="-77.599935">
        <ele>2944</ele>
      </trkpt>
      <trkpt lat="-9.309053" lon="-77.599955">
        <ele>2944</ele>
      </trkpt>
      <trkpt lat="-9.309025" lon="-77.599967">
        <ele>2944.4</ele>
      </trkpt>
      <trkpt lat="-9.309008" lon="-77.59998">
        <ele>2944.6</ele>
      </trkpt>
      <trkpt lat="-9.308988" lon="-77.599993">
        <ele>2944.8</ele>
      </trkpt>
      <trkpt lat="-9.308965" lon="-77.6">
        <ele>2945</ele>
      </trkpt>
      <trkpt lat="-9.308948" lon="-77.600012">
        <ele>2945.2</ele>
      </trkpt>
      <trkpt lat="-9.308933" lon="-77.600032">
        <ele>2945.2</ele>
      </trkpt>
      <trkpt lat="-9.308917" lon="-77.600043">
        <ele>2945.2</ele>
      </trkpt>
      <trkpt lat="-9.3089" lon="-77.600057">
        <ele>2945.4</ele>
      </trkpt>
      <trkpt lat="-9.308888" lon="-77.600077">
        <ele>2945.4</ele>
      </trkpt>
      <trkpt lat="-9.30887" lon="-77.600088">
        <ele>2945.6</ele>
      </trkpt>
      <trkpt lat="-9.308852" lon="-77.600102">
        <ele>2945.6</ele>
      </trkpt>
      <trkpt lat="-9.308832" lon="-77.60012">
        <ele>2945.6</ele>
      </trkpt>
      <trkpt lat="-9.308805" lon="-77.60014">
        <ele>2945.8</ele>
      </trkpt>
      <trkpt lat="-9.308785" lon="-77.60016">
        <ele>2945.8</ele>
      </trkpt>
      <trkpt lat="-9.308758" lon="-77.600178">
        <ele>2946</ele>
      </trkpt>
      <trkpt lat="-9.308737" lon="-77.600198">
        <ele>2946.4</ele>
      </trkpt>
      <trkpt lat="-9.308718" lon="-77.60021">
        <ele>2946.6</ele>
      </trkpt>
      <trkpt lat="-9.308695" lon="-77.600237">
        <ele>2946.8</ele>
      </trkpt>
      <trkpt lat="-9.308665" lon="-77.600262">
        <ele>2947</ele>
      </trkpt>
      <trkpt lat="-9.308647" lon="-77.600275">
        <ele>2947.2</ele>
      </trkpt>
      <trkpt lat="-9.308622" lon="-77.600287">
        <ele>2947.6</ele>
      </trkpt>
      <trkpt lat="-9.308603" lon="-77.6003">
        <ele>2947.8</ele>
      </trkpt>
      <trkpt lat="-9.308583" lon="-77.600325">
        <ele>2948.2</ele>
      </trkpt>
      <trkpt lat="-9.30856" lon="-77.600338">
        <ele>2948.4</ele>
      </trkpt>
      <trkpt lat="-9.308538" lon="-77.600358">
        <ele>2948.6</ele>
      </trkpt>
      <trkpt lat="-9.308512" lon="-77.60037">
        <ele>2949.2</ele>
      </trkpt>
      <trkpt lat="-9.308493" lon="-77.600377">
        <ele>2949.2</ele>
      </trkpt>
      <trkpt lat="-9.308473" lon="-77.60039">
        <ele>2949.4</ele>
      </trkpt>
      <trkpt lat="-9.308453" lon="-77.600397">
        <ele>2950</ele>
      </trkpt>
      <trkpt lat="-9.308432" lon="-77.600397">
        <ele>2950.2</ele>
      </trkpt>
      <trkpt lat="-9.308408" lon="-77.600402">
        <ele>2950.4</ele>
      </trkpt>
      <trkpt lat="-9.308388" lon="-77.600408">
        <ele>2950.4</ele>
      </trkpt>
      <trkpt lat="-9.308362" lon="-77.600408">
        <ele>2950.4</ele>
      </trkpt>
      <trkpt lat="-9.308338" lon="-77.600415">
        <ele>2950.4</ele>
      </trkpt>
      <trkpt lat="-9.308313" lon="-77.600428">
        <ele>2950.4</ele>
      </trkpt>
      <trkpt lat="-9.308285" lon="-77.600428">
        <ele>2950.8</ele>
      </trkpt>
      <trkpt lat="-9.308263" lon="-77.600435">
        <ele>2951</ele>
      </trkpt>
      <trkpt lat="-9.30824" lon="-77.600435">
        <ele>2951.6</ele>
      </trkpt>
      <trkpt lat="-9.30822" lon="-77.600435">
        <ele>2952</ele>
      </trkpt>
      <trkpt lat="-9.308197" lon="-77.600435">
        <ele>2952.2</ele>
      </trkpt>
      <trkpt lat="-9.308175" lon="-77.600435">
        <ele>2952.4</ele>
      </trkpt>
      <trkpt lat="-9.30815" lon="-77.600435">
        <ele>2952.8</ele>
      </trkpt>
      <trkpt lat="-9.308123" lon="-77.600428">
        <ele>2953.2</ele>
      </trkpt>
      <trkpt lat="-9.308097" lon="-77.600428">
        <ele>2953.4</ele>
      </trkpt>
      <trkpt lat="-9.308067" lon="-77.600435">
        <ele>2953.8</ele>
      </trkpt>
      <trkpt lat="-9.30804" lon="-77.600435">
        <ele>2954.2</ele>
      </trkpt>
      <trkpt lat="-9.308015" lon="-77.60044">
        <ele>2954.2</ele>
      </trkpt>
      <trkpt lat="-9.30799" lon="-77.600447">
        <ele>2954.6</ele>
      </trkpt>
      <trkpt lat="-9.307965" lon="-77.600453">
        <ele>2954.8</ele>
      </trkpt>
      <trkpt lat="-9.30794" lon="-77.600473">
        <ele>2955</ele>
      </trkpt>
      <trkpt lat="-9.30792" lon="-77.60048">
        <ele>2955.2</ele>
      </trkpt>
      <trkpt lat="-9.307897" lon="-77.600492">
        <ele>2955.2</ele>
      </trkpt>
      <trkpt lat="-9.307827" lon="-77.600523">
        <ele>2955.2</ele>
      </trkpt>
      <trkpt lat="-9.307807" lon="-77.60053">
        <ele>2956.2</ele>
      </trkpt>
      <trkpt lat="-9.307783" lon="-77.600537">
        <ele>2956.4</ele>
      </trkpt>
      <trkpt lat="-9.307762" lon="-77.600557">
        <ele>2956.8</ele>
      </trkpt>
      <trkpt lat="-9.30774" lon="-77.600557">
        <ele>2957.2</ele>
      </trkpt>
      <trkpt lat="-9.307713" lon="-77.600562">
        <ele>2957.2</ele>
      </trkpt>
      <trkpt lat="-9.307683" lon="-77.600562">
        <ele>2957.2</ele>
      </trkpt>
      <trkpt lat="-9.307655" lon="-77.600568">
        <ele>2957.6</ele>
      </trkpt>
      <trkpt lat="-9.307625" lon="-77.600575">
        <ele>2958</ele>
      </trkpt>
      <trkpt lat="-9.307602" lon="-77.600575">
        <ele>2958.2</ele>
      </trkpt>
      <trkpt lat="-9.307578" lon="-77.600588">
        <ele>2958.4</ele>
      </trkpt>
      <trkpt lat="-9.307557" lon="-77.600595">
        <ele>2958.6</ele>
      </trkpt>
      <trkpt lat="-9.307533" lon="-77.6006">
        <ele>2958.8</ele>
      </trkpt>
      <trkpt lat="-9.3075" lon="-77.600627">
        <ele>2958.8</ele>
      </trkpt>
      <trkpt lat="-9.30748" lon="-77.60064">
        <ele>2959.2</ele>
      </trkpt>
      <trkpt lat="-9.307455" lon="-77.600645">
        <ele>2959.8</ele>
      </trkpt>
      <trkpt lat="-9.307432" lon="-77.600652">
        <ele>2960.2</ele>
      </trkpt>
      <trkpt lat="-9.30741" lon="-77.600672">
        <ele>2960.2</ele>
      </trkpt>
      <trkpt lat="-9.307382" lon="-77.600683">
        <ele>2960.6</ele>
      </trkpt>
      <trkpt lat="-9.307365" lon="-77.60069">
        <ele>2960.8</ele>
      </trkpt>
      <trkpt lat="-9.30734" lon="-77.600697">
        <ele>2961</ele>
      </trkpt>
      <trkpt lat="-9.307318" lon="-77.600697">
        <ele>2961.4</ele>
      </trkpt>
      <trkpt lat="-9.307295" lon="-77.600697">
        <ele>2961.8</ele>
      </trkpt>
      <trkpt lat="-9.307267" lon="-77.600697">
        <ele>2962.2</ele>
      </trkpt>
      <trkpt lat="-9.30724" lon="-77.60071">
        <ele>2962.6</ele>
      </trkpt>
      <trkpt lat="-9.307222" lon="-77.60071">
        <ele>2962.8</ele>
      </trkpt>
      <trkpt lat="-9.307197" lon="-77.600717">
        <ele>2962.8</ele>
      </trkpt>
      <trkpt lat="-9.307168" lon="-77.60071">
        <ele>2963.4</ele>
      </trkpt>
      <trkpt lat="-9.307152" lon="-77.60071">
        <ele>2963.8</ele>
      </trkpt>
      <trkpt lat="-9.307127" lon="-77.60071">
        <ele>2964.2</ele>
      </trkpt>
      <trkpt lat="-9.3071" lon="-77.60071">
        <ele>2964.2</ele>
      </trkpt>
      <trkpt lat="-9.307067" lon="-77.60071">
        <ele>2965.2</ele>
      </trkpt>
      <trkpt lat="-9.307043" lon="-77.600697">
        <ele>2965.4</ele>
      </trkpt>
      <trkpt lat="-9.307027" lon="-77.60069">
        <ele>2965.8</ele>
      </trkpt>
      <trkpt lat="-9.307003" lon="-77.600697">
        <ele>2966.4</ele>
      </trkpt>
      <trkpt lat="-9.306978" lon="-77.600697">
        <ele>2966.4</ele>
      </trkpt>
      <trkpt lat="-9.306942" lon="-77.600717">
        <ele>2966.6</ele>
      </trkpt>
      <trkpt lat="-9.306913" lon="-77.600728">
        <ele>2966.6</ele>
      </trkpt>
      <trkpt lat="-9.306883" lon="-77.600748">
        <ele>2966.6</ele>
      </trkpt>
      <trkpt lat="-9.30685" lon="-77.60076">
        <ele>2966.6</ele>
      </trkpt>
      <trkpt lat="-9.30682" lon="-77.600773">
        <ele>2967</ele>
      </trkpt>
      <trkpt lat="-9.30679" lon="-77.600793">
        <ele>2967.2</ele>
      </trkpt>
      <trkpt lat="-9.306763" lon="-77.6008">
        <ele>2967.6</ele>
      </trkpt>
      <trkpt lat="-9.306737" lon="-77.600812">
        <ele>2967.6</ele>
      </trkpt>
      <trkpt lat="-9.3067" lon="-77.600825">
        <ele>2967.6</ele>
      </trkpt>
      <trkpt lat="-9.306667" lon="-77.600825">
        <ele>2967.8</ele>
      </trkpt>
      <trkpt lat="-9.306635" lon="-77.600832">
        <ele>2968</ele>
      </trkpt>
      <trkpt lat="-9.306598" lon="-77.600832">
        <ele>2968</ele>
      </trkpt>
      <trkpt lat="-9.30657" lon="-77.600838">
        <ele>2968.4</ele>
      </trkpt>
      <trkpt lat="-9.306545" lon="-77.60085">
        <ele>2968.8</ele>
      </trkpt>
      <trkpt lat="-9.30652" lon="-77.60087">
        <ele>2968.8</ele>
      </trkpt>
      <trkpt lat="-9.306492" lon="-77.600882">
        <ele>2969.2</ele>
      </trkpt>
      <trkpt lat="-9.30646" lon="-77.600888">
        <ele>2969.4</ele>
      </trkpt>
      <trkpt lat="-9.306428" lon="-77.600895">
        <ele>2969.6</ele>
      </trkpt>
      <trkpt lat="-9.306393" lon="-77.600915">
        <ele>2969.8</ele>
      </trkpt>
      <trkpt lat="-9.306372" lon="-77.600927">
        <ele>2969.8</ele>
      </trkpt>
      <trkpt lat="-9.306347" lon="-77.600933">
        <ele>2970</ele>
      </trkpt>
      <trkpt lat="-9.306332" lon="-77.600953">
        <ele>2970.4</ele>
      </trkpt>
      <trkpt lat="-9.306307" lon="-77.600953">
        <ele>2970.6</ele>
      </trkpt>
      <trkpt lat="-9.306275" lon="-77.600965">
        <ele>2971</ele>
      </trkpt>
      <trkpt lat="-9.306248" lon="-77.600972">
        <ele>2971.2</ele>
      </trkpt>
      <trkpt lat="-9.306228" lon="-77.600972">
        <ele>2971.4</ele>
      </trkpt>
      <trkpt lat="-9.3062" lon="-77.600985">
        <ele>2971.4</ele>
      </trkpt>
      <trkpt lat="-9.306173" lon="-77.600992">
        <ele>2971.8</ele>
      </trkpt>
      <trkpt lat="-9.306148" lon="-77.600998">
        <ele>2972</ele>
      </trkpt>
      <trkpt lat="-9.306125" lon="-77.60101">
        <ele>2972.2</ele>
      </trkpt>
      <trkpt lat="-9.306103" lon="-77.60103">
        <ele>2972.6</ele>
      </trkpt>
      <trkpt lat="-9.30608" lon="-77.601042">
        <ele>2973</ele>
      </trkpt>
      <trkpt lat="-9.30606" lon="-77.601048">
        <ele>2973</ele>
      </trkpt>
      <trkpt lat="-9.306035" lon="-77.601068">
        <ele>2973.2</ele>
      </trkpt>
      <trkpt lat="-9.306015" lon="-77.60108">
        <ele>2973.6</ele>
      </trkpt>
      <trkpt lat="-9.305985" lon="-77.601087">
        <ele>2973.8</ele>
      </trkpt>
      <trkpt lat="-9.305952" lon="-77.601107">
        <ele>2973.8</ele>
      </trkpt>
      <trkpt lat="-9.305925" lon="-77.601113">
        <ele>2974</ele>
      </trkpt>
      <trkpt lat="-9.3059" lon="-77.60112">
        <ele>2974.2</ele>
      </trkpt>
      <trkpt lat="-9.305875" lon="-77.60112">
        <ele>2974.6</ele>
      </trkpt>
      <trkpt lat="-9.305838" lon="-77.601132">
        <ele>2974.8</ele>
      </trkpt>
      <trkpt lat="-9.305812" lon="-77.60112">
        <ele>2974.8</ele>
      </trkpt>
      <trkpt lat="-9.305778" lon="-77.601113">
        <ele>2975.2</ele>
      </trkpt>
      <trkpt lat="-9.305748" lon="-77.601113">
        <ele>2975.6</ele>
      </trkpt>
      <trkpt lat="-9.30572" lon="-77.601113">
        <ele>2975.8</ele>
      </trkpt>
      <trkpt lat="-9.305692" lon="-77.601113">
        <ele>2976</ele>
      </trkpt>
      <trkpt lat="-9.305662" lon="-77.60112">
        <ele>2976.2</ele>
      </trkpt>
      <trkpt lat="-9.305632" lon="-77.60112">
        <ele>2976.4</ele>
      </trkpt>
      <trkpt lat="-9.305602" lon="-77.601125">
        <ele>2976.4</ele>
      </trkpt>
      <trkpt lat="-9.30557" lon="-77.60112">
        <ele>2976.8</ele>
      </trkpt>
      <trkpt lat="-9.305542" lon="-77.601125">
        <ele>2977.2</ele>
      </trkpt>
      <trkpt lat="-9.305523" lon="-77.601132">
        <ele>2977.2</ele>
      </trkpt>
      <trkpt lat="-9.305495" lon="-77.601132">
        <ele>2977.4</ele>
      </trkpt>
      <trkpt lat="-9.305468" lon="-77.601145">
        <ele>2977.8</ele>
      </trkpt>
      <trkpt lat="-9.305443" lon="-77.601152">
        <ele>2978.6</ele>
      </trkpt>
      <trkpt lat="-9.305425" lon="-77.601132">
        <ele>2978.6</ele>
      </trkpt>
      <trkpt lat="-9.305397" lon="-77.60112">
        <ele>2978.8</ele>
      </trkpt>
      <trkpt lat="-9.305397" lon="-77.601093">
        <ele>2979.4</ele>
      </trkpt>
      <trkpt lat="-9.305425" lon="-77.601068">
        <ele>2980</ele>
      </trkpt>
      <trkpt lat="-9.305457" lon="-77.601048">
        <ele>2980.4</ele>
      </trkpt>
      <trkpt lat="-9.30549" lon="-77.601048">
        <ele>2981.2</ele>
      </trkpt>
      <trkpt lat="-9.305522" lon="-77.601048">
        <ele>2981.4</ele>
      </trkpt>
      <trkpt lat="-9.305562" lon="-77.601048">
        <ele>2981.6</ele>
      </trkpt>
      <trkpt lat="-9.305583" lon="-77.601037">
        <ele>2981.6</ele>
      </trkpt>
      <trkpt lat="-9.305618" lon="-77.601023">
        <ele>2981.6</ele>
      </trkpt>
      <trkpt lat="-9.305642" lon="-77.601003">
        <ele>2982</ele>
      </trkpt>
      <trkpt lat="-9.305662" lon="-77.600992">
        <ele>2982.2</ele>
      </trkpt>
      <trkpt lat="-9.305693" lon="-77.600972">
        <ele>2982.2</ele>
      </trkpt>
      <trkpt lat="-9.30572" lon="-77.600953">
        <ele>2982.4</ele>
      </trkpt>
      <trkpt lat="-9.305748" lon="-77.600927">
        <ele>2982.6</ele>
      </trkpt>
      <trkpt lat="-9.305777" lon="-77.600915">
        <ele>2982.8</ele>
      </trkpt>
      <trkpt lat="-9.305798" lon="-77.600888">
        <ele>2983</ele>
      </trkpt>
      <trkpt lat="-9.30583" lon="-77.600877">
        <ele>2983</ele>
      </trkpt>
      <trkpt lat="-9.305853" lon="-77.600857">
        <ele>2983.2</ele>
      </trkpt>
      <trkpt lat="-9.305878" lon="-77.600838">
        <ele>2983.6</ele>
      </trkpt>
      <trkpt lat="-9.305898" lon="-77.600825">
        <ele>2983.8</ele>
      </trkpt>
      <trkpt lat="-9.305925" lon="-77.6008">
        <ele>2984.2</ele>
      </trkpt>
      <trkpt lat="-9.30595" lon="-77.600773">
        <ele>2984.4</ele>
      </trkpt>
      <trkpt lat="-9.305982" lon="-77.600755">
        <ele>2984.6</ele>
      </trkpt>
      <trkpt lat="-9.306012" lon="-77.600728">
        <ele>2985</ele>
      </trkpt>
      <trkpt lat="-9.306037" lon="-77.600717">
        <ele>2985</ele>
      </trkpt>
      <trkpt lat="-9.306072" lon="-77.60069">
        <ele>2985</ele>
      </trkpt>
      <trkpt lat="-9.306103" lon="-77.600672">
        <ele>2985.6</ele>
      </trkpt>
      <trkpt lat="-9.306138" lon="-77.600652">
        <ele>2985.6</ele>
      </trkpt>
      <trkpt lat="-9.306168" lon="-77.60064">
        <ele>2985.6</ele>
      </trkpt>
      <trkpt lat="-9.3062" lon="-77.600613">
        <ele>2985.8</ele>
      </trkpt>
      <trkpt lat="-9.30623" lon="-77.600595">
        <ele>2985.6</ele>
      </trkpt>
      <trkpt lat="-9.306262" lon="-77.600562">
        <ele>2985.8</ele>
      </trkpt>
      <trkpt lat="-9.306283" lon="-77.60055">
        <ele>2985.8</ele>
      </trkpt>
      <trkpt lat="-9.30632" lon="-77.600523">
        <ele>2986</ele>
      </trkpt>
      <trkpt lat="-9.30636" lon="-77.600498">
        <ele>2986.2</ele>
      </trkpt>
      <trkpt lat="-9.306388" lon="-77.60048">
        <ele>2986.4</ele>
      </trkpt>
      <trkpt lat="-9.306413" lon="-77.60046">
        <ele>2986.6</ele>
      </trkpt>
      <trkpt lat="-9.306443" lon="-77.60044">
        <ele>2986.8</ele>
      </trkpt>
      <trkpt lat="-9.306473" lon="-77.600428">
        <ele>2987.2</ele>
      </trkpt>
      <trkpt lat="-9.306507" lon="-77.600408">
        <ele>2987.2</ele>
      </trkpt>
      <trkpt lat="-9.306527" lon="-77.600397">
        <ele>2987.6</ele>
      </trkpt>
      <trkpt lat="-9.306552" lon="-77.600377">
        <ele>2987.8</ele>
      </trkpt>
      <trkpt lat="-9.306582" lon="-77.600358">
        <ele>2988.2</ele>
      </trkpt>
      <trkpt lat="-9.30661" lon="-77.600338">
        <ele>2988.4</ele>
      </trkpt>
      <trkpt lat="-9.306635" lon="-77.600325">
        <ele>2988.6</ele>
      </trkpt>
      <trkpt lat="-9.306665" lon="-77.6003">
        <ele>2989</ele>
      </trkpt>
      <trkpt lat="-9.306695" lon="-77.600287">
        <ele>2989.2</ele>
      </trkpt>
      <trkpt lat="-9.306725" lon="-77.600275">
        <ele>2989.4</ele>
      </trkpt>
      <trkpt lat="-9.306757" lon="-77.600255">
        <ele>2989.8</ele>
      </trkpt>
      <trkpt lat="-9.30679" lon="-77.60023">
        <ele>2990</ele>
      </trkpt>
      <trkpt lat="-9.306818" lon="-77.60021">
        <ele>2990.2</ele>
      </trkpt>
      <trkpt lat="-9.306848" lon="-77.600192">
        <ele>2990.4</ele>
      </trkpt>
      <trkpt lat="-9.306878" lon="-77.600165">
        <ele>2990.8</ele>
      </trkpt>
      <trkpt lat="-9.306903" lon="-77.60014">
        <ele>2991.2</ele>
      </trkpt>
      <trkpt lat="-9.306928" lon="-77.60012">
        <ele>2991.6</ele>
      </trkpt>
      <trkpt lat="-9.306953" lon="-77.600095">
        <ele>2991.8</ele>
      </trkpt>
      <trkpt lat="-9.30697" lon="-77.600077">
        <ele>2992</ele>
      </trkpt>
      <trkpt lat="-9.306993" lon="-77.60005">
        <ele>2992</ele>
      </trkpt>
      <trkpt lat="-9.307012" lon="-77.600038">
        <ele>2992.4</ele>
      </trkpt>
      <trkpt lat="-9.307032" lon="-77.600005">
        <ele>2992.8</ele>
      </trkpt>
      <trkpt lat="-9.307047" lon="-77.599993">
        <ele>2992.8</ele>
      </trkpt>
      <trkpt lat="-9.307073" lon="-77.599967">
        <ele>2992.8</ele>
      </trkpt>
      <trkpt lat="-9.307092" lon="-77.59996">
        <ele>2993</ele>
      </trkpt>
      <trkpt lat="-9.307112" lon="-77.599942">
        <ele>2993.4</ele>
      </trkpt>
      <trkpt lat="-9.307142" lon="-77.599922">
        <ele>2993.6</ele>
      </trkpt>
      <trkpt lat="-9.307167" lon="-77.599903">
        <ele>2993.8</ele>
      </trkpt>
      <trkpt lat="-9.3072" lon="-77.599883">
        <ele>2994.4</ele>
      </trkpt>
      <trkpt lat="-9.307225" lon="-77.599865">
        <ele>2994.4</ele>
      </trkpt>
      <trkpt lat="-9.307258" lon="-77.599845">
        <ele>2994.6</ele>
      </trkpt>
      <trkpt lat="-9.307287" lon="-77.59982">
        <ele>2995</ele>
      </trkpt>
      <trkpt lat="-9.307315" lon="-77.5998">
        <ele>2995.2</ele>
      </trkpt>
      <trkpt lat="-9.307335" lon="-77.599782">
        <ele>2995.4</ele>
      </trkpt>
      <trkpt lat="-9.30736" lon="-77.599762">
        <ele>2995.4</ele>
      </trkpt>
      <trkpt lat="-9.307395" lon="-77.59973">
        <ele>2995.4</ele>
      </trkpt>
      <trkpt lat="-9.307418" lon="-77.599705">
        <ele>2995.6</ele>
      </trkpt>
      <trkpt lat="-9.307443" lon="-77.599685">
        <ele>2996.2</ele>
      </trkpt>
      <trkpt lat="-9.307475" lon="-77.59966">
        <ele>2996.2</ele>
      </trkpt>
      <trkpt lat="-9.3075" lon="-77.59964">
        <ele>2996.2</ele>
      </trkpt>
      <trkpt lat="-9.307523" lon="-77.599608">
        <ele>2996.2</ele>
      </trkpt>
      <trkpt lat="-9.307543" lon="-77.599583">
        <ele>2996.2</ele>
      </trkpt>
      <trkpt lat="-9.307555" lon="-77.599563">
        <ele>2996.4</ele>
      </trkpt>
      <trkpt lat="-9.307568" lon="-77.599538">
        <ele>2996.6</ele>
      </trkpt>
      <trkpt lat="-9.307573" lon="-77.59952">
        <ele>2996.8</ele>
      </trkpt>
      <trkpt lat="-9.30757" lon="-77.599493">
        <ele>2996.8</ele>
      </trkpt>
      <trkpt lat="-9.307558" lon="-77.599475">
        <ele>2996.8</ele>
      </trkpt>
      <trkpt lat="-9.30754" lon="-77.599455">
        <ele>2997.2</ele>
      </trkpt>
      <trkpt lat="-9.307517" lon="-77.599448">
        <ele>2997.4</ele>
      </trkpt>
      <trkpt lat="-9.30749" lon="-77.599448">
        <ele>2998</ele>
      </trkpt>
      <trkpt lat="-9.307463" lon="-77.599448">
        <ele>2998</ele>
      </trkpt>
      <trkpt lat="-9.30744" lon="-77.599462">
        <ele>2998.4</ele>
      </trkpt>
      <trkpt lat="-9.307422" lon="-77.59948">
        <ele>2998.8</ele>
      </trkpt>
      <trkpt lat="-9.307405" lon="-77.599493">
        <ele>2999</ele>
      </trkpt>
      <trkpt lat="-9.307387" lon="-77.59952">
        <ele>2999</ele>
      </trkpt>
      <trkpt lat="-9.307372" lon="-77.599532">
        <ele>2999.2</ele>
      </trkpt>
      <trkpt lat="-9.307352" lon="-77.599558">
        <ele>2999.6</ele>
      </trkpt>
      <trkpt lat="-9.307335" lon="-77.59957">
        <ele>2999.8</ele>
      </trkpt>
      <trkpt lat="-9.307312" lon="-77.599583">
        <ele>3000</ele>
      </trkpt>
      <trkpt lat="-9.30729" lon="-77.599602">
        <ele>3000.2</ele>
      </trkpt>
      <trkpt lat="-9.307265" lon="-77.599615">
        <ele>3000.4</ele>
      </trkpt>
      <trkpt lat="-9.30724" lon="-77.599622">
        <ele>3000.6</ele>
      </trkpt>
      <trkpt lat="-9.307208" lon="-77.59964">
        <ele>3000.8</ele>
      </trkpt>
      <trkpt lat="-9.307187" lon="-77.59964">
        <ele>3000.8</ele>
      </trkpt>
      <trkpt lat="-9.307163" lon="-77.599653">
        <ele>3001.2</ele>
      </trkpt>
      <trkpt lat="-9.30714" lon="-77.59966">
        <ele>3001.4</ele>
      </trkpt>
      <trkpt lat="-9.307113" lon="-77.599673">
        <ele>3001.6</ele>
      </trkpt>
      <trkpt lat="-9.307087" lon="-77.59968">
        <ele>3002</ele>
      </trkpt>
      <trkpt lat="-9.307063" lon="-77.599685">
        <ele>3002.4</ele>
      </trkpt>
      <trkpt lat="-9.307042" lon="-77.599692">
        <ele>3002.8</ele>
      </trkpt>
      <trkpt lat="-9.307018" lon="-77.599698">
        <ele>3002.8</ele>
      </trkpt>
      <trkpt lat="-9.306995" lon="-77.599705">
        <ele>3003</ele>
      </trkpt>
      <trkpt lat="-9.306975" lon="-77.599718">
        <ele>3003.2</ele>
      </trkpt>
      <trkpt lat="-9.306955" lon="-77.599723">
        <ele>3003.8</ele>
      </trkpt>
      <trkpt lat="-9.306938" lon="-77.59973">
        <ele>3003.8</ele>
      </trkpt>
      <trkpt lat="-9.306915" lon="-77.599737">
        <ele>3004.4</ele>
      </trkpt>
      <trkpt lat="-9.30689" lon="-77.599757">
        <ele>3004.8</ele>
      </trkpt>
      <trkpt lat="-9.30687" lon="-77.599762">
        <ele>3005.2</ele>
      </trkpt>
      <trkpt lat="-9.306848" lon="-77.599768">
        <ele>3005.2</ele>
      </trkpt>
      <trkpt lat="-9.306823" lon="-77.599775">
        <ele>3005.4</ele>
      </trkpt>
      <trkpt lat="-9.3068" lon="-77.599795">
        <ele>3005.8</ele>
      </trkpt>
      <trkpt lat="-9.306765" lon="-77.5998">
        <ele>3006.2</ele>
      </trkpt>
      <trkpt lat="-9.306732" lon="-77.599807">
        <ele>3006.4</ele>
      </trkpt>
      <trkpt lat="-9.306707" lon="-77.599813">
        <ele>3006.8</ele>
      </trkpt>
      <trkpt lat="-9.306667" lon="-77.59982">
        <ele>3007</ele>
      </trkpt>
      <trkpt lat="-9.30664" lon="-77.599833">
        <ele>3007</ele>
      </trkpt>
      <trkpt lat="-9.306602" lon="-77.599833">
        <ele>3007.4</ele>
      </trkpt>
      <trkpt lat="-9.306557" lon="-77.59984">
        <ele>3007.6</ele>
      </trkpt>
      <trkpt lat="-9.306522" lon="-77.59984">
        <ele>3008</ele>
      </trkpt>
      <trkpt lat="-9.306482" lon="-77.59984">
        <ele>3008.4</ele>
      </trkpt>
      <trkpt lat="-9.306448" lon="-77.599845">
        <ele>3008.6</ele>
      </trkpt>
      <trkpt lat="-9.30642" lon="-77.59984">
        <ele>3009</ele>
      </trkpt>
      <trkpt lat="-9.306393" lon="-77.59982">
        <ele>3009.8</ele>
      </trkpt>
      <trkpt lat="-9.306378" lon="-77.5998">
        <ele>3010.2</ele>
      </trkpt>
      <trkpt lat="-9.306363" lon="-77.599768">
        <ele>3010.4</ele>
      </trkpt>
      <trkpt lat="-9.306362" lon="-77.599743">
        <ele>3010.4</ele>
      </trkpt>
      <trkpt lat="-9.306363" lon="-77.599718">
        <ele>3010.6</ele>
      </trkpt>
      <trkpt lat="-9.306368" lon="-77.599685">
        <ele>3010.8</ele>
      </trkpt>
      <trkpt lat="-9.306373" lon="-77.599653">
        <ele>3011</ele>
      </trkpt>
      <trkpt lat="-9.30638" lon="-77.599635">
        <ele>3011.6</ele>
      </trkpt>
      <trkpt lat="-9.306382" lon="-77.599602">
        <ele>3011.8</ele>
      </trkpt>
      <trkpt lat="-9.306383" lon="-77.59957">
        <ele>3012</ele>
      </trkpt>
      <trkpt lat="-9.306387" lon="-77.599532">
        <ele>3012.4</ele>
      </trkpt>
      <trkpt lat="-9.306387" lon="-77.599487">
        <ele>3012.6</ele>
      </trkpt>
      <trkpt lat="-9.30638" lon="-77.599448">
        <ele>3012.6</ele>
      </trkpt>
      <trkpt lat="-9.306378" lon="-77.599417">
        <ele>3012.8</ele>
      </trkpt>
      <trkpt lat="-9.306373" lon="-77.599378">
        <ele>3013.4</ele>
      </trkpt>
      <trkpt lat="-9.306367" lon="-77.599347">
        <ele>3013.4</ele>
      </trkpt>
      <trkpt lat="-9.306362" lon="-77.599308">
        <ele>3013.6</ele>
      </trkpt>
      <trkpt lat="-9.306353" lon="-77.599282">
        <ele>3013.8</ele>
      </trkpt>
      <trkpt lat="-9.306347" lon="-77.599257">
        <ele>3014.2</ele>
      </trkpt>
      <trkpt lat="-9.306332" lon="-77.599225">
        <ele>3014.4</ele>
      </trkpt>
      <trkpt lat="-9.306308" lon="-77.599212">
        <ele>3014.6</ele>
      </trkpt>
      <trkpt lat="-9.306287" lon="-77.599205">
        <ele>3015.2</ele>
      </trkpt>
      <trkpt lat="-9.30626" lon="-77.599212">
        <ele>3015.6</ele>
      </trkpt>
      <trkpt lat="-9.306243" lon="-77.599225">
        <ele>3016</ele>
      </trkpt>
      <trkpt lat="-9.306225" lon="-77.599243">
        <ele>3016.2</ele>
      </trkpt>
      <trkpt lat="-9.306208" lon="-77.599277">
        <ele>3016.4</ele>
      </trkpt>
      <trkpt lat="-9.306195" lon="-77.599295">
        <ele>3016.6</ele>
      </trkpt>
      <trkpt lat="-9.30619" lon="-77.59932">
        <ele>3016.6</ele>
      </trkpt>
      <trkpt lat="-9.306188" lon="-77.59934">
        <ele>3016.6</ele>
      </trkpt>
      <trkpt lat="-9.306182" lon="-77.599365">
        <ele>3016.6</ele>
      </trkpt>
      <trkpt lat="-9.306178" lon="-77.599403">
        <ele>3016.6</ele>
      </trkpt>
      <trkpt lat="-9.306173" lon="-77.599442">
        <ele>3016.6</ele>
      </trkpt>
      <trkpt lat="-9.306175" lon="-77.599462">
        <ele>3017.2</ele>
      </trkpt>
      <trkpt lat="-9.306175" lon="-77.599487">
        <ele>3017.6</ele>
      </trkpt>
      <trkpt lat="-9.306175" lon="-77.599507">
        <ele>3017.6</ele>
      </trkpt>
      <trkpt lat="-9.306173" lon="-77.599545">
        <ele>3017.6</ele>
      </trkpt>
      <trkpt lat="-9.306163" lon="-77.59957">
        <ele>3017.8</ele>
      </trkpt>
      <trkpt lat="-9.306155" lon="-77.599602">
        <ele>3017.8</ele>
      </trkpt>
      <trkpt lat="-9.30614" lon="-77.599622">
        <ele>3017.8</ele>
      </trkpt>
      <trkpt lat="-9.306125" lon="-77.59964">
        <ele>3017.8</ele>
      </trkpt>
      <trkpt lat="-9.306113" lon="-77.599673">
        <ele>3017.8</ele>
      </trkpt>
      <trkpt lat="-9.3061" lon="-77.599685">
        <ele>3018</ele>
      </trkpt>
      <trkpt lat="-9.30608" lon="-77.599705">
        <ele>3018.6</ele>
      </trkpt>
      <trkpt lat="-9.30606" lon="-77.599723">
        <ele>3018.6</ele>
      </trkpt>
      <trkpt lat="-9.306043" lon="-77.59973">
        <ele>3018.2</ele>
      </trkpt>
      <trkpt lat="-9.306017" lon="-77.599723">
        <ele>3018</ele>
      </trkpt>
      <trkpt lat="-9.305997" lon="-77.599718">
        <ele>3018</ele>
      </trkpt>
      <trkpt lat="-9.305975" lon="-77.599698">
        <ele>3018.6</ele>
      </trkpt>
      <trkpt lat="-9.305965" lon="-77.599673">
        <ele>3019.2</ele>
      </trkpt>
      <trkpt lat="-9.305965" lon="-77.599647">
        <ele>3019.8</ele>
      </trkpt>
      <trkpt lat="-9.305967" lon="-77.599622">
        <ele>3020</ele>
      </trkpt>
      <trkpt lat="-9.30597" lon="-77.599602">
        <ele>3020</ele>
      </trkpt>
      <trkpt lat="-9.305975" lon="-77.599583">
        <ele>3020.2</ele>
      </trkpt>
      <trkpt lat="-9.305982" lon="-77.599563">
        <ele>3020.4</ele>
      </trkpt>
      <trkpt lat="-9.305995" lon="-77.599538">
        <ele>3020.8</ele>
      </trkpt>
      <trkpt lat="-9.306" lon="-77.599507">
        <ele>3021</ele>
      </trkpt>
      <trkpt lat="-9.306" lon="-77.599487">
        <ele>3021.4</ele>
      </trkpt>
      <trkpt lat="-9.306002" lon="-77.599455">
        <ele>3022.2</ele>
      </trkpt>
      <trkpt lat="-9.306" lon="-77.599437">
        <ele>3022.6</ele>
      </trkpt>
      <trkpt lat="-9.305997" lon="-77.599403">
        <ele>3023</ele>
      </trkpt>
      <trkpt lat="-9.305995" lon="-77.599372">
        <ele>3023.2</ele>
      </trkpt>
      <trkpt lat="-9.305992" lon="-77.59934">
        <ele>3023.6</ele>
      </trkpt>
      <trkpt lat="-9.305987" lon="-77.599308">
        <ele>3024</ele>
      </trkpt>
      <trkpt lat="-9.305982" lon="-77.599282">
        <ele>3024.2</ele>
      </trkpt>
      <trkpt lat="-9.305975" lon="-77.599243">
        <ele>3024.6</ele>
      </trkpt>
      <trkpt lat="-9.305967" lon="-77.599218">
        <ele>3024.8</ele>
      </trkpt>
      <trkpt lat="-9.30596" lon="-77.599187">
        <ele>3025.4</ele>
      </trkpt>
      <trkpt lat="-9.305952" lon="-77.599148">
        <ele>3025.8</ele>
      </trkpt>
      <trkpt lat="-9.305932" lon="-77.599097">
        <ele>3026.4</ele>
      </trkpt>
      <trkpt lat="-9.30592" lon="-77.599065">
        <ele>3026.8</ele>
      </trkpt>
      <trkpt lat="-9.30591" lon="-77.599045">
        <ele>3027.4</ele>
      </trkpt>
      <trkpt lat="-9.305892" lon="-77.599013">
        <ele>3027.6</ele>
      </trkpt>
      <trkpt lat="-9.305878" lon="-77.598982">
        <ele>3027.6</ele>
      </trkpt>
      <trkpt lat="-9.305867" lon="-77.59895">
        <ele>3027.6</ele>
      </trkpt>
      <trkpt lat="-9.305852" lon="-77.598923">
        <ele>3028.2</ele>
      </trkpt>
      <trkpt lat="-9.30583" lon="-77.598885">
        <ele>3028.6</ele>
      </trkpt>
      <trkpt lat="-9.305812" lon="-77.598853">
        <ele>3029</ele>
      </trkpt>
      <trkpt lat="-9.305792" lon="-77.598822">
        <ele>3029.4</ele>
      </trkpt>
      <trkpt lat="-9.30578" lon="-77.598802">
        <ele>3030.2</ele>
      </trkpt>
      <trkpt lat="-9.30576" lon="-77.598763">
        <ele>3030.8</ele>
      </trkpt>
      <trkpt lat="-9.30574" lon="-77.598707">
        <ele>3031</ele>
      </trkpt>
      <trkpt lat="-9.30572" lon="-77.598662">
        <ele>3031.4</ele>
      </trkpt>
      <trkpt lat="-9.305678" lon="-77.598592">
        <ele>3032</ele>
      </trkpt>
      <trkpt lat="-9.305657" lon="-77.598533">
        <ele>3032.4</ele>
      </trkpt>
      <trkpt lat="-9.305633" lon="-77.598457">
        <ele>3032.8</ele>
      </trkpt>
      <trkpt lat="-9.305618" lon="-77.598393">
        <ele>3033.4</ele>
      </trkpt>
      <trkpt lat="-9.305603" lon="-77.598335">
        <ele>3033.8</ele>
      </trkpt>
      <trkpt lat="-9.305588" lon="-77.598283">
        <ele>3034</ele>
      </trkpt>
      <trkpt lat="-9.305568" lon="-77.598233">
        <ele>3034.6</ele>
      </trkpt>
      <trkpt lat="-9.305555" lon="-77.598195">
        <ele>3035</ele>
      </trkpt>
      <trkpt lat="-9.305542" lon="-77.598143">
        <ele>3035.6</ele>
      </trkpt>
      <trkpt lat="-9.305535" lon="-77.598123">
        <ele>3036</ele>
      </trkpt>
      <trkpt lat="-9.305523" lon="-77.598085">
        <ele>3036.2</ele>
      </trkpt>
      <trkpt lat="-9.305518" lon="-77.59806">
        <ele>3036.8</ele>
      </trkpt>
      <trkpt lat="-9.305502" lon="-77.598035">
        <ele>3037</ele>
      </trkpt>
      <trkpt lat="-9.305478" lon="-77.598008">
        <ele>3037.6</ele>
      </trkpt>
      <trkpt lat="-9.305455" lon="-77.59799">
        <ele>3038</ele>
      </trkpt>
      <trkpt lat="-9.30543" lon="-77.597977">
        <ele>3038.2</ele>
      </trkpt>
      <trkpt lat="-9.305408" lon="-77.597945">
        <ele>3038.6</ele>
      </trkpt>
      <trkpt lat="-9.30539" lon="-77.597907">
        <ele>3039</ele>
      </trkpt>
      <trkpt lat="-9.305372" lon="-77.597875">
        <ele>3039.6</ele>
      </trkpt>
      <trkpt lat="-9.305352" lon="-77.597855">
        <ele>3039.8</ele>
      </trkpt>
      <trkpt lat="-9.305337" lon="-77.59783">
        <ele>3040.4</ele>
      </trkpt>
      <trkpt lat="-9.305317" lon="-77.597798">
        <ele>3040.6</ele>
      </trkpt>
      <trkpt lat="-9.305305" lon="-77.597778">
        <ele>3040.8</ele>
      </trkpt>
      <trkpt lat="-9.30529" lon="-77.597747">
        <ele>3041.2</ele>
      </trkpt>
      <trkpt lat="-9.305275" lon="-77.597727">
        <ele>3041.6</ele>
      </trkpt>
      <trkpt lat="-9.30526" lon="-77.597708">
        <ele>3042</ele>
      </trkpt>
      <trkpt lat="-9.30524" lon="-77.597677">
        <ele>3042.2</ele>
      </trkpt>
      <trkpt lat="-9.305225" lon="-77.597657">
        <ele>3042.4</ele>
      </trkpt>
      <trkpt lat="-9.305215" lon="-77.597638">
        <ele>3042.8</ele>
      </trkpt>
      <trkpt lat="-9.305192" lon="-77.597612">
        <ele>3043</ele>
      </trkpt>
      <trkpt lat="-9.305175" lon="-77.597593">
        <ele>3043.2</ele>
      </trkpt>
      <trkpt lat="-9.305147" lon="-77.59756">
        <ele>3043.2</ele>
      </trkpt>
      <trkpt lat="-9.305122" lon="-77.597542">
        <ele>3043.6</ele>
      </trkpt>
      <trkpt lat="-9.3051" lon="-77.597517">
        <ele>3044</ele>
      </trkpt>
      <trkpt lat="-9.305073" lon="-77.59749">
        <ele>3044.6</ele>
      </trkpt>
      <trkpt lat="-9.305052" lon="-77.597458">
        <ele>3044.8</ele>
      </trkpt>
      <trkpt lat="-9.305023" lon="-77.597433">
        <ele>3044.8</ele>
      </trkpt>
      <trkpt lat="-9.305007" lon="-77.5974">
        <ele>3045.2</ele>
      </trkpt>
      <trkpt lat="-9.304987" lon="-77.597382">
        <ele>3045.2</ele>
      </trkpt>
      <trkpt lat="-9.304967" lon="-77.597357">
        <ele>3045.8</ele>
      </trkpt>
      <trkpt lat="-9.30494" lon="-77.59733">
        <ele>3046</ele>
      </trkpt>
      <trkpt lat="-9.304927" lon="-77.597312">
        <ele>3046.4</ele>
      </trkpt>
      <trkpt lat="-9.304908" lon="-77.597298">
        <ele>3046.4</ele>
      </trkpt>
      <trkpt lat="-9.304893" lon="-77.597273">
        <ele>3046.6</ele>
      </trkpt>
      <trkpt lat="-9.304875" lon="-77.597253">
        <ele>3047.2</ele>
      </trkpt>
      <trkpt lat="-9.30486" lon="-77.597235">
        <ele>3047.6</ele>
      </trkpt>
      <trkpt lat="-9.304838" lon="-77.597215">
        <ele>3047.8</ele>
      </trkpt>
      <trkpt lat="-9.304815" lon="-77.59719">
        <ele>3047.8</ele>
      </trkpt>
      <trkpt lat="-9.304785" lon="-77.597158">
        <ele>3047.8</ele>
      </trkpt>
      <trkpt lat="-9.304765" lon="-77.597138">
        <ele>3047.8</ele>
      </trkpt>
      <trkpt lat="-9.304738" lon="-77.597113">
        <ele>3048.2</ele>
      </trkpt>
      <trkpt lat="-9.30471" lon="-77.597093">
        <ele>3048.6</ele>
      </trkpt>
      <trkpt lat="-9.30468" lon="-77.597075">
        <ele>3048.8</ele>
      </trkpt>
      <trkpt lat="-9.30465" lon="-77.597062">
        <ele>3049</ele>
      </trkpt>
      <trkpt lat="-9.304615" lon="-77.597037">
        <ele>3049</ele>
      </trkpt>
      <trkpt lat="-9.30459" lon="-77.597023">
        <ele>3049.2</ele>
      </trkpt>
      <trkpt lat="-9.304558" lon="-77.596998">
        <ele>3049.6</ele>
      </trkpt>
      <trkpt lat="-9.304532" lon="-77.596985">
        <ele>3050.2</ele>
      </trkpt>
      <trkpt lat="-9.304507" lon="-77.596978">
        <ele>3050.2</ele>
      </trkpt>
      <trkpt lat="-9.30448" lon="-77.59696">
        <ele>3050.4</ele>
      </trkpt>
      <trkpt lat="-9.304447" lon="-77.596947">
        <ele>3050.6</ele>
      </trkpt>
      <trkpt lat="-9.304425" lon="-77.59694">
        <ele>3050.8</ele>
      </trkpt>
      <trkpt lat="-9.304388" lon="-77.59692">
        <ele>3051</ele>
      </trkpt>
      <trkpt lat="-9.304362" lon="-77.596908">
        <ele>3051.8</ele>
      </trkpt>
      <trkpt lat="-9.304332" lon="-77.596895">
        <ele>3052</ele>
      </trkpt>
      <trkpt lat="-9.3043" lon="-77.596882">
        <ele>3052.2</ele>
      </trkpt>
      <trkpt lat="-9.304267" lon="-77.596877">
        <ele>3052.2</ele>
      </trkpt>
      <trkpt lat="-9.304233" lon="-77.59687">
        <ele>3052.4</ele>
      </trkpt>
      <trkpt lat="-9.304198" lon="-77.596857">
        <ele>3052.8</ele>
      </trkpt>
      <trkpt lat="-9.304162" lon="-77.596838">
        <ele>3053.6</ele>
      </trkpt>
      <trkpt lat="-9.30414" lon="-77.596832">
        <ele>3053.8</ele>
      </trkpt>
      <trkpt lat="-9.30411" lon="-77.596825">
        <ele>3054</ele>
      </trkpt>
      <trkpt lat="-9.304085" lon="-77.596818">
        <ele>3054.4</ele>
      </trkpt>
      <trkpt lat="-9.30406" lon="-77.5968">
        <ele>3055.2</ele>
      </trkpt>
      <trkpt lat="-9.304033" lon="-77.596793">
        <ele>3055.6</ele>
      </trkpt>
      <trkpt lat="-9.304003" lon="-77.59678">
        <ele>3055.8</ele>
      </trkpt>
      <trkpt lat="-9.303985" lon="-77.59676">
        <ele>3055.8</ele>
      </trkpt>
      <trkpt lat="-9.303963" lon="-77.596748">
        <ele>3056</ele>
      </trkpt>
      <trkpt lat="-9.303937" lon="-77.596735">
        <ele>3056.6</ele>
      </trkpt>
      <trkpt lat="-9.303917" lon="-77.596717">
        <ele>3057.2</ele>
      </trkpt>
      <trkpt lat="-9.303887" lon="-77.59671">
        <ele>3057.2</ele>
      </trkpt>
      <trkpt lat="-9.303865" lon="-77.59671">
        <ele>3057.6</ele>
      </trkpt>
      <trkpt lat="-9.303842" lon="-77.596717">
        <ele>3058.8</ele>
      </trkpt>
      <trkpt lat="-9.30382" lon="-77.596742">
        <ele>3059</ele>
      </trkpt>
      <trkpt lat="-9.303817" lon="-77.59676">
        <ele>3059</ele>
      </trkpt>
      <trkpt lat="-9.303818" lon="-77.596787">
        <ele>3059.4</ele>
      </trkpt>
      <trkpt lat="-9.303825" lon="-77.596805">
        <ele>3059.4</ele>
      </trkpt>
      <trkpt lat="-9.303838" lon="-77.596832">
        <ele>3059.8</ele>
      </trkpt>
      <trkpt lat="-9.30385" lon="-77.596857">
        <ele>3060.2</ele>
      </trkpt>
      <trkpt lat="-9.30386" lon="-77.596877">
        <ele>3060.6</ele>
      </trkpt>
      <trkpt lat="-9.303872" lon="-77.596895">
        <ele>3061</ele>
      </trkpt>
      <trkpt lat="-9.303887" lon="-77.596915">
        <ele>3061.6</ele>
      </trkpt>
      <trkpt lat="-9.303905" lon="-77.59694">
        <ele>3061.8</ele>
      </trkpt>
      <trkpt lat="-9.30392" lon="-77.596978">
        <ele>3062.2</ele>
      </trkpt>
      <trkpt lat="-9.303937" lon="-77.597003">
        <ele>3062.4</ele>
      </trkpt>
      <trkpt lat="-9.303945" lon="-77.597023">
        <ele>3062.8</ele>
      </trkpt>
      <trkpt lat="-9.303957" lon="-77.597055">
        <ele>3062.8</ele>
      </trkpt>
      <trkpt lat="-9.30397" lon="-77.597068">
        <ele>3062.8</ele>
      </trkpt>
      <trkpt lat="-9.30399" lon="-77.5971">
        <ele>3063.4</ele>
      </trkpt>
      <trkpt lat="-9.304005" lon="-77.597145">
        <ele>3063.6</ele>
      </trkpt>
      <trkpt lat="-9.30402" lon="-77.597163">
        <ele>3063.8</ele>
      </trkpt>
      <trkpt lat="-9.30403" lon="-77.59719">
        <ele>3064</ele>
      </trkpt>
      <trkpt lat="-9.304043" lon="-77.597215">
        <ele>3064.4</ele>
      </trkpt>
      <trkpt lat="-9.30406" lon="-77.597235">
        <ele>3064.6</ele>
      </trkpt>
      <trkpt lat="-9.304073" lon="-77.597253">
        <ele>3065</ele>
      </trkpt>
      <trkpt lat="-9.304105" lon="-77.597292">
        <ele>3065.4</ele>
      </trkpt>
      <trkpt lat="-9.304118" lon="-77.597312">
        <ele>3065.8</ele>
      </trkpt>
      <trkpt lat="-9.304128" lon="-77.59733">
        <ele>3066</ele>
      </trkpt>
      <trkpt lat="-9.304148" lon="-77.59735">
        <ele>3066.2</ele>
      </trkpt>
      <trkpt lat="-9.304162" lon="-77.597382">
        <ele>3066.4</ele>
      </trkpt>
      <trkpt lat="-9.304175" lon="-77.597413">
        <ele>3066.8</ele>
      </trkpt>
      <trkpt lat="-9.304188" lon="-77.597433">
        <ele>3066.8</ele>
      </trkpt>
      <trkpt lat="-9.3042" lon="-77.597458">
        <ele>3067</ele>
      </trkpt>
      <trkpt lat="-9.304208" lon="-77.597503">
        <ele>3067.6</ele>
      </trkpt>
      <trkpt lat="-9.304213" lon="-77.597535">
        <ele>3068</ele>
      </trkpt>
      <trkpt lat="-9.304218" lon="-77.597555">
        <ele>3068.2</ele>
      </trkpt>
      <trkpt lat="-9.304228" lon="-77.59758">
        <ele>3068.6</ele>
      </trkpt>
      <trkpt lat="-9.30424" lon="-77.597612">
        <ele>3069</ele>
      </trkpt>
      <trkpt lat="-9.304247" lon="-77.597638">
        <ele>3069.2</ele>
      </trkpt>
      <trkpt lat="-9.304253" lon="-77.597663">
        <ele>3069.4</ele>
      </trkpt>
      <trkpt lat="-9.304267" lon="-77.597695">
        <ele>3069.8</ele>
      </trkpt>
      <trkpt lat="-9.30428" lon="-77.597715">
        <ele>3070.4</ele>
      </trkpt>
      <trkpt lat="-9.304292" lon="-77.597753">
        <ele>3070.4</ele>
      </trkpt>
      <trkpt lat="-9.3043" lon="-77.597772">
        <ele>3070.8</ele>
      </trkpt>
      <trkpt lat="-9.304307" lon="-77.597792">
        <ele>3071.2</ele>
      </trkpt>
      <trkpt lat="-9.304303" lon="-77.597817">
        <ele>3071.6</ele>
      </trkpt>
      <trkpt lat="-9.304312" lon="-77.597855">
        <ele>3072</ele>
      </trkpt>
      <trkpt lat="-9.30432" lon="-77.597893">
        <ele>3072.6</ele>
      </trkpt>
      <trkpt lat="-9.304327" lon="-77.597913">
        <ele>3073.2</ele>
      </trkpt>
      <trkpt lat="-9.304337" lon="-77.597938">
        <ele>3073.4</ele>
      </trkpt>
      <trkpt lat="-9.304343" lon="-77.59797">
        <ele>3073.6</ele>
      </trkpt>
      <trkpt lat="-9.304353" lon="-77.59799">
        <ele>3073.8</ele>
      </trkpt>
      <trkpt lat="-9.304358" lon="-77.598015">
        <ele>3074</ele>
      </trkpt>
      <trkpt lat="-9.304367" lon="-77.598047">
        <ele>3074.6</ele>
      </trkpt>
      <trkpt lat="-9.304373" lon="-77.598067">
        <ele>3075.2</ele>
      </trkpt>
      <trkpt lat="-9.304378" lon="-77.598085">
        <ele>3075.2</ele>
      </trkpt>
      <trkpt lat="-9.304378" lon="-77.598105">
        <ele>3075.4</ele>
      </trkpt>
      <trkpt lat="-9.304377" lon="-77.59813">
        <ele>3076.2</ele>
      </trkpt>
      <trkpt lat="-9.304377" lon="-77.59815">
        <ele>3077.2</ele>
      </trkpt>
      <trkpt lat="-9.304368" lon="-77.598175">
        <ele>3077.6</ele>
      </trkpt>
      <trkpt lat="-9.304367" lon="-77.598195">
        <ele>3077.6</ele>
      </trkpt>
      <trkpt lat="-9.304353" lon="-77.598213">
        <ele>3077.6</ele>
      </trkpt>
      <trkpt lat="-9.30434" lon="-77.598233">
        <ele>3077.6</ele>
      </trkpt>
      <trkpt lat="-9.304322" lon="-77.598252">
        <ele>3077.8</ele>
      </trkpt>
      <trkpt lat="-9.3043" lon="-77.598258">
        <ele>3078.4</ele>
      </trkpt>
      <trkpt lat="-9.304273" lon="-77.598265">
        <ele>3078.8</ele>
      </trkpt>
      <trkpt lat="-9.304232" lon="-77.598245">
        <ele>3079.2</ele>
      </trkpt>
      <trkpt lat="-9.3042" lon="-77.598213">
        <ele>3079.4</ele>
      </trkpt>
      <trkpt lat="-9.304168" lon="-77.598188">
        <ele>3079.6</ele>
      </trkpt>
      <trkpt lat="-9.30414" lon="-77.598168">
        <ele>3079.6</ele>
      </trkpt>
      <trkpt lat="-9.30411" lon="-77.598143">
        <ele>3080.2</ele>
      </trkpt>
      <trkpt lat="-9.304083" lon="-77.59813">
        <ele>3080.4</ele>
      </trkpt>
      <trkpt lat="-9.304057" lon="-77.598105">
        <ele>3080.6</ele>
      </trkpt>
      <trkpt lat="-9.304025" lon="-77.598092">
        <ele>3081</ele>
      </trkpt>
      <trkpt lat="-9.303997" lon="-77.598067">
        <ele>3081.2</ele>
      </trkpt>
      <trkpt lat="-9.303963" lon="-77.598047">
        <ele>3081.2</ele>
      </trkpt>
      <trkpt lat="-9.30394" lon="-77.598028">
        <ele>3081.4</ele>
      </trkpt>
      <trkpt lat="-9.303912" lon="-77.598015">
        <ele>3082</ele>
      </trkpt>
      <trkpt lat="-9.303885" lon="-77.598008">
        <ele>3082.4</ele>
      </trkpt>
      <trkpt lat="-9.303855" lon="-77.598008">
        <ele>3082.6</ele>
      </trkpt>
      <trkpt lat="-9.303832" lon="-77.597997">
        <ele>3083</ele>
      </trkpt>
      <trkpt lat="-9.3038" lon="-77.597983">
        <ele>3083.6</ele>
      </trkpt>
      <trkpt lat="-9.30378" lon="-77.597977">
        <ele>3084.2</ele>
      </trkpt>
      <trkpt lat="-9.303757" lon="-77.59797">
        <ele>3084.6</ele>
      </trkpt>
      <trkpt lat="-9.303727" lon="-77.597952">
        <ele>3085.2</ele>
      </trkpt>
      <trkpt lat="-9.303707" lon="-77.597945">
        <ele>3085.6</ele>
      </trkpt>
      <trkpt lat="-9.30368" lon="-77.597938">
        <ele>3086</ele>
      </trkpt>
      <trkpt lat="-9.303653" lon="-77.597925">
        <ele>3086.4</ele>
      </trkpt>
      <trkpt lat="-9.30362" lon="-77.5979">
        <ele>3086.8</ele>
      </trkpt>
      <trkpt lat="-9.303592" lon="-77.597868">
        <ele>3087.2</ele>
      </trkpt>
      <trkpt lat="-9.30356" lon="-77.597848">
        <ele>3088</ele>
      </trkpt>
      <trkpt lat="-9.303528" lon="-77.597823">
        <ele>3088.2</ele>
      </trkpt>
      <trkpt lat="-9.303513" lon="-77.59781">
        <ele>3088.6</ele>
      </trkpt>
      <trkpt lat="-9.303483" lon="-77.597785">
        <ele>3089.2</ele>
      </trkpt>
      <trkpt lat="-9.303462" lon="-77.59776">
        <ele>3089.6</ele>
      </trkpt>
      <trkpt lat="-9.303433" lon="-77.597753">
        <ele>3090.2</ele>
      </trkpt>
      <trkpt lat="-9.303402" lon="-77.59774">
        <ele>3090.6</ele>
      </trkpt>
      <trkpt lat="-9.303375" lon="-77.597727">
        <ele>3090.8</ele>
      </trkpt>
      <trkpt lat="-9.30335" lon="-77.597708">
        <ele>3091</ele>
      </trkpt>
      <trkpt lat="-9.30332" lon="-77.597695">
        <ele>3091.2</ele>
      </trkpt>
      <trkpt lat="-9.303288" lon="-77.597688">
        <ele>3091.6</ele>
      </trkpt>
      <trkpt lat="-9.30326" lon="-77.59767">
        <ele>3091.6</ele>
      </trkpt>
      <trkpt lat="-9.30323" lon="-77.597657">
        <ele>3091.6</ele>
      </trkpt>
      <trkpt lat="-9.303205" lon="-77.59765">
        <ele>3092.4</ele>
      </trkpt>
      <trkpt lat="-9.303178" lon="-77.597632">
        <ele>3092.8</ele>
      </trkpt>
      <trkpt lat="-9.303145" lon="-77.597618">
        <ele>3093</ele>
      </trkpt>
      <trkpt lat="-9.303118" lon="-77.5976">
        <ele>3093.6</ele>
      </trkpt>
      <trkpt lat="-9.303087" lon="-77.597593">
        <ele>3094</ele>
      </trkpt>
      <trkpt lat="-9.303062" lon="-77.59758">
        <ele>3094.6</ele>
      </trkpt>
      <trkpt lat="-9.30304" lon="-77.597555">
        <ele>3094.8</ele>
      </trkpt>
      <trkpt lat="-9.303017" lon="-77.597542">
        <ele>3095.2</ele>
      </trkpt>
      <trkpt lat="-9.303" lon="-77.597528">
        <ele>3095.2</ele>
      </trkpt>
      <trkpt lat="-9.302987" lon="-77.597517">
        <ele>3095.4</ele>
      </trkpt>
      <trkpt lat="-9.30296" lon="-77.59749">
        <ele>3096.6</ele>
      </trkpt>
      <trkpt lat="-9.30294" lon="-77.597458">
        <ele>3096.6</ele>
      </trkpt>
      <trkpt lat="-9.30292" lon="-77.597433">
        <ele>3096.6</ele>
      </trkpt>
      <trkpt lat="-9.302902" lon="-77.597413">
        <ele>3096.6</ele>
      </trkpt>
      <trkpt lat="-9.302883" lon="-77.597388">
        <ele>3096.8</ele>
      </trkpt>
      <trkpt lat="-9.302867" lon="-77.597357">
        <ele>3097</ele>
      </trkpt>
      <trkpt lat="-9.302847" lon="-77.597337">
        <ele>3097.2</ele>
      </trkpt>
      <trkpt lat="-9.302828" lon="-77.597298">
        <ele>3097.2</ele>
      </trkpt>
      <trkpt lat="-9.302812" lon="-77.597267">
        <ele>3097.6</ele>
      </trkpt>
      <trkpt lat="-9.302795" lon="-77.597235">
        <ele>3097.8</ele>
      </trkpt>
      <trkpt lat="-9.302782" lon="-77.597215">
        <ele>3097.8</ele>
      </trkpt>
      <trkpt lat="-9.30277" lon="-77.59719">
        <ele>3098</ele>
      </trkpt>
      <trkpt lat="-9.30276" lon="-77.597158">
        <ele>3098.2</ele>
      </trkpt>
      <trkpt lat="-9.302748" lon="-77.59712">
        <ele>3098.2</ele>
      </trkpt>
      <trkpt lat="-9.302735" lon="-77.597093">
        <ele>3098.4</ele>
      </trkpt>
      <trkpt lat="-9.302723" lon="-77.597055">
        <ele>3098.8</ele>
      </trkpt>
      <trkpt lat="-9.30271" lon="-77.597017">
        <ele>3099</ele>
      </trkpt>
      <trkpt lat="-9.302695" lon="-77.596978">
        <ele>3099.2</ele>
      </trkpt>
      <trkpt lat="-9.302682" lon="-77.596947">
        <ele>3099.4</ele>
      </trkpt>
      <trkpt lat="-9.302673" lon="-77.596908">
        <ele>3099.4</ele>
      </trkpt>
      <trkpt lat="-9.302663" lon="-77.596877">
        <ele>3099.4</ele>
      </trkpt>
      <trkpt lat="-9.302653" lon="-77.596843">
        <ele>3099.6</ele>
      </trkpt>
      <trkpt lat="-9.30264" lon="-77.596805">
        <ele>3100.2</ele>
      </trkpt>
      <trkpt lat="-9.30263" lon="-77.596773">
        <ele>3100.6</ele>
      </trkpt>
      <trkpt lat="-9.302617" lon="-77.596735">
        <ele>3101.2</ele>
      </trkpt>
      <trkpt lat="-9.302605" lon="-77.596703">
        <ele>3101.6</ele>
      </trkpt>
      <trkpt lat="-9.302595" lon="-77.596672">
        <ele>3102</ele>
      </trkpt>
      <trkpt lat="-9.302583" lon="-77.596645">
        <ele>3102.4</ele>
      </trkpt>
      <trkpt lat="-9.302577" lon="-77.596627">
        <ele>3102.6</ele>
      </trkpt>
      <trkpt lat="-9.30257" lon="-77.596607">
        <ele>3103</ele>
      </trkpt>
      <trkpt lat="-9.302557" lon="-77.596575">
        <ele>3103.4</ele>
      </trkpt>
      <trkpt lat="-9.30255" lon="-77.59655">
        <ele>3103.6</ele>
      </trkpt>
      <trkpt lat="-9.302537" lon="-77.596537">
        <ele>3103.6</ele>
      </trkpt>
      <trkpt lat="-9.302527" lon="-77.596512">
        <ele>3104.4</ele>
      </trkpt>
      <trkpt lat="-9.302517" lon="-77.59648">
        <ele>3104.8</ele>
      </trkpt>
      <trkpt lat="-9.302507" lon="-77.59646">
        <ele>3104.8</ele>
      </trkpt>
      <trkpt lat="-9.3025" lon="-77.596428">
        <ele>3104.8</ele>
      </trkpt>
      <trkpt lat="-9.302487" lon="-77.596402">
        <ele>3105.2</ele>
      </trkpt>
      <trkpt lat="-9.302478" lon="-77.596377">
        <ele>3105.4</ele>
      </trkpt>
      <trkpt lat="-9.302467" lon="-77.596345">
        <ele>3105.4</ele>
      </trkpt>
      <trkpt lat="-9.302457" lon="-77.596313">
        <ele>3105.6</ele>
      </trkpt>
      <trkpt lat="-9.30245" lon="-77.596275">
        <ele>3106.2</ele>
      </trkpt>
      <trkpt lat="-9.302445" lon="-77.59623">
        <ele>3106.2</ele>
      </trkpt>
      <trkpt lat="-9.30244" lon="-77.596192">
        <ele>3106.4</ele>
      </trkpt>
      <trkpt lat="-9.30243" lon="-77.59616">
        <ele>3106.6</ele>
      </trkpt>
      <trkpt lat="-9.302392" lon="-77.596108">
        <ele>3106.6</ele>
      </trkpt>
      <trkpt lat="-9.302372" lon="-77.596102">
        <ele>3107.6</ele>
      </trkpt>
      <trkpt lat="-9.302352" lon="-77.596088">
        <ele>3107.8</ele>
      </trkpt>
      <trkpt lat="-9.302332" lon="-77.596082">
        <ele>3107.8</ele>
      </trkpt>
      <trkpt lat="-9.302312" lon="-77.596077">
        <ele>3107.8</ele>
      </trkpt>
      <trkpt lat="-9.302287" lon="-77.59607">
        <ele>3107.8</ele>
      </trkpt>
      <trkpt lat="-9.302263" lon="-77.596063">
        <ele>3107.8</ele>
      </trkpt>
      <trkpt lat="-9.30224" lon="-77.59605">
        <ele>3107.6</ele>
      </trkpt>
      <trkpt lat="-9.302218" lon="-77.596043">
        <ele>3107.6</ele>
      </trkpt>
      <trkpt lat="-9.302198" lon="-77.596032">
        <ele>3107.6</ele>
      </trkpt>
      <trkpt lat="-9.30218" lon="-77.596012">
        <ele>3107.6</ele>
      </trkpt>
      <trkpt lat="-9.302163" lon="-77.596">
        <ele>3107.6</ele>
      </trkpt>
      <trkpt lat="-9.302152" lon="-77.595967">
        <ele>3107.6</ele>
      </trkpt>
      <trkpt lat="-9.30214" lon="-77.595942">
        <ele>3107.6</ele>
      </trkpt>
      <trkpt lat="-9.302128" lon="-77.59591">
        <ele>3107.6</ele>
      </trkpt>
      <trkpt lat="-9.302118" lon="-77.595883">
        <ele>3107.8</ele>
      </trkpt>
      <trkpt lat="-9.302108" lon="-77.595865">
        <ele>3108.2</ele>
      </trkpt>
      <trkpt lat="-9.302095" lon="-77.595838">
        <ele>3108.2</ele>
      </trkpt>
      <trkpt lat="-9.302078" lon="-77.595813">
        <ele>3108.2</ele>
      </trkpt>
      <trkpt lat="-9.302062" lon="-77.595795">
        <ele>3109</ele>
      </trkpt>
      <trkpt lat="-9.302043" lon="-77.595768">
        <ele>3109</ele>
      </trkpt>
      <trkpt lat="-9.302025" lon="-77.595743">
        <ele>3109.2</ele>
      </trkpt>
      <trkpt lat="-9.302003" lon="-77.595718">
        <ele>3109.2</ele>
      </trkpt>
      <trkpt lat="-9.301982" lon="-77.595685">
        <ele>3109.6</ele>
      </trkpt>
      <trkpt lat="-9.301963" lon="-77.595653">
        <ele>3109.8</ele>
      </trkpt>
      <trkpt lat="-9.301948" lon="-77.595628">
        <ele>3110.4</ele>
      </trkpt>
      <trkpt lat="-9.30193" lon="-77.595597">
        <ele>3110.8</ele>
      </trkpt>
      <trkpt lat="-9.301923" lon="-77.59557">
        <ele>3111</ele>
      </trkpt>
      <trkpt lat="-9.30191" lon="-77.595552">
        <ele>3111.2</ele>
      </trkpt>
      <trkpt lat="-9.301898" lon="-77.59552">
        <ele>3111.4</ele>
      </trkpt>
      <trkpt lat="-9.301888" lon="-77.595493">
        <ele>3111.8</ele>
      </trkpt>
      <trkpt lat="-9.301877" lon="-77.595468">
        <ele>3112.2</ele>
      </trkpt>
      <trkpt lat="-9.301868" lon="-77.595442">
        <ele>3112.4</ele>
      </trkpt>
      <trkpt lat="-9.301857" lon="-77.595423">
        <ele>3112.6</ele>
      </trkpt>
      <trkpt lat="-9.301843" lon="-77.595392">
        <ele>3112.8</ele>
      </trkpt>
      <trkpt lat="-9.301832" lon="-77.595365">
        <ele>3113.4</ele>
      </trkpt>
      <trkpt lat="-9.30182" lon="-77.595347">
        <ele>3113.6</ele>
      </trkpt>
      <trkpt lat="-9.30181" lon="-77.59532">
        <ele>3113.8</ele>
      </trkpt>
      <trkpt lat="-9.301797" lon="-77.595295">
        <ele>3114</ele>
      </trkpt>
      <trkpt lat="-9.301783" lon="-77.59527">
        <ele>3114.6</ele>
      </trkpt>
      <trkpt lat="-9.30177" lon="-77.595243">
        <ele>3114.6</ele>
      </trkpt>
      <trkpt lat="-9.301755" lon="-77.595212">
        <ele>3115</ele>
      </trkpt>
      <trkpt lat="-9.30174" lon="-77.595187">
        <ele>3115.2</ele>
      </trkpt>
      <trkpt lat="-9.30173" lon="-77.595155">
        <ele>3115.6</ele>
      </trkpt>
      <trkpt lat="-9.301717" lon="-77.595122">
        <ele>3115.8</ele>
      </trkpt>
      <trkpt lat="-9.301705" lon="-77.595083">
        <ele>3115.8</ele>
      </trkpt>
      <trkpt lat="-9.301697" lon="-77.595058">
        <ele>3116</ele>
      </trkpt>
      <trkpt lat="-9.301685" lon="-77.595027">
        <ele>3116.6</ele>
      </trkpt>
      <trkpt lat="-9.301678" lon="-77.595">
        <ele>3116.8</ele>
      </trkpt>
      <trkpt lat="-9.301665" lon="-77.594968">
        <ele>3116.8</ele>
      </trkpt>
      <trkpt lat="-9.301657" lon="-77.594937">
        <ele>3116.8</ele>
      </trkpt>
      <trkpt lat="-9.301645" lon="-77.594912">
        <ele>3117.6</ele>
      </trkpt>
      <trkpt lat="-9.301638" lon="-77.594885">
        <ele>3117.8</ele>
      </trkpt>
      <trkpt lat="-9.301627" lon="-77.594853">
        <ele>3118.2</ele>
      </trkpt>
      <trkpt lat="-9.301617" lon="-77.594835">
        <ele>3118.4</ele>
      </trkpt>
      <trkpt lat="-9.301607" lon="-77.594802">
        <ele>3118.8</ele>
      </trkpt>
      <trkpt lat="-9.3016" lon="-77.59477">
        <ele>3119.4</ele>
      </trkpt>
      <trkpt lat="-9.301592" lon="-77.594738">
        <ele>3119.4</ele>
      </trkpt>
      <trkpt lat="-9.301582" lon="-77.594713">
        <ele>3119.4</ele>
      </trkpt>
      <trkpt lat="-9.301573" lon="-77.59468">
        <ele>3120</ele>
      </trkpt>
      <trkpt lat="-9.301562" lon="-77.594648">
        <ele>3120</ele>
      </trkpt>
      <trkpt lat="-9.301553" lon="-77.59463">
        <ele>3120.4</ele>
      </trkpt>
      <trkpt lat="-9.301542" lon="-77.594598">
        <ele>3120.6</ele>
      </trkpt>
      <trkpt lat="-9.301528" lon="-77.59456">
        <ele>3120.6</ele>
      </trkpt>
      <trkpt lat="-9.301518" lon="-77.594527">
        <ele>3121.2</ele>
      </trkpt>
      <trkpt lat="-9.301508" lon="-77.594495">
        <ele>3121.4</ele>
      </trkpt>
      <trkpt lat="-9.301498" lon="-77.594477">
        <ele>3121.6</ele>
      </trkpt>
      <trkpt lat="-9.301487" lon="-77.594443">
        <ele>3121.8</ele>
      </trkpt>
      <trkpt lat="-9.301477" lon="-77.594412">
        <ele>3122.4</ele>
      </trkpt>
      <trkpt lat="-9.301462" lon="-77.594373">
        <ele>3122.4</ele>
      </trkpt>
      <trkpt lat="-9.301453" lon="-77.594355">
        <ele>3123</ele>
      </trkpt>
      <trkpt lat="-9.30144" lon="-77.594328">
        <ele>3123.2</ele>
      </trkpt>
      <trkpt lat="-9.301432" lon="-77.594297">
        <ele>3123.6</ele>
      </trkpt>
      <trkpt lat="-9.301415" lon="-77.594265">
        <ele>3124.2</ele>
      </trkpt>
      <trkpt lat="-9.301403" lon="-77.59424">
        <ele>3124.4</ele>
      </trkpt>
      <trkpt lat="-9.301395" lon="-77.5942">
        <ele>3124.6</ele>
      </trkpt>
      <trkpt lat="-9.301382" lon="-77.594168">
        <ele>3125.4</ele>
      </trkpt>
      <trkpt lat="-9.30137" lon="-77.594143">
        <ele>3125.6</ele>
      </trkpt>
      <trkpt lat="-9.30136" lon="-77.594118">
        <ele>3126</ele>
      </trkpt>
      <trkpt lat="-9.301348" lon="-77.594085">
        <ele>3126.6</ele>
      </trkpt>
      <trkpt lat="-9.30134" lon="-77.594053">
        <ele>3126.8</ele>
      </trkpt>
      <trkpt lat="-9.301325" lon="-77.594022">
        <ele>3127.2</ele>
      </trkpt>
      <trkpt lat="-9.301315" lon="-77.593997">
        <ele>3127.8</ele>
      </trkpt>
      <trkpt lat="-9.301305" lon="-77.593958">
        <ele>3127.8</ele>
      </trkpt>
      <trkpt lat="-9.301295" lon="-77.593925">
        <ele>3128.2</ele>
      </trkpt>
      <trkpt lat="-9.30129" lon="-77.593893">
        <ele>3128.8</ele>
      </trkpt>
      <trkpt lat="-9.301285" lon="-77.593862">
        <ele>3129.2</ele>
      </trkpt>
      <trkpt lat="-9.30128" lon="-77.593837">
        <ele>3129.4</ele>
      </trkpt>
      <trkpt lat="-9.301278" lon="-77.593798">
        <ele>3130</ele>
      </trkpt>
      <trkpt lat="-9.301275" lon="-77.59376">
        <ele>3130.2</ele>
      </trkpt>
      <trkpt lat="-9.301273" lon="-77.593708">
        <ele>3130.4</ele>
      </trkpt>
      <trkpt lat="-9.301268" lon="-77.593663">
        <ele>3130.4</ele>
      </trkpt>
      <trkpt lat="-9.301265" lon="-77.593618">
        <ele>3131.2</ele>
      </trkpt>
      <trkpt lat="-9.301263" lon="-77.593567">
        <ele>3131.8</ele>
      </trkpt>
      <trkpt lat="-9.301263" lon="-77.593528">
        <ele>3132.4</ele>
      </trkpt>
      <trkpt lat="-9.301268" lon="-77.593483">
        <ele>3133.2</ele>
      </trkpt>
      <trkpt lat="-9.301268" lon="-77.593427">
        <ele>3133.2</ele>
      </trkpt>
      <trkpt lat="-9.301268" lon="-77.593388">
        <ele>3133.4</ele>
      </trkpt>
      <trkpt lat="-9.301268" lon="-77.593343">
        <ele>3133.6</ele>
      </trkpt>
      <trkpt lat="-9.30126" lon="-77.593292">
        <ele>3134.2</ele>
      </trkpt>
      <trkpt lat="-9.30125" lon="-77.593247">
        <ele>3134.6</ele>
      </trkpt>
      <trkpt lat="-9.301238" lon="-77.59319">
        <ele>3134.8</ele>
      </trkpt>
      <trkpt lat="-9.301223" lon="-77.593145">
        <ele>3135.2</ele>
      </trkpt>
      <trkpt lat="-9.301203" lon="-77.593093">
        <ele>3135.6</ele>
      </trkpt>
      <trkpt lat="-9.301183" lon="-77.593048">
        <ele>3136</ele>
      </trkpt>
      <trkpt lat="-9.30117" lon="-77.59301">
        <ele>3136.4</ele>
      </trkpt>
      <trkpt lat="-9.301155" lon="-77.592965">
        <ele>3136.6</ele>
      </trkpt>
      <trkpt lat="-9.30114" lon="-77.592915">
        <ele>3137.2</ele>
      </trkpt>
      <trkpt lat="-9.301123" lon="-77.59287">
        <ele>3137.6</ele>
      </trkpt>
      <trkpt lat="-9.301112" lon="-77.592825">
        <ele>3137.8</ele>
      </trkpt>
      <trkpt lat="-9.3011" lon="-77.59278">
        <ele>3138.2</ele>
      </trkpt>
      <trkpt lat="-9.30109" lon="-77.592735">
        <ele>3138.4</ele>
      </trkpt>
      <trkpt lat="-9.30108" lon="-77.592697">
        <ele>3138.6</ele>
      </trkpt>
      <trkpt lat="-9.301072" lon="-77.592665">
        <ele>3138.8</ele>
      </trkpt>
      <trkpt lat="-9.301065" lon="-77.592645">
        <ele>3139</ele>
      </trkpt>
      <trkpt lat="-9.30106" lon="-77.592613">
        <ele>3139.2</ele>
      </trkpt>
      <trkpt lat="-9.301052" lon="-77.592588">
        <ele>3139.6</ele>
      </trkpt>
      <trkpt lat="-9.301045" lon="-77.592568">
        <ele>3139.6</ele>
      </trkpt>
      <trkpt lat="-9.301042" lon="-77.592543">
        <ele>3140.2</ele>
      </trkpt>
      <trkpt lat="-9.30104" lon="-77.592505">
        <ele>3140.6</ele>
      </trkpt>
      <trkpt lat="-9.301035" lon="-77.592473">
        <ele>3141</ele>
      </trkpt>
      <trkpt lat="-9.301025" lon="-77.592453">
        <ele>3141.2</ele>
      </trkpt>
      <trkpt lat="-9.301012" lon="-77.592422">
        <ele>3141.4</ele>
      </trkpt>
      <trkpt lat="-9.300997" lon="-77.592383">
        <ele>3141.6</ele>
      </trkpt>
      <trkpt lat="-9.300982" lon="-77.592358">
        <ele>3141.6</ele>
      </trkpt>
      <trkpt lat="-9.300965" lon="-77.592332">
        <ele>3141.6</ele>
      </trkpt>
      <trkpt lat="-9.300947" lon="-77.592293">
        <ele>3142</ele>
      </trkpt>
      <trkpt lat="-9.30093" lon="-77.592255">
        <ele>3142.4</ele>
      </trkpt>
      <trkpt lat="-9.300907" lon="-77.592217">
        <ele>3142.6</ele>
      </trkpt>
      <trkpt lat="-9.300887" lon="-77.592178">
        <ele>3142.6</ele>
      </trkpt>
      <trkpt lat="-9.300863" lon="-77.59214">
        <ele>3142.6</ele>
      </trkpt>
      <trkpt lat="-9.300847" lon="-77.592095">
        <ele>3142.6</ele>
      </trkpt>
      <trkpt lat="-9.300822" lon="-77.59205">
        <ele>3142.6</ele>
      </trkpt>
      <trkpt lat="-9.300807" lon="-77.592012">
        <ele>3143</ele>
      </trkpt>
      <trkpt lat="-9.300787" lon="-77.59196">
        <ele>3143.2</ele>
      </trkpt>
      <trkpt lat="-9.300763" lon="-77.591928">
        <ele>3143.4</ele>
      </trkpt>
      <trkpt lat="-9.300747" lon="-77.591878">
        <ele>3143.4</ele>
      </trkpt>
      <trkpt lat="-9.300727" lon="-77.591833">
        <ele>3143.6</ele>
      </trkpt>
      <trkpt lat="-9.300702" lon="-77.591788">
        <ele>3143.8</ele>
      </trkpt>
      <trkpt lat="-9.300688" lon="-77.591757">
        <ele>3144</ele>
      </trkpt>
      <trkpt lat="-9.300668" lon="-77.591712">
        <ele>3144.2</ele>
      </trkpt>
      <trkpt lat="-9.300655" lon="-77.591673">
        <ele>3144.4</ele>
      </trkpt>
      <trkpt lat="-9.300635" lon="-77.591635">
        <ele>3144.4</ele>
      </trkpt>
      <trkpt lat="-9.300613" lon="-77.591597">
        <ele>3144.6</ele>
      </trkpt>
      <trkpt lat="-9.300598" lon="-77.591563">
        <ele>3144.8</ele>
      </trkpt>
      <trkpt lat="-9.300585" lon="-77.591545">
        <ele>3144.8</ele>
      </trkpt>
      <trkpt lat="-9.30057" lon="-77.59152">
        <ele>3144.8</ele>
      </trkpt>
      <trkpt lat="-9.300558" lon="-77.5915">
        <ele>3144.8</ele>
      </trkpt>
      <trkpt lat="-9.300548" lon="-77.591475">
        <ele>3144.8</ele>
      </trkpt>
      <trkpt lat="-9.300535" lon="-77.591462">
        <ele>3144.8</ele>
      </trkpt>
      <trkpt lat="-9.300523" lon="-77.591437">
        <ele>3144.8</ele>
      </trkpt>
      <trkpt lat="-9.300505" lon="-77.591417">
        <ele>3144.8</ele>
      </trkpt>
      <trkpt lat="-9.300493" lon="-77.591385">
        <ele>3144.8</ele>
      </trkpt>
      <trkpt lat="-9.300483" lon="-77.591353">
        <ele>3145</ele>
      </trkpt>
      <trkpt lat="-9.300473" lon="-77.59132">
        <ele>3145.2</ele>
      </trkpt>
      <trkpt lat="-9.300463" lon="-77.591295">
        <ele>3145.2</ele>
      </trkpt>
      <trkpt lat="-9.300455" lon="-77.591257">
        <ele>3145.2</ele>
      </trkpt>
      <trkpt lat="-9.300448" lon="-77.591225">
        <ele>3145.4</ele>
      </trkpt>
      <trkpt lat="-9.30044" lon="-77.591187">
        <ele>3145.6</ele>
      </trkpt>
      <trkpt lat="-9.300435" lon="-77.591155">
        <ele>3145.6</ele>
      </trkpt>
      <trkpt lat="-9.30043" lon="-77.591117">
        <ele>3145.6</ele>
      </trkpt>
      <trkpt lat="-9.30042" lon="-77.591083">
        <ele>3145.6</ele>
      </trkpt>
      <trkpt lat="-9.300417" lon="-77.591045">
        <ele>3145.6</ele>
      </trkpt>
      <trkpt lat="-9.300405" lon="-77.591007">
        <ele>3145.8</ele>
      </trkpt>
      <trkpt lat="-9.300397" lon="-77.590975">
        <ele>3145.8</ele>
      </trkpt>
      <trkpt lat="-9.300382" lon="-77.590923">
        <ele>3146</ele>
      </trkpt>
      <trkpt lat="-9.300372" lon="-77.59088">
        <ele>3146.4</ele>
      </trkpt>
      <trkpt lat="-9.30036" lon="-77.59084">
        <ele>3146.6</ele>
      </trkpt>
      <trkpt lat="-9.300347" lon="-77.590808">
        <ele>3146.8</ele>
      </trkpt>
      <trkpt lat="-9.300332" lon="-77.590777">
        <ele>3147</ele>
      </trkpt>
      <trkpt lat="-9.30032" lon="-77.590725">
        <ele>3147.2</ele>
      </trkpt>
      <trkpt lat="-9.300305" lon="-77.59068">
        <ele>3147.4</ele>
      </trkpt>
      <trkpt lat="-9.300295" lon="-77.590637">
        <ele>3148</ele>
      </trkpt>
      <trkpt lat="-9.300285" lon="-77.590592">
        <ele>3148.2</ele>
      </trkpt>
      <trkpt lat="-9.300275" lon="-77.59054">
        <ele>3148.4</ele>
      </trkpt>
      <trkpt lat="-9.300265" lon="-77.590502">
        <ele>3148.4</ele>
      </trkpt>
      <trkpt lat="-9.300258" lon="-77.590463">
        <ele>3149</ele>
      </trkpt>
      <trkpt lat="-9.30025" lon="-77.590425">
        <ele>3149.2</ele>
      </trkpt>
      <trkpt lat="-9.300237" lon="-77.590367">
        <ele>3149.2</ele>
      </trkpt>
      <trkpt lat="-9.30023" lon="-77.590342">
        <ele>3150</ele>
      </trkpt>
      <trkpt lat="-9.30022" lon="-77.59029">
        <ele>3150.8</ele>
      </trkpt>
      <trkpt lat="-9.300212" lon="-77.590245">
        <ele>3151.2</ele>
      </trkpt>
      <trkpt lat="-9.300207" lon="-77.590227">
        <ele>3151.4</ele>
      </trkpt>
      <trkpt lat="-9.300207" lon="-77.590195">
        <ele>3151.8</ele>
      </trkpt>
      <trkpt lat="-9.300207" lon="-77.590168">
        <ele>3152</ele>
      </trkpt>
      <trkpt lat="-9.300207" lon="-77.590143">
        <ele>3152.2</ele>
      </trkpt>
      <trkpt lat="-9.300207" lon="-77.590123">
        <ele>3152.4</ele>
      </trkpt>
      <trkpt lat="-9.300197" lon="-77.590092">
        <ele>3152.8</ele>
      </trkpt>
      <trkpt lat="-9.300173" lon="-77.590085">
        <ele>3153</ele>
      </trkpt>
      <trkpt lat="-9.300157" lon="-77.59008">
        <ele>3153.2</ele>
      </trkpt>
      <trkpt lat="-9.300133" lon="-77.590085">
        <ele>3153.2</ele>
      </trkpt>
      <trkpt lat="-9.300108" lon="-77.590085">
        <ele>3153.2</ele>
      </trkpt>
      <trkpt lat="-9.300082" lon="-77.590092">
        <ele>3153.4</ele>
      </trkpt>
      <trkpt lat="-9.30006" lon="-77.590105">
        <ele>3153.4</ele>
      </trkpt>
      <trkpt lat="-9.300035" lon="-77.590105">
        <ele>3153.4</ele>
      </trkpt>
      <trkpt lat="-9.300013" lon="-77.590112">
        <ele>3154</ele>
      </trkpt>
      <trkpt lat="-9.299975" lon="-77.590112">
        <ele>3154.2</ele>
      </trkpt>
      <trkpt lat="-9.29994" lon="-77.590118">
        <ele>3154.4</ele>
      </trkpt>
      <trkpt lat="-9.299902" lon="-77.590118">
        <ele>3154.6</ele>
      </trkpt>
      <trkpt lat="-9.299868" lon="-77.590118">
        <ele>3155</ele>
      </trkpt>
      <trkpt lat="-9.299833" lon="-77.590112">
        <ele>3155</ele>
      </trkpt>
      <trkpt lat="-9.299798" lon="-77.590105">
        <ele>3154.8</ele>
      </trkpt>
      <trkpt lat="-9.299765" lon="-77.590105">
        <ele>3154.8</ele>
      </trkpt>
      <trkpt lat="-9.29973" lon="-77.590105">
        <ele>3154.8</ele>
      </trkpt>
      <trkpt lat="-9.299695" lon="-77.590092">
        <ele>3155</ele>
      </trkpt>
      <trkpt lat="-9.299657" lon="-77.590085">
        <ele>3155.2</ele>
      </trkpt>
      <trkpt lat="-9.29962" lon="-77.59008">
        <ele>3155.2</ele>
      </trkpt>
      <trkpt lat="-9.299585" lon="-77.590073">
        <ele>3155.4</ele>
      </trkpt>
      <trkpt lat="-9.299552" lon="-77.590053">
        <ele>3155.4</ele>
      </trkpt>
      <trkpt lat="-9.299517" lon="-77.590047">
        <ele>3155.4</ele>
      </trkpt>
      <trkpt lat="-9.299485" lon="-77.590028">
        <ele>3155.4</ele>
      </trkpt>
      <trkpt lat="-9.299453" lon="-77.590008">
        <ele>3155.6</ele>
      </trkpt>
      <trkpt lat="-9.299423" lon="-77.589997">
        <ele>3155.6</ele>
      </trkpt>
      <trkpt lat="-9.299397" lon="-77.58997">
        <ele>3155.8</ele>
      </trkpt>
      <trkpt lat="-9.299372" lon="-77.589945">
        <ele>3156</ele>
      </trkpt>
      <trkpt lat="-9.299348" lon="-77.58992">
        <ele>3156.4</ele>
      </trkpt>
      <trkpt lat="-9.299328" lon="-77.589907">
        <ele>3156.4</ele>
      </trkpt>
      <trkpt lat="-9.299308" lon="-77.58988">
        <ele>3156.6</ele>
      </trkpt>
      <trkpt lat="-9.299287" lon="-77.589848">
        <ele>3156.6</ele>
      </trkpt>
      <trkpt lat="-9.299263" lon="-77.589823">
        <ele>3157.6</ele>
      </trkpt>
      <trkpt lat="-9.299242" lon="-77.589792">
        <ele>3157.8</ele>
      </trkpt>
      <trkpt lat="-9.299218" lon="-77.589765">
        <ele>3157.8</ele>
      </trkpt>
      <trkpt lat="-9.299195" lon="-77.589753">
        <ele>3157.8</ele>
      </trkpt>
      <trkpt lat="-9.299175" lon="-77.589733">
        <ele>3158</ele>
      </trkpt>
      <trkpt lat="-9.299155" lon="-77.589727">
        <ele>3158</ele>
      </trkpt>
      <trkpt lat="-9.299137" lon="-77.58972">
        <ele>3158</ele>
      </trkpt>
      <trkpt lat="-9.299103" lon="-77.589715">
        <ele>3157.6</ele>
      </trkpt>
      <trkpt lat="-9.299085" lon="-77.589708">
        <ele>3157.2</ele>
      </trkpt>
      <trkpt lat="-9.29907" lon="-77.589695">
        <ele>3157</ele>
      </trkpt>
      <trkpt lat="-9.299052" lon="-77.589688">
        <ele>3157</ele>
      </trkpt>
      <trkpt lat="-9.299023" lon="-77.589682">
        <ele>3156.8</ele>
      </trkpt>
      <trkpt lat="-9.298995" lon="-77.58967">
        <ele>3156.8</ele>
      </trkpt>
      <trkpt lat="-9.29897" lon="-77.58965">
        <ele>3157.2</ele>
      </trkpt>
      <trkpt lat="-9.298952" lon="-77.589638">
        <ele>3157.2</ele>
      </trkpt>
      <trkpt lat="-9.29892" lon="-77.589625">
        <ele>3156.8</ele>
      </trkpt>
      <trkpt lat="-9.298905" lon="-77.589605">
        <ele>3156.6</ele>
      </trkpt>
      <trkpt lat="-9.298892" lon="-77.589593">
        <ele>3156.6</ele>
      </trkpt>
      <trkpt lat="-9.298878" lon="-77.589567">
        <ele>3156.6</ele>
      </trkpt>
      <trkpt lat="-9.298865" lon="-77.589548">
        <ele>3156.8</ele>
      </trkpt>
      <trkpt lat="-9.298858" lon="-77.589528">
        <ele>3156.8</ele>
      </trkpt>
      <trkpt lat="-9.298845" lon="-77.58951">
        <ele>3156.6</ele>
      </trkpt>
      <trkpt lat="-9.298838" lon="-77.589478">
        <ele>3156.6</ele>
      </trkpt>
      <trkpt lat="-9.298827" lon="-77.589452">
        <ele>3156.6</ele>
      </trkpt>
      <trkpt lat="-9.29881" lon="-77.589445">
        <ele>3156.6</ele>
      </trkpt>
      <trkpt lat="-9.298763" lon="-77.58944">
        <ele>3155.6</ele>
      </trkpt>
      <trkpt lat="-9.298732" lon="-77.589445">
        <ele>3155.4</ele>
      </trkpt>
      <trkpt lat="-9.298698" lon="-77.589452">
        <ele>3155.4</ele>
      </trkpt>
      <trkpt lat="-9.298667" lon="-77.589472">
        <ele>3155.6</ele>
      </trkpt>
      <trkpt lat="-9.298637" lon="-77.589483">
        <ele>3155.6</ele>
      </trkpt>
      <trkpt lat="-9.298603" lon="-77.589497">
        <ele>3155.8</ele>
      </trkpt>
      <trkpt lat="-9.298575" lon="-77.58951">
        <ele>3155.2</ele>
      </trkpt>
      <trkpt lat="-9.298545" lon="-77.58951">
        <ele>3154.8</ele>
      </trkpt>
      <trkpt lat="-9.298515" lon="-77.58951">
        <ele>3154.4</ele>
      </trkpt>
      <trkpt lat="-9.29848" lon="-77.589517">
        <ele>3154.2</ele>
      </trkpt>
      <trkpt lat="-9.298433" lon="-77.58951">
        <ele>3154.2</ele>
      </trkpt>
      <trkpt lat="-9.298403" lon="-77.589497">
        <ele>3154</ele>
      </trkpt>
      <trkpt lat="-9.298373" lon="-77.589483">
        <ele>3153.8</ele>
      </trkpt>
      <trkpt lat="-9.298352" lon="-77.589472">
        <ele>3153.6</ele>
      </trkpt>
      <trkpt lat="-9.298335" lon="-77.589458">
        <ele>3153</ele>
      </trkpt>
      <trkpt lat="-9.298332" lon="-77.589478">
        <ele>3152.4</ele>
      </trkpt>
      <trkpt lat="-9.298348" lon="-77.589497">
        <ele>3152.4</ele>
      </trkpt>
      <trkpt lat="-9.298365" lon="-77.589517">
        <ele>3152.4</ele>
      </trkpt>
      <trkpt lat="-9.298383" lon="-77.589522">
        <ele>3153</ele>
      </trkpt>
      <trkpt lat="-9.298403" lon="-77.589517">
        <ele>3152.8</ele>
      </trkpt>
      <trkpt lat="-9.298423" lon="-77.589522">
        <ele>3153</ele>
      </trkpt>
      <trkpt lat="-9.298405" lon="-77.589528">
        <ele>3153.6</ele>
      </trkpt>
      <trkpt lat="-9.29838" lon="-77.589528">
        <ele>3154.2</ele>
      </trkpt>
      <trkpt lat="-9.298345" lon="-77.589522">
        <ele>3154.2</ele>
      </trkpt>
      <trkpt lat="-9.298323" lon="-77.58951">
        <ele>3154.2</ele>
      </trkpt>
      <trkpt lat="-9.298303" lon="-77.589497">
        <ele>3154.2</ele>
      </trkpt>
      <trkpt lat="-9.29827" lon="-77.589478">
        <ele>3154.2</ele>
      </trkpt>
      <trkpt lat="-9.298242" lon="-77.589452">
        <ele>3154.2</ele>
      </trkpt>
      <trkpt lat="-9.29822" lon="-77.589433">
        <ele>3154</ele>
      </trkpt>
      <trkpt lat="-9.298192" lon="-77.589407">
        <ele>3153.6</ele>
      </trkpt>
      <trkpt lat="-9.298158" lon="-77.589368">
        <ele>3153.6</ele>
      </trkpt>
      <trkpt lat="-9.298137" lon="-77.589337">
        <ele>3153</ele>
      </trkpt>
      <trkpt lat="-9.298112" lon="-77.589298">
        <ele>3153</ele>
      </trkpt>
      <trkpt lat="-9.298088" lon="-77.58926">
        <ele>3152.8</ele>
      </trkpt>
      <trkpt lat="-9.298067" lon="-77.589215">
        <ele>3152.8</ele>
      </trkpt>
      <trkpt lat="-9.29804" lon="-77.589158">
        <ele>3152.6</ele>
      </trkpt>
      <trkpt lat="-9.298018" lon="-77.589113">
        <ele>3151.6</ele>
      </trkpt>
      <trkpt lat="-9.298" lon="-77.589062">
        <ele>3151.4</ele>
      </trkpt>
      <trkpt lat="-9.29798" lon="-77.58901">
        <ele>3151.4</ele>
      </trkpt>
      <trkpt lat="-9.297967" lon="-77.588972">
        <ele>3151</ele>
      </trkpt>
      <trkpt lat="-9.297953" lon="-77.588933">
        <ele>3150.8</ele>
      </trkpt>
      <trkpt lat="-9.297938" lon="-77.588902">
        <ele>3150.4</ele>
      </trkpt>
      <trkpt lat="-9.297918" lon="-77.588888">
        <ele>3150.2</ele>
      </trkpt>
      <trkpt lat="-9.297895" lon="-77.588888">
        <ele>3149.6</ele>
      </trkpt>
      <trkpt lat="-9.297873" lon="-77.588902">
        <ele>3148.6</ele>
      </trkpt>
      <trkpt lat="-9.297863" lon="-77.58892">
        <ele>3148.4</ele>
      </trkpt>
      <trkpt lat="-9.297862" lon="-77.58894">
        <ele>3148.2</ele>
      </trkpt>
      <trkpt lat="-9.297868" lon="-77.588965">
        <ele>3148.6</ele>
      </trkpt>
      <trkpt lat="-9.297875" lon="-77.588992">
        <ele>3148.6</ele>
      </trkpt>
      <trkpt lat="-9.297883" lon="-77.58903">
        <ele>3148.4</ele>
      </trkpt>
      <trkpt lat="-9.297892" lon="-77.589048">
        <ele>3147.4</ele>
      </trkpt>
      <trkpt lat="-9.2979" lon="-77.589075">
        <ele>3146.8</ele>
      </trkpt>
      <trkpt lat="-9.297913" lon="-77.589113">
        <ele>3146.4</ele>
      </trkpt>
      <trkpt lat="-9.297927" lon="-77.589138">
        <ele>3146.4</ele>
      </trkpt>
      <trkpt lat="-9.297943" lon="-77.589177">
        <ele>3146</ele>
      </trkpt>
      <trkpt lat="-9.297962" lon="-77.589208">
        <ele>3145.6</ele>
      </trkpt>
      <trkpt lat="-9.29798" lon="-77.58924">
        <ele>3145.2</ele>
      </trkpt>
      <trkpt lat="-9.298" lon="-77.58928">
        <ele>3144.2</ele>
      </trkpt>
      <trkpt lat="-9.298008" lon="-77.589312">
        <ele>3143.8</ele>
      </trkpt>
      <trkpt lat="-9.298017" lon="-77.589337">
        <ele>3143.4</ele>
      </trkpt>
      <trkpt lat="-9.298013" lon="-77.589357">
        <ele>3142.6</ele>
      </trkpt>
      <trkpt lat="-9.298007" lon="-77.589395">
        <ele>3142.2</ele>
      </trkpt>
      <trkpt lat="-9.298" lon="-77.589413">
        <ele>3141.8</ele>
      </trkpt>
      <trkpt lat="-9.297997" lon="-77.58944">
        <ele>3141.8</ele>
      </trkpt>
      <trkpt lat="-9.298007" lon="-77.589458">
        <ele>3142.6</ele>
      </trkpt>
      <trkpt lat="-9.297987" lon="-77.589517">
        <ele>3145.4</ele>
      </trkpt>
      <trkpt lat="-9.297978" lon="-77.589497">
        <ele>3146</ele>
      </trkpt>
      <trkpt lat="-9.297953" lon="-77.589478">
        <ele>3145</ele>
      </trkpt>
      <trkpt lat="-9.297937" lon="-77.589452">
        <ele>3145</ele>
      </trkpt>
      <trkpt lat="-9.297922" lon="-77.58944">
        <ele>3145.2</ele>
      </trkpt>
      <trkpt lat="-9.297908" lon="-77.589413">
        <ele>3145.2</ele>
      </trkpt>
      <trkpt lat="-9.297888" lon="-77.589388">
        <ele>3145.2</ele>
      </trkpt>
      <trkpt lat="-9.297867" lon="-77.58935">
        <ele>3144.8</ele>
      </trkpt>
      <trkpt lat="-9.297845" lon="-77.589312">
        <ele>3143.8</ele>
      </trkpt>
      <trkpt lat="-9.297828" lon="-77.58926">
        <ele>3143.4</ele>
      </trkpt>
      <trkpt lat="-9.297808" lon="-77.589215">
        <ele>3143.2</ele>
      </trkpt>
      <trkpt lat="-9.297788" lon="-77.58917">
        <ele>3142.8</ele>
      </trkpt>
      <trkpt lat="-9.297768" lon="-77.589125">
        <ele>3142.8</ele>
      </trkpt>
      <trkpt lat="-9.29775" lon="-77.589087">
        <ele>3142.6</ele>
      </trkpt>
      <trkpt lat="-9.297735" lon="-77.589048">
        <ele>3142.6</ele>
      </trkpt>
      <trkpt lat="-9.29771" lon="-77.588998">
        <ele>3142.6</ele>
      </trkpt>
      <trkpt lat="-9.2977" lon="-77.588953">
        <ele>3142.4</ele>
      </trkpt>
      <trkpt lat="-9.297688" lon="-77.588895">
        <ele>3142.2</ele>
      </trkpt>
      <trkpt lat="-9.29768" lon="-77.588843">
        <ele>3141.8</ele>
      </trkpt>
      <trkpt lat="-9.297677" lon="-77.588793">
        <ele>3141.4</ele>
      </trkpt>
      <trkpt lat="-9.297677" lon="-77.588735">
        <ele>3140.6</ele>
      </trkpt>
      <trkpt lat="-9.29768" lon="-77.58869">
        <ele>3140.2</ele>
      </trkpt>
      <trkpt lat="-9.297683" lon="-77.588645">
        <ele>3140</ele>
      </trkpt>
      <trkpt lat="-9.297695" lon="-77.5886">
        <ele>3139.4</ele>
      </trkpt>
      <trkpt lat="-9.297703" lon="-77.588562">
        <ele>3139.2</ele>
      </trkpt>
      <trkpt lat="-9.297715" lon="-77.58853">
        <ele>3138.8</ele>
      </trkpt>
      <trkpt lat="-9.297728" lon="-77.588498">
        <ele>3138.6</ele>
      </trkpt>
      <trkpt lat="-9.297737" lon="-77.58848">
        <ele>3138.2</ele>
      </trkpt>
      <trkpt lat="-9.297745" lon="-77.58844">
        <ele>3138</ele>
      </trkpt>
      <trkpt lat="-9.29775" lon="-77.588402">
        <ele>3137.6</ele>
      </trkpt>
      <trkpt lat="-9.297765" lon="-77.58837">
        <ele>3137</ele>
      </trkpt>
      <trkpt lat="-9.297778" lon="-77.588332">
        <ele>3136.8</ele>
      </trkpt>
      <trkpt lat="-9.29779" lon="-77.588293">
        <ele>3136.8</ele>
      </trkpt>
      <trkpt lat="-9.297805" lon="-77.588255">
        <ele>3136.6</ele>
      </trkpt>
      <trkpt lat="-9.297822" lon="-77.588203">
        <ele>3136.6</ele>
      </trkpt>
      <trkpt lat="-9.297835" lon="-77.58816">
        <ele>3136.2</ele>
      </trkpt>
      <trkpt lat="-9.29784" lon="-77.588108">
        <ele>3135.8</ele>
      </trkpt>
      <trkpt lat="-9.297843" lon="-77.588082">
        <ele>3135.6</ele>
      </trkpt>
      <trkpt lat="-9.297858" lon="-77.58805">
        <ele>3135.4</ele>
      </trkpt>
      <trkpt lat="-9.297863" lon="-77.588012">
        <ele>3134.8</ele>
      </trkpt>
      <trkpt lat="-9.297867" lon="-77.587967">
        <ele>3134.6</ele>
      </trkpt>
      <trkpt lat="-9.297863" lon="-77.587928">
        <ele>3134.6</ele>
      </trkpt>
      <trkpt lat="-9.29786" lon="-77.58789">
        <ele>3134.8</ele>
      </trkpt>
      <trkpt lat="-9.297848" lon="-77.587852">
        <ele>3134.8</ele>
      </trkpt>
      <trkpt lat="-9.297825" lon="-77.58782">
        <ele>3133.8</ele>
      </trkpt>
      <trkpt lat="-9.297798" lon="-77.5878">
        <ele>3133.8</ele>
      </trkpt>
      <trkpt lat="-9.29777" lon="-77.587782">
        <ele>3133.6</ele>
      </trkpt>
      <trkpt lat="-9.29774" lon="-77.587775">
        <ele>3133.2</ele>
      </trkpt>
      <trkpt lat="-9.297703" lon="-77.58775">
        <ele>3133.2</ele>
      </trkpt>
      <trkpt lat="-9.29767" lon="-77.587723">
        <ele>3132.6</ele>
      </trkpt>
      <trkpt lat="-9.297643" lon="-77.587692">
        <ele>3132.2</ele>
      </trkpt>
      <trkpt lat="-9.297625" lon="-77.58766">
        <ele>3132</ele>
      </trkpt>
      <trkpt lat="-9.29761" lon="-77.587628">
        <ele>3131.6</ele>
      </trkpt>
      <trkpt lat="-9.29758" lon="-77.58759">
        <ele>3130.6</ele>
      </trkpt>
      <trkpt lat="-9.297552" lon="-77.587552">
        <ele>3129.8</ele>
      </trkpt>
      <trkpt lat="-9.297527" lon="-77.587525">
        <ele>3129.4</ele>
      </trkpt>
      <trkpt lat="-9.29751" lon="-77.587493">
        <ele>3128.8</ele>
      </trkpt>
      <trkpt lat="-9.29749" lon="-77.587468">
        <ele>3128.2</ele>
      </trkpt>
      <trkpt lat="-9.297458" lon="-77.587442">
        <ele>3127.4</ele>
      </trkpt>
      <trkpt lat="-9.29743" lon="-77.587417">
        <ele>3127</ele>
      </trkpt>
      <trkpt lat="-9.297402" lon="-77.587385">
        <ele>3126.4</ele>
      </trkpt>
      <trkpt lat="-9.29738" lon="-77.587353">
        <ele>3125.8</ele>
      </trkpt>
      <trkpt lat="-9.297362" lon="-77.58734">
        <ele>3125.8</ele>
      </trkpt>
      <trkpt lat="-9.297343" lon="-77.587327">
        <ele>3125.4</ele>
      </trkpt>
      <trkpt lat="-9.297327" lon="-77.587308">
        <ele>3125</ele>
      </trkpt>
      <trkpt lat="-9.297302" lon="-77.587302">
        <ele>3123.8</ele>
      </trkpt>
      <trkpt lat="-9.29728" lon="-77.587288">
        <ele>3123.4</ele>
      </trkpt>
      <trkpt lat="-9.29726" lon="-77.58727">
        <ele>3123</ele>
      </trkpt>
      <trkpt lat="-9.297227" lon="-77.587263">
        <ele>3122</ele>
      </trkpt>
      <trkpt lat="-9.297207" lon="-77.587263">
        <ele>3121.8</ele>
      </trkpt>
      <trkpt lat="-9.297182" lon="-77.587263">
        <ele>3121.8</ele>
      </trkpt>
      <trkpt lat="-9.297155" lon="-77.58727">
        <ele>3121.2</ele>
      </trkpt>
      <trkpt lat="-9.297133" lon="-77.587288">
        <ele>3121</ele>
      </trkpt>
      <trkpt lat="-9.2971" lon="-77.587295">
        <ele>3120.6</ele>
      </trkpt>
      <trkpt lat="-9.297068" lon="-77.587302">
        <ele>3120.4</ele>
      </trkpt>
      <trkpt lat="-9.297023" lon="-77.587302">
        <ele>3120</ele>
      </trkpt>
      <trkpt lat="-9.296977" lon="-77.587295">
        <ele>3119.6</ele>
      </trkpt>
      <trkpt lat="-9.29693" lon="-77.587288">
        <ele>3119.4</ele>
      </trkpt>
      <trkpt lat="-9.296885" lon="-77.587282">
        <ele>3118.8</ele>
      </trkpt>
      <trkpt lat="-9.296838" lon="-77.587263">
        <ele>3118.6</ele>
      </trkpt>
      <trkpt lat="-9.296792" lon="-77.58725">
        <ele>3118.2</ele>
      </trkpt>
      <trkpt lat="-9.296747" lon="-77.587243">
        <ele>3118.2</ele>
      </trkpt>
      <trkpt lat="-9.296705" lon="-77.587225">
        <ele>3118.8</ele>
      </trkpt>
      <trkpt lat="-9.296663" lon="-77.587212">
        <ele>3118.8</ele>
      </trkpt>
      <trkpt lat="-9.296628" lon="-77.587187">
        <ele>3118.8</ele>
      </trkpt>
      <trkpt lat="-9.296598" lon="-77.587173">
        <ele>3119</ele>
      </trkpt>
      <trkpt lat="-9.296573" lon="-77.587148">
        <ele>3119.2</ele>
      </trkpt>
      <trkpt lat="-9.296548" lon="-77.587135">
        <ele>3119.2</ele>
      </trkpt>
      <trkpt lat="-9.296527" lon="-77.58711">
        <ele>3119.8</ele>
      </trkpt>
      <trkpt lat="-9.296495" lon="-77.58709">
        <ele>3119.8</ele>
      </trkpt>
      <trkpt lat="-9.296458" lon="-77.587083">
        <ele>3120</ele>
      </trkpt>
      <trkpt lat="-9.296428" lon="-77.587072">
        <ele>3120.2</ele>
      </trkpt>
      <trkpt lat="-9.296388" lon="-77.587058">
        <ele>3120.2</ele>
      </trkpt>
      <trkpt lat="-9.29635" lon="-77.587033">
        <ele>3120.2</ele>
      </trkpt>
      <trkpt lat="-9.296318" lon="-77.587013">
        <ele>3120</ele>
      </trkpt>
      <trkpt lat="-9.29629" lon="-77.586988">
        <ele>3120</ele>
      </trkpt>
      <trkpt lat="-9.296263" lon="-77.586957">
        <ele>3120</ele>
      </trkpt>
      <trkpt lat="-9.296232" lon="-77.586943">
        <ele>3120</ele>
      </trkpt>
      <trkpt lat="-9.296203" lon="-77.586937">
        <ele>3119.8</ele>
      </trkpt>
      <trkpt lat="-9.296177" lon="-77.586937">
        <ele>3119.4</ele>
      </trkpt>
      <trkpt lat="-9.296145" lon="-77.586943">
        <ele>3119.2</ele>
      </trkpt>
      <trkpt lat="-9.296118" lon="-77.586937">
        <ele>3118.8</ele>
      </trkpt>
      <trkpt lat="-9.296085" lon="-77.586937">
        <ele>3118.8</ele>
      </trkpt>
      <trkpt lat="-9.296055" lon="-77.586937">
        <ele>3119</ele>
      </trkpt>
      <trkpt lat="-9.296012" lon="-77.586923">
        <ele>3119</ele>
      </trkpt>
      <trkpt lat="-9.295973" lon="-77.586923">
        <ele>3118.8</ele>
      </trkpt>
      <trkpt lat="-9.29592" lon="-77.586898">
        <ele>3118.8</ele>
      </trkpt>
      <trkpt lat="-9.295882" lon="-77.586885">
        <ele>3117.8</ele>
      </trkpt>
      <trkpt lat="-9.295852" lon="-77.586867">
        <ele>3117.6</ele>
      </trkpt>
      <trkpt lat="-9.295823" lon="-77.586853">
        <ele>3117.2</ele>
      </trkpt>
      <trkpt lat="-9.295798" lon="-77.586853">
        <ele>3116.8</ele>
      </trkpt>
      <trkpt lat="-9.29576" lon="-77.586853">
        <ele>3116.8</ele>
      </trkpt>
      <trkpt lat="-9.295722" lon="-77.586853">
        <ele>3116.8</ele>
      </trkpt>
      <trkpt lat="-9.295682" lon="-77.586853">
        <ele>3116.2</ele>
      </trkpt>
      <trkpt lat="-9.29564" lon="-77.58686">
        <ele>3116</ele>
      </trkpt>
      <trkpt lat="-9.295598" lon="-77.586847">
        <ele>3116</ele>
      </trkpt>
      <trkpt lat="-9.295568" lon="-77.586835">
        <ele>3115.8</ele>
      </trkpt>
      <trkpt lat="-9.29553" lon="-77.586815">
        <ele>3115</ele>
      </trkpt>
      <trkpt lat="-9.295503" lon="-77.586797">
        <ele>3114.2</ele>
      </trkpt>
      <trkpt lat="-9.295487" lon="-77.586783">
        <ele>3114.2</ele>
      </trkpt>
      <trkpt lat="-9.29546" lon="-77.58677">
        <ele>3113.8</ele>
      </trkpt>
      <trkpt lat="-9.295445" lon="-77.586752">
        <ele>3113.6</ele>
      </trkpt>
      <trkpt lat="-9.295425" lon="-77.586732">
        <ele>3113.4</ele>
      </trkpt>
      <trkpt lat="-9.29541" lon="-77.5867">
        <ele>3113.2</ele>
      </trkpt>
      <trkpt lat="-9.29539" lon="-77.586668">
        <ele>3112.8</ele>
      </trkpt>
      <trkpt lat="-9.295377" lon="-77.586637">
        <ele>3112.6</ele>
      </trkpt>
      <trkpt lat="-9.295367" lon="-77.586617">
        <ele>3112.6</ele>
      </trkpt>
      <trkpt lat="-9.295362" lon="-77.586585">
        <ele>3112.6</ele>
      </trkpt>
      <trkpt lat="-9.29536" lon="-77.58656">
        <ele>3112.6</ele>
      </trkpt>
      <trkpt lat="-9.295338" lon="-77.586533">
        <ele>3112.4</ele>
      </trkpt>
      <trkpt lat="-9.295312" lon="-77.586515">
        <ele>3112.4</ele>
      </trkpt>
      <trkpt lat="-9.295292" lon="-77.586508">
        <ele>3112.4</ele>
      </trkpt>
      <trkpt lat="-9.295268" lon="-77.586502">
        <ele>3112.2</ele>
      </trkpt>
      <trkpt lat="-9.295222" lon="-77.586477">
        <ele>3112</ele>
      </trkpt>
      <trkpt lat="-9.295187" lon="-77.58645">
        <ele>3111.6</ele>
      </trkpt>
      <trkpt lat="-9.295162" lon="-77.586425">
        <ele>3111.4</ele>
      </trkpt>
      <trkpt lat="-9.295133" lon="-77.586393">
        <ele>3110.8</ele>
      </trkpt>
      <trkpt lat="-9.295095" lon="-77.58636">
        <ele>3110.6</ele>
      </trkpt>
      <trkpt lat="-9.295062" lon="-77.586342">
        <ele>3110.6</ele>
      </trkpt>
      <trkpt lat="-9.295028" lon="-77.586303">
        <ele>3110</ele>
      </trkpt>
      <trkpt lat="-9.294993" lon="-77.586258">
        <ele>3110</ele>
      </trkpt>
      <trkpt lat="-9.29496" lon="-77.586227">
        <ele>3109.8</ele>
      </trkpt>
      <trkpt lat="-9.294925" lon="-77.586195">
        <ele>3109.2</ele>
      </trkpt>
      <trkpt lat="-9.294888" lon="-77.586157">
        <ele>3109</ele>
      </trkpt>
      <trkpt lat="-9.29485" lon="-77.58613">
        <ele>3108.8</ele>
      </trkpt>
      <trkpt lat="-9.294815" lon="-77.586105">
        <ele>3108.2</ele>
      </trkpt>
      <trkpt lat="-9.294775" lon="-77.586073">
        <ele>3108.2</ele>
      </trkpt>
      <trkpt lat="-9.29474" lon="-77.58606">
        <ele>3108</ele>
      </trkpt>
      <trkpt lat="-9.294692" lon="-77.586022">
        <ele>3107.8</ele>
      </trkpt>
      <trkpt lat="-9.294657" lon="-77.58599">
        <ele>3107.6</ele>
      </trkpt>
      <trkpt lat="-9.29461" lon="-77.585945">
        <ele>3107.2</ele>
      </trkpt>
      <trkpt lat="-9.294578" lon="-77.585913">
        <ele>3107</ele>
      </trkpt>
      <trkpt lat="-9.294538" lon="-77.585868">
        <ele>3106.6</ele>
      </trkpt>
      <trkpt lat="-9.294508" lon="-77.58583">
        <ele>3106.4</ele>
      </trkpt>
      <trkpt lat="-9.294483" lon="-77.585785">
        <ele>3106.6</ele>
      </trkpt>
      <trkpt lat="-9.29446" lon="-77.585747">
        <ele>3106.2</ele>
      </trkpt>
      <trkpt lat="-9.294433" lon="-77.585708">
        <ele>3106.4</ele>
      </trkpt>
      <trkpt lat="-9.294408" lon="-77.585677">
        <ele>3106.4</ele>
      </trkpt>
      <trkpt lat="-9.294382" lon="-77.585638">
        <ele>3106.4</ele>
      </trkpt>
      <trkpt lat="-9.294355" lon="-77.5856">
        <ele>3106</ele>
      </trkpt>
      <trkpt lat="-9.294328" lon="-77.58556">
        <ele>3106.2</ele>
      </trkpt>
      <trkpt lat="-9.294303" lon="-77.585522">
        <ele>3105.6</ele>
      </trkpt>
      <trkpt lat="-9.294288" lon="-77.585497">
        <ele>3105.4</ele>
      </trkpt>
      <trkpt lat="-9.294273" lon="-77.585465">
        <ele>3104.8</ele>
      </trkpt>
      <trkpt lat="-9.294258" lon="-77.585433">
        <ele>3104.6</ele>
      </trkpt>
      <trkpt lat="-9.294243" lon="-77.585407">
        <ele>3104.4</ele>
      </trkpt>
      <trkpt lat="-9.294223" lon="-77.585382">
        <ele>3104.4</ele>
      </trkpt>
      <trkpt lat="-9.294203" lon="-77.58535">
        <ele>3103.8</ele>
      </trkpt>
      <trkpt lat="-9.29418" lon="-77.585323">
        <ele>3103.8</ele>
      </trkpt>
      <trkpt lat="-9.294155" lon="-77.585298">
        <ele>3103.4</ele>
      </trkpt>
      <trkpt lat="-9.294128" lon="-77.585267">
        <ele>3102.8</ele>
      </trkpt>
      <trkpt lat="-9.294107" lon="-77.585247">
        <ele>3102.6</ele>
      </trkpt>
      <trkpt lat="-9.294082" lon="-77.585228">
        <ele>3102.6</ele>
      </trkpt>
      <trkpt lat="-9.294057" lon="-77.585208">
        <ele>3102.4</ele>
      </trkpt>
      <trkpt lat="-9.294038" lon="-77.585183">
        <ele>3101.6</ele>
      </trkpt>
      <trkpt lat="-9.294005" lon="-77.585152">
        <ele>3101.6</ele>
      </trkpt>
      <trkpt lat="-9.293985" lon="-77.58512">
        <ele>3101.2</ele>
      </trkpt>
      <trkpt lat="-9.29397" lon="-77.585087">
        <ele>3101.2</ele>
      </trkpt>
      <trkpt lat="-9.293958" lon="-77.585048">
        <ele>3101.2</ele>
      </trkpt>
      <trkpt lat="-9.293952" lon="-77.58503">
        <ele>3101.2</ele>
      </trkpt>
      <trkpt lat="-9.293945" lon="-77.584998">
        <ele>3100.6</ele>
      </trkpt>
      <trkpt lat="-9.293937" lon="-77.584965">
        <ele>3100.2</ele>
      </trkpt>
      <trkpt lat="-9.293912" lon="-77.58494">
        <ele>3099.4</ele>
      </trkpt>
      <trkpt lat="-9.293885" lon="-77.58492">
        <ele>3099.2</ele>
      </trkpt>
      <trkpt lat="-9.293857" lon="-77.584902">
        <ele>3098.8</ele>
      </trkpt>
      <trkpt lat="-9.293827" lon="-77.584877">
        <ele>3098.4</ele>
      </trkpt>
      <trkpt lat="-9.2938" lon="-77.58485">
        <ele>3097.8</ele>
      </trkpt>
      <trkpt lat="-9.293772" lon="-77.584825">
        <ele>3097.4</ele>
      </trkpt>
      <trkpt lat="-9.293753" lon="-77.584793">
        <ele>3096.8</ele>
      </trkpt>
      <trkpt lat="-9.293742" lon="-77.58476">
        <ele>3096.4</ele>
      </trkpt>
      <trkpt lat="-9.29374" lon="-77.584722">
        <ele>3096.4</ele>
      </trkpt>
      <trkpt lat="-9.293738" lon="-77.58469">
        <ele>3096.2</ele>
      </trkpt>
      <trkpt lat="-9.293732" lon="-77.584652">
        <ele>3095.6</ele>
      </trkpt>
      <trkpt lat="-9.29372" lon="-77.584627">
        <ele>3095.2</ele>
      </trkpt>
      <trkpt lat="-9.293707" lon="-77.5846">
        <ele>3094.8</ele>
      </trkpt>
      <trkpt lat="-9.293687" lon="-77.584588">
        <ele>3094.6</ele>
      </trkpt>
      <trkpt lat="-9.293662" lon="-77.584568">
        <ele>3094.6</ele>
      </trkpt>
      <trkpt lat="-9.293635" lon="-77.584543">
        <ele>3094.6</ele>
      </trkpt>
      <trkpt lat="-9.293618" lon="-77.584518">
        <ele>3094.8</ele>
      </trkpt>
      <trkpt lat="-9.2936" lon="-77.58448">
        <ele>3095.2</ele>
      </trkpt>
      <trkpt lat="-9.29359" lon="-77.584447">
        <ele>3095.2</ele>
      </trkpt>
      <trkpt lat="-9.29358" lon="-77.584408">
        <ele>3094.4</ele>
      </trkpt>
      <trkpt lat="-9.293568" lon="-77.58437">
        <ele>3094.2</ele>
      </trkpt>
      <trkpt lat="-9.29355" lon="-77.584325">
        <ele>3093.6</ele>
      </trkpt>
      <trkpt lat="-9.293533" lon="-77.58428">
        <ele>3093.4</ele>
      </trkpt>
      <trkpt lat="-9.293515" lon="-77.584248">
        <ele>3093.2</ele>
      </trkpt>
      <trkpt lat="-9.293485" lon="-77.584203">
        <ele>3092.8</ele>
      </trkpt>
      <trkpt lat="-9.293445" lon="-77.584153">
        <ele>3092.8</ele>
      </trkpt>
      <trkpt lat="-9.293415" lon="-77.58412">
        <ele>3092.8</ele>
      </trkpt>
      <trkpt lat="-9.29338" lon="-77.584077">
        <ele>3092.6</ele>
      </trkpt>
      <trkpt lat="-9.293345" lon="-77.584025">
        <ele>3092.4</ele>
      </trkpt>
      <trkpt lat="-9.29332" lon="-77.583993">
        <ele>3091.8</ele>
      </trkpt>
      <trkpt lat="-9.293292" lon="-77.583955">
        <ele>3091.4</ele>
      </trkpt>
      <trkpt lat="-9.293262" lon="-77.583922">
        <ele>3090.6</ele>
      </trkpt>
      <trkpt lat="-9.293232" lon="-77.58389">
        <ele>3089.6</ele>
      </trkpt>
      <trkpt lat="-9.2932" lon="-77.583872">
        <ele>3089.4</ele>
      </trkpt>
      <trkpt lat="-9.293173" lon="-77.583845">
        <ele>3089.2</ele>
      </trkpt>
      <trkpt lat="-9.29314" lon="-77.583833">
        <ele>3088.8</ele>
      </trkpt>
      <trkpt lat="-9.293103" lon="-77.583807">
        <ele>3088.8</ele>
      </trkpt>
      <trkpt lat="-9.29306" lon="-77.583768">
        <ele>3088.8</ele>
      </trkpt>
      <trkpt lat="-9.293018" lon="-77.58373">
        <ele>3088.8</ele>
      </trkpt>
      <trkpt lat="-9.292978" lon="-77.583685">
        <ele>3088.8</ele>
      </trkpt>
      <trkpt lat="-9.292953" lon="-77.583647">
        <ele>3088.4</ele>
      </trkpt>
      <trkpt lat="-9.292922" lon="-77.583608">
        <ele>3087.8</ele>
      </trkpt>
      <trkpt lat="-9.292883" lon="-77.583558">
        <ele>3087.8</ele>
      </trkpt>
      <trkpt lat="-9.292855" lon="-77.58352">
        <ele>3087.6</ele>
      </trkpt>
      <trkpt lat="-9.292825" lon="-77.583487">
        <ele>3087.4</ele>
      </trkpt>
      <trkpt lat="-9.292793" lon="-77.583448">
        <ele>3087.2</ele>
      </trkpt>
      <trkpt lat="-9.292757" lon="-77.58341">
        <ele>3086.6</ele>
      </trkpt>
      <trkpt lat="-9.292723" lon="-77.583365">
        <ele>3086.4</ele>
      </trkpt>
      <trkpt lat="-9.292695" lon="-77.583327">
        <ele>3086</ele>
      </trkpt>
      <trkpt lat="-9.292667" lon="-77.583282">
        <ele>3085.4</ele>
      </trkpt>
      <trkpt lat="-9.292652" lon="-77.583238">
        <ele>3084.8</ele>
      </trkpt>
      <trkpt lat="-9.292647" lon="-77.583193">
        <ele>3084.8</ele>
      </trkpt>
      <trkpt lat="-9.292647" lon="-77.583142">
        <ele>3084.6</ele>
      </trkpt>
      <trkpt lat="-9.29266" lon="-77.583103">
        <ele>3084.6</ele>
      </trkpt>
      <trkpt lat="-9.29268" lon="-77.583072">
        <ele>3084.6</ele>
      </trkpt>
      <trkpt lat="-9.292703" lon="-77.583033">
        <ele>3084.2</ele>
      </trkpt>
      <trkpt lat="-9.292717" lon="-77.582995">
        <ele>3083.8</ele>
      </trkpt>
      <trkpt lat="-9.292732" lon="-77.582962">
        <ele>3083.2</ele>
      </trkpt>
      <trkpt lat="-9.292745" lon="-77.58293">
        <ele>3082.6</ele>
      </trkpt>
      <trkpt lat="-9.292757" lon="-77.582898">
        <ele>3082.4</ele>
      </trkpt>
      <trkpt lat="-9.292765" lon="-77.58286">
        <ele>3082.4</ele>
      </trkpt>
      <trkpt lat="-9.29278" lon="-77.582815">
        <ele>3082</ele>
      </trkpt>
      <trkpt lat="-9.292795" lon="-77.58277">
        <ele>3081.4</ele>
      </trkpt>
      <trkpt lat="-9.29281" lon="-77.582732">
        <ele>3081.4</ele>
      </trkpt>
      <trkpt lat="-9.292835" lon="-77.58268">
        <ele>3081.2</ele>
      </trkpt>
      <trkpt lat="-9.29285" lon="-77.582642">
        <ele>3081.2</ele>
      </trkpt>
      <trkpt lat="-9.292865" lon="-77.58261">
        <ele>3080.8</ele>
      </trkpt>
      <trkpt lat="-9.29288" lon="-77.582585">
        <ele>3080.6</ele>
      </trkpt>
      <trkpt lat="-9.292888" lon="-77.582565">
        <ele>3080.6</ele>
      </trkpt>
      <trkpt lat="-9.292898" lon="-77.582547">
        <ele>3080.2</ele>
      </trkpt>
      <trkpt lat="-9.2929" lon="-77.582508">
        <ele>3080</ele>
      </trkpt>
      <trkpt lat="-9.292898" lon="-77.582482">
        <ele>3079.6</ele>
      </trkpt>
      <trkpt lat="-9.29289" lon="-77.582463">
        <ele>3079.6</ele>
      </trkpt>
      <trkpt lat="-9.29288" lon="-77.582438">
        <ele>3079.6</ele>
      </trkpt>
      <trkpt lat="-9.292858" lon="-77.582418">
        <ele>3079.6</ele>
      </trkpt>
      <trkpt lat="-9.292828" lon="-77.5824">
        <ele>3079.4</ele>
      </trkpt>
      <trkpt lat="-9.292803" lon="-77.582387">
        <ele>3079</ele>
      </trkpt>
      <trkpt lat="-9.292785" lon="-77.5824">
        <ele>3078.8</ele>
      </trkpt>
      <trkpt lat="-9.292757" lon="-77.5824">
        <ele>3078.8</ele>
      </trkpt>
      <trkpt lat="-9.292732" lon="-77.58238">
        <ele>3078.8</ele>
      </trkpt>
      <trkpt lat="-9.29271" lon="-77.582373">
        <ele>3078.6</ele>
      </trkpt>
      <trkpt lat="-9.29268" lon="-77.582367">
        <ele>3078.4</ele>
      </trkpt>
      <trkpt lat="-9.292655" lon="-77.582367">
        <ele>3078</ele>
      </trkpt>
      <trkpt lat="-9.292622" lon="-77.582367">
        <ele>3077.8</ele>
      </trkpt>
      <trkpt lat="-9.292597" lon="-77.582367">
        <ele>3077.6</ele>
      </trkpt>
      <trkpt lat="-9.29257" lon="-77.582373">
        <ele>3077.2</ele>
      </trkpt>
      <trkpt lat="-9.29254" lon="-77.582373">
        <ele>3077</ele>
      </trkpt>
      <trkpt lat="-9.29252" lon="-77.582373">
        <ele>3076.8</ele>
      </trkpt>
      <trkpt lat="-9.292502" lon="-77.582367">
        <ele>3076.6</ele>
      </trkpt>
      <trkpt lat="-9.292485" lon="-77.582373">
        <ele>3076.4</ele>
      </trkpt>
      <trkpt lat="-9.292467" lon="-77.582387">
        <ele>3076.4</ele>
      </trkpt>
      <trkpt lat="-9.292447" lon="-77.5824">
        <ele>3076.4</ele>
      </trkpt>
      <trkpt lat="-9.292427" lon="-77.582412">
        <ele>3076.4</ele>
      </trkpt>
      <trkpt lat="-9.292402" lon="-77.582412">
        <ele>3076.2</ele>
      </trkpt>
      <trkpt lat="-9.292378" lon="-77.582418">
        <ele>3076.2</ele>
      </trkpt>
      <trkpt lat="-9.292353" lon="-77.582418">
        <ele>3076.2</ele>
      </trkpt>
      <trkpt lat="-9.292323" lon="-77.582418">
        <ele>3076</ele>
      </trkpt>
      <trkpt lat="-9.292298" lon="-77.582418">
        <ele>3076</ele>
      </trkpt>
      <trkpt lat="-9.292272" lon="-77.582425">
        <ele>3075.8</ele>
      </trkpt>
      <trkpt lat="-9.292243" lon="-77.582438">
        <ele>3075.4</ele>
      </trkpt>
      <trkpt lat="-9.292223" lon="-77.582443">
        <ele>3075</ele>
      </trkpt>
      <trkpt lat="-9.292188" lon="-77.58245">
        <ele>3074.6</ele>
      </trkpt>
      <trkpt lat="-9.29216" lon="-77.582457">
        <ele>3074.4</ele>
      </trkpt>
      <trkpt lat="-9.292138" lon="-77.582477">
        <ele>3074.4</ele>
      </trkpt>
      <trkpt lat="-9.292113" lon="-77.582488">
        <ele>3074.4</ele>
      </trkpt>
      <trkpt lat="-9.292095" lon="-77.582502">
        <ele>3074</ele>
      </trkpt>
      <trkpt lat="-9.292073" lon="-77.582508">
        <ele>3074</ele>
      </trkpt>
      <trkpt lat="-9.292043" lon="-77.58252">
        <ele>3073.8</ele>
      </trkpt>
      <trkpt lat="-9.292015" lon="-77.582527">
        <ele>3073.6</ele>
      </trkpt>
      <trkpt lat="-9.291983" lon="-77.582527">
        <ele>3073.6</ele>
      </trkpt>
      <trkpt lat="-9.291952" lon="-77.58252">
        <ele>3073.6</ele>
      </trkpt>
      <trkpt lat="-9.291918" lon="-77.58252">
        <ele>3073.6</ele>
      </trkpt>
      <trkpt lat="-9.291885" lon="-77.582508">
        <ele>3073.6</ele>
      </trkpt>
      <trkpt lat="-9.291852" lon="-77.582508">
        <ele>3072.8</ele>
      </trkpt>
      <trkpt lat="-9.291818" lon="-77.582502">
        <ele>3072.6</ele>
      </trkpt>
      <trkpt lat="-9.29179" lon="-77.582488">
        <ele>3072.4</ele>
      </trkpt>
      <trkpt lat="-9.29176" lon="-77.582482">
        <ele>3072.6</ele>
      </trkpt>
      <trkpt lat="-9.291728" lon="-77.582463">
        <ele>3072.6</ele>
      </trkpt>
      <trkpt lat="-9.2917" lon="-77.582443">
        <ele>3072.6</ele>
      </trkpt>
      <trkpt lat="-9.291673" lon="-77.582412">
        <ele>3072.6</ele>
      </trkpt>
      <trkpt lat="-9.291648" lon="-77.582373">
        <ele>3072.4</ele>
      </trkpt>
      <trkpt lat="-9.291627" lon="-77.582328">
        <ele>3072.2</ele>
      </trkpt>
      <trkpt lat="-9.291612" lon="-77.58229">
        <ele>3072.2</ele>
      </trkpt>
      <trkpt lat="-9.2916" lon="-77.582258">
        <ele>3072.2</ele>
      </trkpt>
      <trkpt lat="-9.291588" lon="-77.58222">
        <ele>3072</ele>
      </trkpt>
      <trkpt lat="-9.291575" lon="-77.582182">
        <ele>3071.8</ele>
      </trkpt>
      <trkpt lat="-9.291563" lon="-77.582143">
        <ele>3071</ele>
      </trkpt>
      <trkpt lat="-9.291553" lon="-77.582112">
        <ele>3070.8</ele>
      </trkpt>
      <trkpt lat="-9.291525" lon="-77.582085">
        <ele>3070.6</ele>
      </trkpt>
      <trkpt lat="-9.291495" lon="-77.58206">
        <ele>3070</ele>
      </trkpt>
      <trkpt lat="-9.291473" lon="-77.58206">
        <ele>3069.6</ele>
      </trkpt>
      <trkpt lat="-9.291448" lon="-77.582047">
        <ele>3069.6</ele>
      </trkpt>
      <trkpt lat="-9.29141" lon="-77.582028">
        <ele>3069.4</ele>
      </trkpt>
      <trkpt lat="-9.29138" lon="-77.582008">
        <ele>3068.8</ele>
      </trkpt>
      <trkpt lat="-9.291337" lon="-77.581983">
        <ele>3068</ele>
      </trkpt>
      <trkpt lat="-9.291305" lon="-77.581952">
        <ele>3067.6</ele>
      </trkpt>
      <trkpt lat="-9.291283" lon="-77.581925">
        <ele>3066.8</ele>
      </trkpt>
      <trkpt lat="-9.291252" lon="-77.581887">
        <ele>3066.6</ele>
      </trkpt>
      <trkpt lat="-9.291232" lon="-77.581855">
        <ele>3066.6</ele>
      </trkpt>
      <trkpt lat="-9.291218" lon="-77.581823">
        <ele>3066.4</ele>
      </trkpt>
      <trkpt lat="-9.291202" lon="-77.581803">
        <ele>3066.2</ele>
      </trkpt>
      <trkpt lat="-9.291187" lon="-77.581778">
        <ele>3066.2</ele>
      </trkpt>
      <trkpt lat="-9.291167" lon="-77.58174">
        <ele>3066</ele>
      </trkpt>
      <trkpt lat="-9.291145" lon="-77.581708">
        <ele>3066</ele>
      </trkpt>
      <trkpt lat="-9.291132" lon="-77.581682">
        <ele>3065.8</ele>
      </trkpt>
      <trkpt lat="-9.291122" lon="-77.58165">
        <ele>3065.8</ele>
      </trkpt>
      <trkpt lat="-9.291105" lon="-77.581612">
        <ele>3065.8</ele>
      </trkpt>
      <trkpt lat="-9.29109" lon="-77.581587">
        <ele>3065.6</ele>
      </trkpt>
      <trkpt lat="-9.291072" lon="-77.581555">
        <ele>3065.4</ele>
      </trkpt>
      <trkpt lat="-9.291058" lon="-77.581522">
        <ele>3065.2</ele>
      </trkpt>
      <trkpt lat="-9.29104" lon="-77.581483">
        <ele>3065</ele>
      </trkpt>
      <trkpt lat="-9.29102" lon="-77.581452">
        <ele>3064.6</ele>
      </trkpt>
      <trkpt lat="-9.291003" lon="-77.581427">
        <ele>3064.4</ele>
      </trkpt>
      <trkpt lat="-9.29098" lon="-77.581395">
        <ele>3064.2</ele>
      </trkpt>
      <trkpt lat="-9.290962" lon="-77.581375">
        <ele>3064</ele>
      </trkpt>
      <trkpt lat="-9.29094" lon="-77.581343">
        <ele>3064</ele>
      </trkpt>
      <trkpt lat="-9.290927" lon="-77.58133">
        <ele>3064</ele>
      </trkpt>
      <trkpt lat="-9.290907" lon="-77.581298">
        <ele>3064</ele>
      </trkpt>
      <trkpt lat="-9.290888" lon="-77.581285">
        <ele>3064.2</ele>
      </trkpt>
      <trkpt lat="-9.290868" lon="-77.581253">
        <ele>3064.6</ele>
      </trkpt>
      <trkpt lat="-9.290842" lon="-77.581215">
        <ele>3064.6</ele>
      </trkpt>
      <trkpt lat="-9.290828" lon="-77.58119">
        <ele>3064.8</ele>
      </trkpt>
      <trkpt lat="-9.290815" lon="-77.58117">
        <ele>3065</ele>
      </trkpt>
      <trkpt lat="-9.290802" lon="-77.581145">
        <ele>3065.2</ele>
      </trkpt>
      <trkpt lat="-9.290785" lon="-77.581125">
        <ele>3065.4</ele>
      </trkpt>
      <trkpt lat="-9.29077" lon="-77.5811">
        <ele>3066</ele>
      </trkpt>
      <trkpt lat="-9.29076" lon="-77.581075">
        <ele>3066</ele>
      </trkpt>
      <trkpt lat="-9.290745" lon="-77.581062">
        <ele>3065.4</ele>
      </trkpt>
      <trkpt lat="-9.290723" lon="-77.581048">
        <ele>3065.4</ele>
      </trkpt>
      <trkpt lat="-9.2907" lon="-77.581037">
        <ele>3065.4</ele>
      </trkpt>
      <trkpt lat="-9.290683" lon="-77.58103">
        <ele>3065.4</ele>
      </trkpt>
      <trkpt lat="-9.29066" lon="-77.58101">
        <ele>3065.6</ele>
      </trkpt>
      <trkpt lat="-9.29064" lon="-77.580992">
        <ele>3065.6</ele>
      </trkpt>
      <trkpt lat="-9.290623" lon="-77.58096">
        <ele>3065.6</ele>
      </trkpt>
      <trkpt lat="-9.290608" lon="-77.58094">
        <ele>3065.8</ele>
      </trkpt>
      <trkpt lat="-9.29059" lon="-77.580915">
        <ele>3065.8</ele>
      </trkpt>
      <trkpt lat="-9.290572" lon="-77.580888">
        <ele>3065.8</ele>
      </trkpt>
      <trkpt lat="-9.290557" lon="-77.580863">
        <ele>3065.8</ele>
      </trkpt>
      <trkpt lat="-9.290537" lon="-77.580825">
        <ele>3067</ele>
      </trkpt>
      <trkpt lat="-9.290512" lon="-77.580787">
        <ele>3067</ele>
      </trkpt>
      <trkpt lat="-9.290492" lon="-77.580748">
        <ele>3067.2</ele>
      </trkpt>
      <trkpt lat="-9.290478" lon="-77.580728">
        <ele>3067.4</ele>
      </trkpt>
      <trkpt lat="-9.290458" lon="-77.580703">
        <ele>3067.4</ele>
      </trkpt>
      <trkpt lat="-9.290445" lon="-77.58069">
        <ele>3067.2</ele>
      </trkpt>
      <trkpt lat="-9.290432" lon="-77.580672">
        <ele>3067</ele>
      </trkpt>
      <trkpt lat="-9.290412" lon="-77.580652">
        <ele>3067</ele>
      </trkpt>
      <trkpt lat="-9.290392" lon="-77.580633">
        <ele>3067</ele>
      </trkpt>
      <trkpt lat="-9.290377" lon="-77.580613">
        <ele>3067</ele>
      </trkpt>
      <trkpt lat="-9.29036" lon="-77.580595">
        <ele>3067</ele>
      </trkpt>
      <trkpt lat="-9.290343" lon="-77.580575">
        <ele>3067.2</ele>
      </trkpt>
      <trkpt lat="-9.290332" lon="-77.580557">
        <ele>3067.6</ele>
      </trkpt>
      <trkpt lat="-9.290313" lon="-77.58053">
        <ele>3068.4</ele>
      </trkpt>
      <trkpt lat="-9.290303" lon="-77.580505">
        <ele>3068.4</ele>
      </trkpt>
      <trkpt lat="-9.290293" lon="-77.58048">
        <ele>3068.4</ele>
      </trkpt>
      <trkpt lat="-9.290277" lon="-77.58044">
        <ele>3068.2</ele>
      </trkpt>
      <trkpt lat="-9.290263" lon="-77.580415">
        <ele>3068.2</ele>
      </trkpt>
      <trkpt lat="-9.290267" lon="-77.580397">
        <ele>3068.2</ele>
      </trkpt>
      <trkpt lat="-9.290262" lon="-77.58037">
        <ele>3068.2</ele>
      </trkpt>
      <trkpt lat="-9.290248" lon="-77.580345">
        <ele>3068.4</ele>
      </trkpt>
      <trkpt lat="-9.290238" lon="-77.58032">
        <ele>3068.6</ele>
      </trkpt>
      <trkpt lat="-9.290218" lon="-77.58028">
        <ele>3068.8</ele>
      </trkpt>
      <trkpt lat="-9.290208" lon="-77.580262">
        <ele>3069</ele>
      </trkpt>
      <trkpt lat="-9.290192" lon="-77.580237">
        <ele>3069.4</ele>
      </trkpt>
      <trkpt lat="-9.290178" lon="-77.580203">
        <ele>3069.8</ele>
      </trkpt>
      <trkpt lat="-9.29016" lon="-77.580192">
        <ele>3069.8</ele>
      </trkpt>
      <trkpt lat="-9.290142" lon="-77.580172">
        <ele>3069.8</ele>
      </trkpt>
      <trkpt lat="-9.290123" lon="-77.58014">
        <ele>3069.8</ele>
      </trkpt>
      <trkpt lat="-9.290113" lon="-77.580115">
        <ele>3070.4</ele>
      </trkpt>
      <trkpt lat="-9.290095" lon="-77.580095">
        <ele>3070.8</ele>
      </trkpt>
      <trkpt lat="-9.290075" lon="-77.58007">
        <ele>3070.8</ele>
      </trkpt>
      <trkpt lat="-9.290058" lon="-77.580038">
        <ele>3070.6</ele>
      </trkpt>
      <trkpt lat="-9.290037" lon="-77.580005">
        <ele>3070.6</ele>
      </trkpt>
      <trkpt lat="-9.290013" lon="-77.579987">
        <ele>3070.6</ele>
      </trkpt>
      <trkpt lat="-9.289988" lon="-77.579955">
        <ele>3070.8</ele>
      </trkpt>
      <trkpt lat="-9.289965" lon="-77.579935">
        <ele>3070.8</ele>
      </trkpt>
      <trkpt lat="-9.28995" lon="-77.579917">
        <ele>3071.2</ele>
      </trkpt>
      <trkpt lat="-9.289935" lon="-77.579903">
        <ele>3071.2</ele>
      </trkpt>
      <trkpt lat="-9.28992" lon="-77.579883">
        <ele>3071.2</ele>
      </trkpt>
      <trkpt lat="-9.289892" lon="-77.579845">
        <ele>3071.2</ele>
      </trkpt>
      <trkpt lat="-9.28987" lon="-77.579827">
        <ele>3071.2</ele>
      </trkpt>
      <trkpt lat="-9.289845" lon="-77.579807">
        <ele>3071.2</ele>
      </trkpt>
      <trkpt lat="-9.28982" lon="-77.579795">
        <ele>3071.4</ele>
      </trkpt>
      <trkpt lat="-9.289792" lon="-77.579775">
        <ele>3071.4</ele>
      </trkpt>
      <trkpt lat="-9.289765" lon="-77.579762">
        <ele>3071.4</ele>
      </trkpt>
      <trkpt lat="-9.289693" lon="-77.579723">
        <ele>3071.4</ele>
      </trkpt>
      <trkpt lat="-9.289672" lon="-77.579712">
        <ele>3072.8</ele>
      </trkpt>
      <trkpt lat="-9.289653" lon="-77.579685">
        <ele>3072.8</ele>
      </trkpt>
      <trkpt lat="-9.289633" lon="-77.579673">
        <ele>3072.8</ele>
      </trkpt>
      <trkpt lat="-9.289617" lon="-77.579647">
        <ele>3072.8</ele>
      </trkpt>
      <trkpt lat="-9.2896" lon="-77.579635">
        <ele>3072.6</ele>
      </trkpt>
      <trkpt lat="-9.289582" lon="-77.579608">
        <ele>3072.4</ele>
      </trkpt>
      <trkpt lat="-9.289567" lon="-77.579597">
        <ele>3072.4</ele>
      </trkpt>
      <trkpt lat="-9.289552" lon="-77.579577">
        <ele>3072.6</ele>
      </trkpt>
      <trkpt lat="-9.289538" lon="-77.579552">
        <ele>3072.8</ele>
      </trkpt>
      <trkpt lat="-9.28952" lon="-77.579525">
        <ele>3073.2</ele>
      </trkpt>
      <trkpt lat="-9.289507" lon="-77.5795">
        <ele>3073.8</ele>
      </trkpt>
      <trkpt lat="-9.289492" lon="-77.579468">
        <ele>3073.8</ele>
      </trkpt>
      <trkpt lat="-9.289482" lon="-77.579437">
        <ele>3074.2</ele>
      </trkpt>
      <trkpt lat="-9.289475" lon="-77.57941">
        <ele>3074.4</ele>
      </trkpt>
      <trkpt lat="-9.289468" lon="-77.579385">
        <ele>3074.4</ele>
      </trkpt>
      <trkpt lat="-9.289463" lon="-77.579365">
        <ele>3074.4</ele>
      </trkpt>
      <trkpt lat="-9.289463" lon="-77.57934">
        <ele>3074.6</ele>
      </trkpt>
      <trkpt lat="-9.289462" lon="-77.579315">
        <ele>3074.8</ele>
      </trkpt>
      <trkpt lat="-9.289462" lon="-77.579288">
        <ele>3075</ele>
      </trkpt>
      <trkpt lat="-9.289468" lon="-77.579263">
        <ele>3075</ele>
      </trkpt>
      <trkpt lat="-9.289475" lon="-77.579232">
        <ele>3075.8</ele>
      </trkpt>
      <trkpt lat="-9.289482" lon="-77.579205">
        <ele>3076.2</ele>
      </trkpt>
      <trkpt lat="-9.289488" lon="-77.57918">
        <ele>3076.2</ele>
      </trkpt>
      <trkpt lat="-9.289488" lon="-77.579155">
        <ele>3076.2</ele>
      </trkpt>
      <trkpt lat="-9.289482" lon="-77.579128">
        <ele>3076.2</ele>
      </trkpt>
      <trkpt lat="-9.28945" lon="-77.579103">
        <ele>3076.6</ele>
      </trkpt>
      <trkpt lat="-9.289422" lon="-77.579083">
        <ele>3077</ele>
      </trkpt>
      <trkpt lat="-9.289393" lon="-77.579078">
        <ele>3077.2</ele>
      </trkpt>
      <trkpt lat="-9.289363" lon="-77.579072">
        <ele>3077.2</ele>
      </trkpt>
      <trkpt lat="-9.289328" lon="-77.579065">
        <ele>3077.4</ele>
      </trkpt>
      <trkpt lat="-9.289303" lon="-77.579065">
        <ele>3077.6</ele>
      </trkpt>
      <trkpt lat="-9.289275" lon="-77.579052">
        <ele>3077.6</ele>
      </trkpt>
      <trkpt lat="-9.289245" lon="-77.579045">
        <ele>3077.4</ele>
      </trkpt>
      <trkpt lat="-9.28922" lon="-77.57904">
        <ele>3077.4</ele>
      </trkpt>
      <trkpt lat="-9.289187" lon="-77.579027">
        <ele>3077.4</ele>
      </trkpt>
      <trkpt lat="-9.289167" lon="-77.579007">
        <ele>3077.8</ele>
      </trkpt>
      <trkpt lat="-9.289147" lon="-77.578988">
        <ele>3078</ele>
      </trkpt>
      <trkpt lat="-9.289137" lon="-77.578962">
        <ele>3078.2</ele>
      </trkpt>
      <trkpt lat="-9.289125" lon="-77.578943">
        <ele>3078.2</ele>
      </trkpt>
      <trkpt lat="-9.289112" lon="-77.578923">
        <ele>3078.4</ele>
      </trkpt>
      <trkpt lat="-9.2891" lon="-77.578905">
        <ele>3078.6</ele>
      </trkpt>
      <trkpt lat="-9.289092" lon="-77.578885">
        <ele>3078.6</ele>
      </trkpt>
      <trkpt lat="-9.28908" lon="-77.578867">
        <ele>3078.6</ele>
      </trkpt>
      <trkpt lat="-9.28907" lon="-77.578847">
        <ele>3078.6</ele>
      </trkpt>
      <trkpt lat="-9.289058" lon="-77.578828">
        <ele>3079</ele>
      </trkpt>
      <trkpt lat="-9.289045" lon="-77.578797">
        <ele>3079.2</ele>
      </trkpt>
      <trkpt lat="-9.28904" lon="-77.57877">
        <ele>3079.4</ele>
      </trkpt>
      <trkpt lat="-9.289032" lon="-77.578745">
        <ele>3079.4</ele>
      </trkpt>
      <trkpt lat="-9.28902" lon="-77.578725">
        <ele>3079.4</ele>
      </trkpt>
      <trkpt lat="-9.289" lon="-77.578687">
        <ele>3079.4</ele>
      </trkpt>
      <trkpt lat="-9.288993" lon="-77.578668">
        <ele>3079.4</ele>
      </trkpt>
      <trkpt lat="-9.288987" lon="-77.578642">
        <ele>3079.6</ele>
      </trkpt>
      <trkpt lat="-9.288978" lon="-77.57861">
        <ele>3079.6</ele>
      </trkpt>
      <trkpt lat="-9.288967" lon="-77.578592">
        <ele>3079.6</ele>
      </trkpt>
      <trkpt lat="-9.288952" lon="-77.578572">
        <ele>3080</ele>
      </trkpt>
      <trkpt lat="-9.288937" lon="-77.578553">
        <ele>3080</ele>
      </trkpt>
      <trkpt lat="-9.288922" lon="-77.578527">
        <ele>3080.2</ele>
      </trkpt>
      <trkpt lat="-9.288898" lon="-77.578495">
        <ele>3080.6</ele>
      </trkpt>
      <trkpt lat="-9.28888" lon="-77.578477">
        <ele>3081</ele>
      </trkpt>
      <trkpt lat="-9.288843" lon="-77.57845">
        <ele>3081.6</ele>
      </trkpt>
      <trkpt lat="-9.288823" lon="-77.578432">
        <ele>3081.2</ele>
      </trkpt>
      <trkpt lat="-9.288808" lon="-77.578412">
        <ele>3080.6</ele>
      </trkpt>
      <trkpt lat="-9.288787" lon="-77.578393">
        <ele>3080.6</ele>
      </trkpt>
      <trkpt lat="-9.288775" lon="-77.578373">
        <ele>3080.6</ele>
      </trkpt>
      <trkpt lat="-9.288762" lon="-77.57836">
        <ele>3080.4</ele>
      </trkpt>
      <trkpt lat="-9.288742" lon="-77.578335">
        <ele>3080.4</ele>
      </trkpt>
      <trkpt lat="-9.288698" lon="-77.57831">
        <ele>3080.4</ele>
      </trkpt>
      <trkpt lat="-9.288675" lon="-77.578283">
        <ele>3080.4</ele>
      </trkpt>
      <trkpt lat="-9.288658" lon="-77.578258">
        <ele>3080.4</ele>
      </trkpt>
      <trkpt lat="-9.288648" lon="-77.57824">
        <ele>3081</ele>
      </trkpt>
      <trkpt lat="-9.288638" lon="-77.578213">
        <ele>3081</ele>
      </trkpt>
      <trkpt lat="-9.288635" lon="-77.578195">
        <ele>3081.4</ele>
      </trkpt>
      <trkpt lat="-9.28863" lon="-77.578175">
        <ele>3081.6</ele>
      </trkpt>
      <trkpt lat="-9.288623" lon="-77.578157">
        <ele>3081.6</ele>
      </trkpt>
      <trkpt lat="-9.28861" lon="-77.578137">
        <ele>3081</ele>
      </trkpt>
      <trkpt lat="-9.2886" lon="-77.578118">
        <ele>3081.2</ele>
      </trkpt>
      <trkpt lat="-9.2886" lon="-77.578098">
        <ele>3081.6</ele>
      </trkpt>
      <trkpt lat="-9.288598" lon="-77.578073">
        <ele>3081.8</ele>
      </trkpt>
      <trkpt lat="-9.288603" lon="-77.57804">
        <ele>3082.2</ele>
      </trkpt>
      <trkpt lat="-9.288603" lon="-77.578008">
        <ele>3082.2</ele>
      </trkpt>
      <trkpt lat="-9.288608" lon="-77.57799">
        <ele>3082.2</ele>
      </trkpt>
      <trkpt lat="-9.288613" lon="-77.577952">
        <ele>3082.2</ele>
      </trkpt>
      <trkpt lat="-9.288618" lon="-77.577932">
        <ele>3081.8</ele>
      </trkpt>
      <trkpt lat="-9.28862" lon="-77.5779">
        <ele>3082</ele>
      </trkpt>
      <trkpt lat="-9.288623" lon="-77.577868">
        <ele>3082.4</ele>
      </trkpt>
      <trkpt lat="-9.288623" lon="-77.577848">
        <ele>3082.6</ele>
      </trkpt>
      <trkpt lat="-9.288628" lon="-77.57781">
        <ele>3082.8</ele>
      </trkpt>
      <trkpt lat="-9.288628" lon="-77.577792">
        <ele>3082.8</ele>
      </trkpt>
      <trkpt lat="-9.288633" lon="-77.577765">
        <ele>3083</ele>
      </trkpt>
      <trkpt lat="-9.28863" lon="-77.577727">
        <ele>3083.4</ele>
      </trkpt>
      <trkpt lat="-9.288628" lon="-77.577695">
        <ele>3083.4</ele>
      </trkpt>
      <trkpt lat="-9.288623" lon="-77.577677">
        <ele>3083.6</ele>
      </trkpt>
      <trkpt lat="-9.288615" lon="-77.577638">
        <ele>3083.6</ele>
      </trkpt>
      <trkpt lat="-9.28861" lon="-77.577605">
        <ele>3083.8</ele>
      </trkpt>
      <trkpt lat="-9.2886" lon="-77.57758">
        <ele>3084</ele>
      </trkpt>
      <trkpt lat="-9.28859" lon="-77.57756">
        <ele>3084.2</ele>
      </trkpt>
      <trkpt lat="-9.28858" lon="-77.577542">
        <ele>3084.2</ele>
      </trkpt>
      <trkpt lat="-9.28857" lon="-77.577522">
        <ele>3084.2</ele>
      </trkpt>
      <trkpt lat="-9.288563" lon="-77.577497">
        <ele>3084.4</ele>
      </trkpt>
      <trkpt lat="-9.288548" lon="-77.577472">
        <ele>3085.2</ele>
      </trkpt>
      <trkpt lat="-9.28854" lon="-77.577452">
        <ele>3085.4</ele>
      </trkpt>
      <trkpt lat="-9.288537" lon="-77.577433">
        <ele>3085.4</ele>
      </trkpt>
      <trkpt lat="-9.28853" lon="-77.577413">
        <ele>3085.4</ele>
      </trkpt>
      <trkpt lat="-9.288523" lon="-77.577395">
        <ele>3085.8</ele>
      </trkpt>
      <trkpt lat="-9.28852" lon="-77.577368">
        <ele>3085.8</ele>
      </trkpt>
      <trkpt lat="-9.288523" lon="-77.577337">
        <ele>3085.8</ele>
      </trkpt>
      <trkpt lat="-9.28852" lon="-77.577318">
        <ele>3085.6</ele>
      </trkpt>
      <trkpt lat="-9.28852" lon="-77.577292">
        <ele>3085.6</ele>
      </trkpt>
      <trkpt lat="-9.28851" lon="-77.577253">
        <ele>3085.6</ele>
      </trkpt>
      <trkpt lat="-9.288503" lon="-77.577215">
        <ele>3085.6</ele>
      </trkpt>
      <trkpt lat="-9.288497" lon="-77.577177">
        <ele>3086.8</ele>
      </trkpt>
      <trkpt lat="-9.288485" lon="-77.577145">
        <ele>3087</ele>
      </trkpt>
      <trkpt lat="-9.288483" lon="-77.577125">
        <ele>3087</ele>
      </trkpt>
      <trkpt lat="-9.28848" lon="-77.577107">
        <ele>3087</ele>
      </trkpt>
      <trkpt lat="-9.28848" lon="-77.577087">
        <ele>3086.8</ele>
      </trkpt>
      <trkpt lat="-9.28848" lon="-77.577048">
        <ele>3087</ele>
      </trkpt>
      <trkpt lat="-9.288483" lon="-77.577017">
        <ele>3087.8</ele>
      </trkpt>
      <trkpt lat="-9.28849" lon="-77.576978">
        <ele>3088.2</ele>
      </trkpt>
      <trkpt lat="-9.2885" lon="-77.57696">
        <ele>3088</ele>
      </trkpt>
      <trkpt lat="-9.288503" lon="-77.576933">
        <ele>3087.8</ele>
      </trkpt>
      <trkpt lat="-9.288515" lon="-77.576908">
        <ele>3087.8</ele>
      </trkpt>
      <trkpt lat="-9.288523" lon="-77.576877">
        <ele>3087.6</ele>
      </trkpt>
      <trkpt lat="-9.288528" lon="-77.576857">
        <ele>3087.6</ele>
      </trkpt>
      <trkpt lat="-9.28853" lon="-77.576838">
        <ele>3087.6</ele>
      </trkpt>
      <trkpt lat="-9.288528" lon="-77.576812">
        <ele>3087.8</ele>
      </trkpt>
      <trkpt lat="-9.288523" lon="-77.576787">
        <ele>3088</ele>
      </trkpt>
      <trkpt lat="-9.288512" lon="-77.57676">
        <ele>3088.4</ele>
      </trkpt>
      <trkpt lat="-9.288503" lon="-77.576735">
        <ele>3088.4</ele>
      </trkpt>
      <trkpt lat="-9.288497" lon="-77.57671">
        <ele>3088.2</ele>
      </trkpt>
      <trkpt lat="-9.288492" lon="-77.576683">
        <ele>3088.2</ele>
      </trkpt>
      <trkpt lat="-9.288492" lon="-77.576665">
        <ele>3088.2</ele>
      </trkpt>
      <trkpt lat="-9.288495" lon="-77.576627">
        <ele>3089.4</ele>
      </trkpt>
      <trkpt lat="-9.288497" lon="-77.5766">
        <ele>3089.4</ele>
      </trkpt>
      <trkpt lat="-9.288503" lon="-77.576575">
        <ele>3089.4</ele>
      </trkpt>
      <trkpt lat="-9.288515" lon="-77.576537">
        <ele>3089.8</ele>
      </trkpt>
      <trkpt lat="-9.288523" lon="-77.576512">
        <ele>3090.2</ele>
      </trkpt>
      <trkpt lat="-9.288525" lon="-77.576492">
        <ele>3090.6</ele>
      </trkpt>
      <trkpt lat="-9.288523" lon="-77.576467">
        <ele>3090.6</ele>
      </trkpt>
      <trkpt lat="-9.288508" lon="-77.576428">
        <ele>3090.8</ele>
      </trkpt>
      <trkpt lat="-9.288497" lon="-77.576408">
        <ele>3091.4</ele>
      </trkpt>
      <trkpt lat="-9.288492" lon="-77.57639">
        <ele>3091.4</ele>
      </trkpt>
      <trkpt lat="-9.28848" lon="-77.57637">
        <ele>3093</ele>
      </trkpt>
      <trkpt lat="-9.288472" lon="-77.576338">
        <ele>3093.4</ele>
      </trkpt>
      <trkpt lat="-9.288457" lon="-77.576307">
        <ele>3093.8</ele>
      </trkpt>
      <trkpt lat="-9.288452" lon="-77.576287">
        <ele>3093.6</ele>
      </trkpt>
      <trkpt lat="-9.288447" lon="-77.576268">
        <ele>3093.6</ele>
      </trkpt>
      <trkpt lat="-9.288442" lon="-77.576248">
        <ele>3094</ele>
      </trkpt>
      <trkpt lat="-9.288442" lon="-77.576223">
        <ele>3094.4</ele>
      </trkpt>
      <trkpt lat="-9.288445" lon="-77.576192">
        <ele>3094.8</ele>
      </trkpt>
      <trkpt lat="-9.288442" lon="-77.576165">
        <ele>3095.2</ele>
      </trkpt>
      <trkpt lat="-9.28844" lon="-77.576147">
        <ele>3095.4</ele>
      </trkpt>
      <trkpt lat="-9.28844" lon="-77.576127">
        <ele>3096</ele>
      </trkpt>
      <trkpt lat="-9.288442" lon="-77.576108">
        <ele>3096</ele>
      </trkpt>
      <trkpt lat="-9.288437" lon="-77.576088">
        <ele>3096.4</ele>
      </trkpt>
      <trkpt lat="-9.288432" lon="-77.576063">
        <ele>3096.6</ele>
      </trkpt>
      <trkpt lat="-9.28843" lon="-77.576025">
        <ele>3097</ele>
      </trkpt>
      <trkpt lat="-9.288422" lon="-77.575987">
        <ele>3097.2</ele>
      </trkpt>
      <trkpt lat="-9.28842" lon="-77.575967">
        <ele>3097.2</ele>
      </trkpt>
      <trkpt lat="-9.288412" lon="-77.575935">
        <ele>3097.2</ele>
      </trkpt>
      <trkpt lat="-9.288398" lon="-77.57591">
        <ele>3097.4</ele>
      </trkpt>
      <trkpt lat="-9.288385" lon="-77.57589">
        <ele>3097.4</ele>
      </trkpt>
      <trkpt lat="-9.288375" lon="-77.575865">
        <ele>3097.4</ele>
      </trkpt>
      <trkpt lat="-9.288365" lon="-77.575845">
        <ele>3097.6</ele>
      </trkpt>
      <trkpt lat="-9.288352" lon="-77.57582">
        <ele>3097.8</ele>
      </trkpt>
      <trkpt lat="-9.28834" lon="-77.575807">
        <ele>3097.8</ele>
      </trkpt>
      <trkpt lat="-9.28833" lon="-77.575782">
        <ele>3098</ele>
      </trkpt>
      <trkpt lat="-9.288325" lon="-77.575757">
        <ele>3098</ele>
      </trkpt>
      <trkpt lat="-9.288318" lon="-77.57573">
        <ele>3098</ele>
      </trkpt>
      <trkpt lat="-9.288318" lon="-77.575705">
        <ele>3098</ele>
      </trkpt>
      <trkpt lat="-9.288318" lon="-77.575685">
        <ele>3098</ele>
      </trkpt>
      <trkpt lat="-9.28832" lon="-77.575667">
        <ele>3098.6</ele>
      </trkpt>
      <trkpt lat="-9.288325" lon="-77.575647">
        <ele>3098.6</ele>
      </trkpt>
      <trkpt lat="-9.28833" lon="-77.575628">
        <ele>3098.8</ele>
      </trkpt>
      <trkpt lat="-9.28833" lon="-77.575597">
        <ele>3099.2</ele>
      </trkpt>
      <trkpt lat="-9.288335" lon="-77.575577">
        <ele>3099</ele>
      </trkpt>
      <trkpt lat="-9.288338" lon="-77.575597">
        <ele>3098.8</ele>
      </trkpt>
      <trkpt lat="-9.288345" lon="-77.575615">
        <ele>3098.8</ele>
      </trkpt>
      <trkpt lat="-9.288342" lon="-77.575597">
        <ele>3099.2</ele>
      </trkpt>
      <trkpt lat="-9.288342" lon="-77.575577">
        <ele>3100</ele>
      </trkpt>
      <trkpt lat="-9.288345" lon="-77.575552">
        <ele>3100</ele>
      </trkpt>
      <trkpt lat="-9.28835" lon="-77.575532">
        <ele>3100</ele>
      </trkpt>
      <trkpt lat="-9.288355" lon="-77.575507">
        <ele>3100.2</ele>
      </trkpt>
      <trkpt lat="-9.28836" lon="-77.575487">
        <ele>3100.6</ele>
      </trkpt>
      <trkpt lat="-9.28837" lon="-77.575468">
        <ele>3100.6</ele>
      </trkpt>
      <trkpt lat="-9.28838" lon="-77.57543">
        <ele>3101.4</ele>
      </trkpt>
      <trkpt lat="-9.288395" lon="-77.57541">
        <ele>3101.8</ele>
      </trkpt>
      <trkpt lat="-9.288405" lon="-77.575378">
        <ele>3101.8</ele>
      </trkpt>
      <trkpt lat="-9.288418" lon="-77.575347">
        <ele>3101.6</ele>
      </trkpt>
      <trkpt lat="-9.288432" lon="-77.575315">
        <ele>3101.6</ele>
      </trkpt>
      <trkpt lat="-9.28844" lon="-77.575295">
        <ele>3101.8</ele>
      </trkpt>
      <trkpt lat="-9.288447" lon="-77.57527">
        <ele>3102.2</ele>
      </trkpt>
      <trkpt lat="-9.288457" lon="-77.57525">
        <ele>3102.6</ele>
      </trkpt>
      <trkpt lat="-9.288463" lon="-77.575225">
        <ele>3103</ele>
      </trkpt>
      <trkpt lat="-9.28847" lon="-77.5752">
        <ele>3103</ele>
      </trkpt>
      <trkpt lat="-9.288475" lon="-77.57516">
        <ele>3103.2</ele>
      </trkpt>
      <trkpt lat="-9.288475" lon="-77.575128">
        <ele>3103.4</ele>
      </trkpt>
      <trkpt lat="-9.288477" lon="-77.575103">
        <ele>3103.6</ele>
      </trkpt>
      <trkpt lat="-9.28847" lon="-77.575072">
        <ele>3104</ele>
      </trkpt>
      <trkpt lat="-9.288472" lon="-77.575052">
        <ele>3104.2</ele>
      </trkpt>
      <trkpt lat="-9.28847" lon="-77.57502">
        <ele>3104.2</ele>
      </trkpt>
      <trkpt lat="-9.288467" lon="-77.574982">
        <ele>3104.2</ele>
      </trkpt>
      <trkpt lat="-9.28846" lon="-77.574957">
        <ele>3104.4</ele>
      </trkpt>
      <trkpt lat="-9.288462" lon="-77.574918">
        <ele>3104.8</ele>
      </trkpt>
      <trkpt lat="-9.288483" lon="-77.574873">
        <ele>3104.8</ele>
      </trkpt>
      <trkpt lat="-9.288492" lon="-77.574853">
        <ele>3105.2</ele>
      </trkpt>
      <trkpt lat="-9.2885" lon="-77.574822">
        <ele>3106.2</ele>
      </trkpt>
      <trkpt lat="-9.28851" lon="-77.574802">
        <ele>3106.2</ele>
      </trkpt>
      <trkpt lat="-9.288523" lon="-77.574777">
        <ele>3106.4</ele>
      </trkpt>
      <trkpt lat="-9.28854" lon="-77.574752">
        <ele>3106.4</ele>
      </trkpt>
      <trkpt lat="-9.28856" lon="-77.57472">
        <ele>3107</ele>
      </trkpt>
      <trkpt lat="-9.288583" lon="-77.5747">
        <ele>3107.2</ele>
      </trkpt>
      <trkpt lat="-9.288593" lon="-77.574675">
        <ele>3107.6</ele>
      </trkpt>
      <trkpt lat="-9.288603" lon="-77.574642">
        <ele>3107.8</ele>
      </trkpt>
      <trkpt lat="-9.288615" lon="-77.574617">
        <ele>3108</ele>
      </trkpt>
      <trkpt lat="-9.288628" lon="-77.574585">
        <ele>3108.2</ele>
      </trkpt>
      <trkpt lat="-9.288642" lon="-77.574553">
        <ele>3108.6</ele>
      </trkpt>
      <trkpt lat="-9.28866" lon="-77.574533">
        <ele>3108.8</ele>
      </trkpt>
      <trkpt lat="-9.288688" lon="-77.574508">
        <ele>3109</ele>
      </trkpt>
      <trkpt lat="-9.288718" lon="-77.574482">
        <ele>3109.2</ele>
      </trkpt>
      <trkpt lat="-9.288735" lon="-77.574477">
        <ele>3109.4</ele>
      </trkpt>
      <trkpt lat="-9.288762" lon="-77.574463">
        <ele>3111</ele>
      </trkpt>
      <trkpt lat="-9.288768" lon="-77.574438">
        <ele>3111</ele>
      </trkpt>
      <trkpt lat="-9.288762" lon="-77.574418">
        <ele>3111</ele>
      </trkpt>
      <trkpt lat="-9.28876" lon="-77.5744">
        <ele>3111</ele>
      </trkpt>
      <trkpt lat="-9.288762" lon="-77.574418">
        <ele>3112.2</ele>
      </trkpt>
      <trkpt lat="-9.288748" lon="-77.574405">
        <ele>3111.4</ele>
      </trkpt>
      <trkpt lat="-9.288722" lon="-77.574373">
        <ele>3112</ele>
      </trkpt>
      <trkpt lat="-9.28871" lon="-77.574342">
        <ele>3112.2</ele>
      </trkpt>
      <trkpt lat="-9.288702" lon="-77.574303">
        <ele>3112.2</ele>
      </trkpt>
      <trkpt lat="-9.288695" lon="-77.574265">
        <ele>3112</ele>
      </trkpt>
      <trkpt lat="-9.288693" lon="-77.574227">
        <ele>3112</ele>
      </trkpt>
      <trkpt lat="-9.288688" lon="-77.5742">
        <ele>3112.2</ele>
      </trkpt>
      <trkpt lat="-9.288685" lon="-77.574175">
        <ele>3112.4</ele>
      </trkpt>
      <trkpt lat="-9.288683" lon="-77.57415">
        <ele>3112.4</ele>
      </trkpt>
      <trkpt lat="-9.288678" lon="-77.574123">
        <ele>3112.4</ele>
      </trkpt>
      <trkpt lat="-9.288668" lon="-77.574098">
        <ele>3112.2</ele>
      </trkpt>
      <trkpt lat="-9.288653" lon="-77.574073">
        <ele>3112.2</ele>
      </trkpt>
      <trkpt lat="-9.288635" lon="-77.574067">
        <ele>3112.2</ele>
      </trkpt>
      <trkpt lat="-9.288605" lon="-77.574067">
        <ele>3111.8</ele>
      </trkpt>
      <trkpt lat="-9.288578" lon="-77.574073">
        <ele>3111.8</ele>
      </trkpt>
      <trkpt lat="-9.28856" lon="-77.57408">
        <ele>3111.8</ele>
      </trkpt>
      <trkpt lat="-9.288537" lon="-77.574098">
        <ele>3112</ele>
      </trkpt>
      <trkpt lat="-9.28852" lon="-77.574105">
        <ele>3112</ele>
      </trkpt>
      <trkpt lat="-9.288497" lon="-77.574123">
        <ele>3112.6</ele>
      </trkpt>
      <trkpt lat="-9.288477" lon="-77.57415">
        <ele>3112.8</ele>
      </trkpt>
      <trkpt lat="-9.288457" lon="-77.574175">
        <ele>3113</ele>
      </trkpt>
      <trkpt lat="-9.288432" lon="-77.574207">
        <ele>3113</ele>
      </trkpt>
      <trkpt lat="-9.288412" lon="-77.57424">
        <ele>3113.4</ele>
      </trkpt>
      <trkpt lat="-9.2884" lon="-77.574272">
        <ele>3114.2</ele>
      </trkpt>
      <trkpt lat="-9.288377" lon="-77.57431">
        <ele>3114.4</ele>
      </trkpt>
      <trkpt lat="-9.288352" lon="-77.574348">
        <ele>3114.6</ele>
      </trkpt>
      <trkpt lat="-9.288327" lon="-77.574387">
        <ele>3114.6</ele>
      </trkpt>
      <trkpt lat="-9.2883" lon="-77.574425">
        <ele>3114.6</ele>
      </trkpt>
      <trkpt lat="-9.288278" lon="-77.574463">
        <ele>3114.8</ele>
      </trkpt>
      <trkpt lat="-9.288248" lon="-77.574502">
        <ele>3115</ele>
      </trkpt>
      <trkpt lat="-9.28822" lon="-77.57454">
        <ele>3115.8</ele>
      </trkpt>
      <trkpt lat="-9.288197" lon="-77.574578">
        <ele>3116</ele>
      </trkpt>
      <trkpt lat="-9.288167" lon="-77.574617">
        <ele>3116</ele>
      </trkpt>
      <trkpt lat="-9.288147" lon="-77.574637">
        <ele>3116</ele>
      </trkpt>
      <trkpt lat="-9.288127" lon="-77.574668">
        <ele>3116</ele>
      </trkpt>
      <trkpt lat="-9.288107" lon="-77.574707">
        <ele>3116</ele>
      </trkpt>
      <trkpt lat="-9.288087" lon="-77.574738">
        <ele>3116</ele>
      </trkpt>
      <trkpt lat="-9.288072" lon="-77.57477">
        <ele>3116.2</ele>
      </trkpt>
      <trkpt lat="-9.288042" lon="-77.574822">
        <ele>3116.4</ele>
      </trkpt>
      <trkpt lat="-9.288022" lon="-77.574867">
        <ele>3116.8</ele>
      </trkpt>
      <trkpt lat="-9.287995" lon="-77.574905">
        <ele>3116.8</ele>
      </trkpt>
      <trkpt lat="-9.287962" lon="-77.574937">
        <ele>3117.4</ele>
      </trkpt>
      <trkpt lat="-9.287925" lon="-77.574968">
        <ele>3118</ele>
      </trkpt>
      <trkpt lat="-9.287883" lon="-77.574995">
        <ele>3118.6</ele>
      </trkpt>
      <trkpt lat="-9.287848" lon="-77.57502">
        <ele>3119</ele>
      </trkpt>
      <trkpt lat="-9.287812" lon="-77.575058">
        <ele>3119.4</ele>
      </trkpt>
      <trkpt lat="-9.28778" lon="-77.575097">
        <ele>3119.6</ele>
      </trkpt>
      <trkpt lat="-9.287755" lon="-77.575128">
        <ele>3119.6</ele>
      </trkpt>
      <trkpt lat="-9.287727" lon="-77.575155">
        <ele>3119.6</ele>
      </trkpt>
      <trkpt lat="-9.2877" lon="-77.57518">
        <ele>3119.6</ele>
      </trkpt>
      <trkpt lat="-9.287672" lon="-77.5752">
        <ele>3119.6</ele>
      </trkpt>
      <trkpt lat="-9.287642" lon="-77.575232">
        <ele>3119.8</ele>
      </trkpt>
      <trkpt lat="-9.287618" lon="-77.57527">
        <ele>3120</ele>
      </trkpt>
      <trkpt lat="-9.287598" lon="-77.575308">
        <ele>3120</ele>
      </trkpt>
      <trkpt lat="-9.287585" lon="-77.575353">
        <ele>3120.4</ele>
      </trkpt>
      <trkpt lat="-9.287577" lon="-77.575398">
        <ele>3120.8</ele>
      </trkpt>
      <trkpt lat="-9.287572" lon="-77.575462">
        <ele>3121.4</ele>
      </trkpt>
      <trkpt lat="-9.287567" lon="-77.575525">
        <ele>3121.4</ele>
      </trkpt>
      <trkpt lat="-9.287553" lon="-77.575577">
        <ele>3122.4</ele>
      </trkpt>
      <trkpt lat="-9.287547" lon="-77.575628">
        <ele>3123.2</ele>
      </trkpt>
      <trkpt lat="-9.287542" lon="-77.575685">
        <ele>3123.4</ele>
      </trkpt>
      <trkpt lat="-9.287542" lon="-77.57573">
        <ele>3124.2</ele>
      </trkpt>
      <trkpt lat="-9.287538" lon="-77.575775">
        <ele>3124.2</ele>
      </trkpt>
      <trkpt lat="-9.287522" lon="-77.575813">
        <ele>3124.6</ele>
      </trkpt>
      <trkpt lat="-9.287507" lon="-77.575833">
        <ele>3124.8</ele>
      </trkpt>
      <trkpt lat="-9.287492" lon="-77.575858">
        <ele>3125</ele>
      </trkpt>
      <trkpt lat="-9.287467" lon="-77.57589">
        <ele>3125.2</ele>
      </trkpt>
      <trkpt lat="-9.287447" lon="-77.575922">
        <ele>3125.2</ele>
      </trkpt>
      <trkpt lat="-9.287427" lon="-77.575935">
        <ele>3125</ele>
      </trkpt>
      <trkpt lat="-9.287388" lon="-77.575955">
        <ele>3125</ele>
      </trkpt>
      <trkpt lat="-9.287358" lon="-77.575973">
        <ele>3125.2</ele>
      </trkpt>
      <trkpt lat="-9.287323" lon="-77.575987">
        <ele>3125.6</ele>
      </trkpt>
      <trkpt lat="-9.287302" lon="-77.575993">
        <ele>3126.4</ele>
      </trkpt>
      <trkpt lat="-9.287268" lon="-77.575987">
        <ele>3126.4</ele>
      </trkpt>
      <trkpt lat="-9.287245" lon="-77.57598">
        <ele>3126.4</ele>
      </trkpt>
      <trkpt lat="-9.287215" lon="-77.575955">
        <ele>3126.4</ele>
      </trkpt>
      <trkpt lat="-9.287185" lon="-77.575935">
        <ele>3126.4</ele>
      </trkpt>
      <trkpt lat="-9.28715" lon="-77.57591">
        <ele>3126.6</ele>
      </trkpt>
      <trkpt lat="-9.287123" lon="-77.575897">
        <ele>3127.4</ele>
      </trkpt>
      <trkpt lat="-9.28709" lon="-77.575872">
        <ele>3128</ele>
      </trkpt>
      <trkpt lat="-9.287043" lon="-77.575852">
        <ele>3128</ele>
      </trkpt>
      <trkpt lat="-9.287005" lon="-77.57582">
        <ele>3128.2</ele>
      </trkpt>
      <trkpt lat="-9.286952" lon="-77.575788">
        <ele>3128.4</ele>
      </trkpt>
      <trkpt lat="-9.286902" lon="-77.575768">
        <ele>3129.2</ele>
      </trkpt>
      <trkpt lat="-9.28686" lon="-77.575737">
        <ele>3129.2</ele>
      </trkpt>
      <trkpt lat="-9.286798" lon="-77.575698">
        <ele>3129.4</ele>
      </trkpt>
      <trkpt lat="-9.286743" lon="-77.575667">
        <ele>3129.8</ele>
      </trkpt>
      <trkpt lat="-9.286692" lon="-77.575647">
        <ele>3130.6</ele>
      </trkpt>
      <trkpt lat="-9.286652" lon="-77.575628">
        <ele>3131</ele>
      </trkpt>
      <trkpt lat="-9.286602" lon="-77.575615">
        <ele>3131.2</ele>
      </trkpt>
      <trkpt lat="-9.28656" lon="-77.575597">
        <ele>3131.4</ele>
      </trkpt>
      <trkpt lat="-9.286523" lon="-77.575583">
        <ele>3132</ele>
      </trkpt>
      <trkpt lat="-9.28649" lon="-77.57557">
        <ele>3132.6</ele>
      </trkpt>
      <trkpt lat="-9.286455" lon="-77.575552">
        <ele>3132.8</ele>
      </trkpt>
      <trkpt lat="-9.28641" lon="-77.575532">
        <ele>3133.4</ele>
      </trkpt>
      <trkpt lat="-9.28638" lon="-77.575513">
        <ele>3133.8</ele>
      </trkpt>
      <trkpt lat="-9.286335" lon="-77.575493">
        <ele>3134.2</ele>
      </trkpt>
      <trkpt lat="-9.28629" lon="-77.575468">
        <ele>3134.6</ele>
      </trkpt>
      <trkpt lat="-9.286245" lon="-77.575448">
        <ele>3135</ele>
      </trkpt>
      <trkpt lat="-9.2862" lon="-77.575417">
        <ele>3135</ele>
      </trkpt>
      <trkpt lat="-9.286153" lon="-77.575392">
        <ele>3135.6</ele>
      </trkpt>
      <trkpt lat="-9.286118" lon="-77.575372">
        <ele>3135.8</ele>
      </trkpt>
      <trkpt lat="-9.286077" lon="-77.575347">
        <ele>3135.8</ele>
      </trkpt>
      <trkpt lat="-9.286033" lon="-77.575327">
        <ele>3136</ele>
      </trkpt>
      <trkpt lat="-9.285987" lon="-77.575295">
        <ele>3136</ele>
      </trkpt>
      <trkpt lat="-9.285938" lon="-77.575263">
        <ele>3136.6</ele>
      </trkpt>
      <trkpt lat="-9.28589" lon="-77.575232">
        <ele>3136.6</ele>
      </trkpt>
      <trkpt lat="-9.285843" lon="-77.5752">
        <ele>3136.8</ele>
      </trkpt>
      <trkpt lat="-9.285803" lon="-77.575173">
        <ele>3137.2</ele>
      </trkpt>
      <trkpt lat="-9.28576" lon="-77.575148">
        <ele>3137.4</ele>
      </trkpt>
      <trkpt lat="-9.28572" lon="-77.575135">
        <ele>3137.4</ele>
      </trkpt>
      <trkpt lat="-9.28567" lon="-77.575117">
        <ele>3137.4</ele>
      </trkpt>
      <trkpt lat="-9.285635" lon="-77.575103">
        <ele>3137.4</ele>
      </trkpt>
      <trkpt lat="-9.285595" lon="-77.575078">
        <ele>3137.4</ele>
      </trkpt>
      <trkpt lat="-9.285555" lon="-77.575058">
        <ele>3137.2</ele>
      </trkpt>
      <trkpt lat="-9.285518" lon="-77.57502">
        <ele>3137.2</ele>
      </trkpt>
      <trkpt lat="-9.285482" lon="-77.574988">
        <ele>3136.8</ele>
      </trkpt>
      <trkpt lat="-9.285447" lon="-77.574957">
        <ele>3136.6</ele>
      </trkpt>
      <trkpt lat="-9.285413" lon="-77.57493">
        <ele>3136.6</ele>
      </trkpt>
      <trkpt lat="-9.285373" lon="-77.574898">
        <ele>3136.4</ele>
      </trkpt>
      <trkpt lat="-9.285333" lon="-77.574873">
        <ele>3136.2</ele>
      </trkpt>
      <trkpt lat="-9.285283" lon="-77.574853">
        <ele>3136.2</ele>
      </trkpt>
      <trkpt lat="-9.285228" lon="-77.574828">
        <ele>3135.6</ele>
      </trkpt>
      <trkpt lat="-9.285168" lon="-77.574815">
        <ele>3135.8</ele>
      </trkpt>
      <trkpt lat="-9.285105" lon="-77.574797">
        <ele>3136</ele>
      </trkpt>
      <trkpt lat="-9.285053" lon="-77.574783">
        <ele>3136.8</ele>
      </trkpt>
      <trkpt lat="-9.285003" lon="-77.574777">
        <ele>3137.2</ele>
      </trkpt>
      <trkpt lat="-9.28495" lon="-77.57477">
        <ele>3137.8</ele>
      </trkpt>
      <trkpt lat="-9.284915" lon="-77.574777">
        <ele>3138.2</ele>
      </trkpt>
      <trkpt lat="-9.284867" lon="-77.57477">
        <ele>3138.6</ele>
      </trkpt>
      <trkpt lat="-9.28482" lon="-77.57477">
        <ele>3138.6</ele>
      </trkpt>
      <trkpt lat="-9.284765" lon="-77.57477">
        <ele>3138.8</ele>
      </trkpt>
      <trkpt lat="-9.284727" lon="-77.57477">
        <ele>3139.6</ele>
      </trkpt>
      <trkpt lat="-9.284683" lon="-77.574758">
        <ele>3139.8</ele>
      </trkpt>
      <trkpt lat="-9.28464" lon="-77.574752">
        <ele>3139.8</ele>
      </trkpt>
      <trkpt lat="-9.2846" lon="-77.574745">
        <ele>3140.2</ele>
      </trkpt>
      <trkpt lat="-9.284555" lon="-77.574738">
        <ele>3140.8</ele>
      </trkpt>
      <trkpt lat="-9.28451" lon="-77.574732">
        <ele>3141.4</ele>
      </trkpt>
      <trkpt lat="-9.284463" lon="-77.57472">
        <ele>3141.4</ele>
      </trkpt>
      <trkpt lat="-9.284415" lon="-77.574713">
        <ele>3141.6</ele>
      </trkpt>
      <trkpt lat="-9.284353" lon="-77.5747">
        <ele>3142.4</ele>
      </trkpt>
      <trkpt lat="-9.284297" lon="-77.57468">
        <ele>3142.6</ele>
      </trkpt>
      <trkpt lat="-9.28425" lon="-77.574675">
        <ele>3143.2</ele>
      </trkpt>
      <trkpt lat="-9.284192" lon="-77.574668">
        <ele>3143.2</ele>
      </trkpt>
      <trkpt lat="-9.284122" lon="-77.574662">
        <ele>3143.2</ele>
      </trkpt>
      <trkpt lat="-9.284077" lon="-77.574662">
        <ele>3143.4</ele>
      </trkpt>
      <trkpt lat="-9.28402" lon="-77.574662">
        <ele>3144.4</ele>
      </trkpt>
      <trkpt lat="-9.283962" lon="-77.574662">
        <ele>3145</ele>
      </trkpt>
      <trkpt lat="-9.283917" lon="-77.574662">
        <ele>3145.8</ele>
      </trkpt>
      <trkpt lat="-9.283882" lon="-77.574662">
        <ele>3146.2</ele>
      </trkpt>
      <trkpt lat="-9.283842" lon="-77.574662">
        <ele>3146.4</ele>
      </trkpt>
      <trkpt lat="-9.2838" lon="-77.574655">
        <ele>3146.8</ele>
      </trkpt>
      <trkpt lat="-9.283755" lon="-77.574637">
        <ele>3146.8</ele>
      </trkpt>
      <trkpt lat="-9.283703" lon="-77.574623">
        <ele>3146.8</ele>
      </trkpt>
      <trkpt lat="-9.283645" lon="-77.574598">
        <ele>3146.8</ele>
      </trkpt>
      <trkpt lat="-9.283583" lon="-77.574585">
        <ele>3147.4</ele>
      </trkpt>
      <trkpt lat="-9.283518" lon="-77.57456">
        <ele>3148</ele>
      </trkpt>
      <trkpt lat="-9.283437" lon="-77.574533">
        <ele>3148.4</ele>
      </trkpt>
      <trkpt lat="-9.283385" lon="-77.57452">
        <ele>3148.4</ele>
      </trkpt>
      <trkpt lat="-9.283322" lon="-77.574508">
        <ele>3148.4</ele>
      </trkpt>
      <trkpt lat="-9.283262" lon="-77.574495">
        <ele>3148.4</ele>
      </trkpt>
      <trkpt lat="-9.2832" lon="-77.574477">
        <ele>3148.6</ele>
      </trkpt>
      <trkpt lat="-9.283143" lon="-77.57447">
        <ele>3148.8</ele>
      </trkpt>
      <trkpt lat="-9.283078" lon="-77.574463">
        <ele>3149.2</ele>
      </trkpt>
      <trkpt lat="-9.283035" lon="-77.574457">
        <ele>3150</ele>
      </trkpt>
      <trkpt lat="-9.282975" lon="-77.574443">
        <ele>3150.6</ele>
      </trkpt>
      <trkpt lat="-9.282923" lon="-77.574432">
        <ele>3151.8</ele>
      </trkpt>
      <trkpt lat="-9.28288" lon="-77.574425">
        <ele>3153.2</ele>
      </trkpt>
      <trkpt lat="-9.282827" lon="-77.574418">
        <ele>3153.8</ele>
      </trkpt>
      <trkpt lat="-9.282775" lon="-77.5744">
        <ele>3154.6</ele>
      </trkpt>
      <trkpt lat="-9.282722" lon="-77.574387">
        <ele>3155.4</ele>
      </trkpt>
      <trkpt lat="-9.282658" lon="-77.574373">
        <ele>3156.6</ele>
      </trkpt>
      <trkpt lat="-9.282613" lon="-77.57436">
        <ele>3157.2</ele>
      </trkpt>
      <trkpt lat="-9.282557" lon="-77.574348">
        <ele>3158.2</ele>
      </trkpt>
      <trkpt lat="-9.282487" lon="-77.574335">
        <ele>3159.2</ele>
      </trkpt>
      <trkpt lat="-9.28244" lon="-77.574317">
        <ele>3159.8</ele>
      </trkpt>
      <trkpt lat="-9.282385" lon="-77.574303">
        <ele>3160.6</ele>
      </trkpt>
      <trkpt lat="-9.282338" lon="-77.574278">
        <ele>3161.4</ele>
      </trkpt>
      <trkpt lat="-9.282295" lon="-77.574265">
        <ele>3162.2</ele>
      </trkpt>
      <trkpt lat="-9.282258" lon="-77.574233">
        <ele>3162.6</ele>
      </trkpt>
      <trkpt lat="-9.28223" lon="-77.5742">
        <ele>3163.6</ele>
      </trkpt>
      <trkpt lat="-9.282208" lon="-77.574175">
        <ele>3164.4</ele>
      </trkpt>
      <trkpt lat="-9.282225" lon="-77.574188">
        <ele>3165</ele>
      </trkpt>
      <trkpt lat="-9.282255" lon="-77.574207">
        <ele>3165.2</ele>
      </trkpt>
      <trkpt lat="-9.282268" lon="-77.574227">
        <ele>3164.6</ele>
      </trkpt>
      <trkpt lat="-9.282283" lon="-77.57424">
        <ele>3164.6</ele>
      </trkpt>
      <trkpt lat="-9.282303" lon="-77.574258">
        <ele>3164.6</ele>
      </trkpt>
      <trkpt lat="-9.28232" lon="-77.574265">
        <ele>3164.2</ele>
      </trkpt>
      <trkpt lat="-9.282338" lon="-77.574265">
        <ele>3163</ele>
      </trkpt>
      <trkpt lat="-9.28236" lon="-77.574272">
        <ele>3162.8</ele>
      </trkpt>
      <trkpt lat="-9.282375" lon="-77.574278">
        <ele>3163.8</ele>
      </trkpt>
      <trkpt lat="-9.282393" lon="-77.574283">
        <ele>3163.6</ele>
      </trkpt>
      <trkpt lat="-9.282368" lon="-77.574278">
        <ele>3164.4</ele>
      </trkpt>
      <trkpt lat="-9.282335" lon="-77.574265">
        <ele>3164.2</ele>
      </trkpt>
      <trkpt lat="-9.2823" lon="-77.57424">
        <ele>3164.4</ele>
      </trkpt>
      <trkpt lat="-9.28228" lon="-77.57422">
        <ele>3165</ele>
      </trkpt>
      <trkpt lat="-9.28226" lon="-77.5742">
        <ele>3165.4</ele>
      </trkpt>
      <trkpt lat="-9.28224" lon="-77.574175">
        <ele>3165.4</ele>
      </trkpt>
      <trkpt lat="-9.28222" lon="-77.57415">
        <ele>3165.6</ele>
      </trkpt>
      <trkpt lat="-9.28221" lon="-77.574118">
        <ele>3165.8</ele>
      </trkpt>
      <trkpt lat="-9.282192" lon="-77.574098">
        <ele>3165.8</ele>
      </trkpt>
      <trkpt lat="-9.282177" lon="-77.574067">
        <ele>3166</ele>
      </trkpt>
      <trkpt lat="-9.28217" lon="-77.574047">
        <ele>3166.4</ele>
      </trkpt>
      <trkpt lat="-9.282157" lon="-77.574028">
        <ele>3166.4</ele>
      </trkpt>
      <trkpt lat="-9.282147" lon="-77.573997">
        <ele>3166.6</ele>
      </trkpt>
      <trkpt lat="-9.282138" lon="-77.573958">
        <ele>3167</ele>
      </trkpt>
      <trkpt lat="-9.282135" lon="-77.573938">
        <ele>3167.2</ele>
      </trkpt>
      <trkpt lat="-9.282135" lon="-77.5739">
        <ele>3167.6</ele>
      </trkpt>
      <trkpt lat="-9.282137" lon="-77.573875">
        <ele>3168.2</ele>
      </trkpt>
      <trkpt lat="-9.28214" lon="-77.573842">
        <ele>3168.8</ele>
      </trkpt>
      <trkpt lat="-9.282142" lon="-77.57381">
        <ele>3169.4</ele>
      </trkpt>
      <trkpt lat="-9.282145" lon="-77.573785">
        <ele>3169.6</ele>
      </trkpt>
      <trkpt lat="-9.282143" lon="-77.573753">
        <ele>3170</ele>
      </trkpt>
      <trkpt lat="-9.28214" lon="-77.573727">
        <ele>3170.4</ele>
      </trkpt>
      <trkpt lat="-9.28213" lon="-77.573702">
        <ele>3171.4</ele>
      </trkpt>
      <trkpt lat="-9.282112" lon="-77.573682">
        <ele>3171.4</ele>
      </trkpt>
      <trkpt lat="-9.282092" lon="-77.573677">
        <ele>3171.6</ele>
      </trkpt>
      <trkpt lat="-9.282065" lon="-77.57367">
        <ele>3171.8</ele>
      </trkpt>
      <trkpt lat="-9.282027" lon="-77.573663">
        <ele>3172.4</ele>
      </trkpt>
      <trkpt lat="-9.281995" lon="-77.57365">
        <ele>3172.8</ele>
      </trkpt>
      <trkpt lat="-9.281965" lon="-77.57365">
        <ele>3173</ele>
      </trkpt>
      <trkpt lat="-9.281928" lon="-77.573663">
        <ele>3173.2</ele>
      </trkpt>
      <trkpt lat="-9.281888" lon="-77.57367">
        <ele>3174</ele>
      </trkpt>
      <trkpt lat="-9.281857" lon="-77.573677">
        <ele>3174</ele>
      </trkpt>
      <trkpt lat="-9.281828" lon="-77.573682">
        <ele>3174.6</ele>
      </trkpt>
      <trkpt lat="-9.281787" lon="-77.573688">
        <ele>3175.6</ele>
      </trkpt>
      <trkpt lat="-9.281752" lon="-77.573708">
        <ele>3176.4</ele>
      </trkpt>
      <trkpt lat="-9.281708" lon="-77.573715">
        <ele>3177.2</ele>
      </trkpt>
      <trkpt lat="-9.28167" lon="-77.57374">
        <ele>3178</ele>
      </trkpt>
      <trkpt lat="-9.281638" lon="-77.573753">
        <ele>3178.2</ele>
      </trkpt>
      <trkpt lat="-9.281608" lon="-77.573778">
        <ele>3178.4</ele>
      </trkpt>
      <trkpt lat="-9.281575" lon="-77.573798">
        <ele>3178.8</ele>
      </trkpt>
      <trkpt lat="-9.281545" lon="-77.57383">
        <ele>3179.4</ele>
      </trkpt>
      <trkpt lat="-9.281525" lon="-77.573842">
        <ele>3180.2</ele>
      </trkpt>
      <trkpt lat="-9.281498" lon="-77.573875">
        <ele>3180.6</ele>
      </trkpt>
      <trkpt lat="-9.281467" lon="-77.57388">
        <ele>3180.8</ele>
      </trkpt>
      <trkpt lat="-9.281425" lon="-77.5739">
        <ele>3181.2</ele>
      </trkpt>
      <trkpt lat="-9.28139" lon="-77.573887">
        <ele>3182</ele>
      </trkpt>
      <trkpt lat="-9.281352" lon="-77.573887">
        <ele>3182.4</ele>
      </trkpt>
      <trkpt lat="-9.281312" lon="-77.573887">
        <ele>3182.4</ele>
      </trkpt>
      <trkpt lat="-9.281278" lon="-77.5739">
        <ele>3183</ele>
      </trkpt>
      <trkpt lat="-9.28124" lon="-77.5739">
        <ele>3183.6</ele>
      </trkpt>
      <trkpt lat="-9.281213" lon="-77.573907">
        <ele>3184</ele>
      </trkpt>
      <trkpt lat="-9.281182" lon="-77.57392">
        <ele>3184.2</ele>
      </trkpt>
      <trkpt lat="-9.281143" lon="-77.573925">
        <ele>3184.6</ele>
      </trkpt>
      <trkpt lat="-9.281113" lon="-77.57392">
        <ele>3184.8</ele>
      </trkpt>
      <trkpt lat="-9.281087" lon="-77.573907">
        <ele>3185.4</ele>
      </trkpt>
      <trkpt lat="-9.281043" lon="-77.57388">
        <ele>3186.4</ele>
      </trkpt>
      <trkpt lat="-9.28101" lon="-77.573868">
        <ele>3186.6</ele>
      </trkpt>
      <trkpt lat="-9.280982" lon="-77.573848">
        <ele>3187.8</ele>
      </trkpt>
      <trkpt lat="-9.280948" lon="-77.57383">
        <ele>3188.2</ele>
      </trkpt>
      <trkpt lat="-9.280922" lon="-77.573803">
        <ele>3188.4</ele>
      </trkpt>
      <trkpt lat="-9.280885" lon="-77.573785">
        <ele>3188.8</ele>
      </trkpt>
      <trkpt lat="-9.280848" lon="-77.57376">
        <ele>3189.4</ele>
      </trkpt>
      <trkpt lat="-9.28081" lon="-77.57374">
        <ele>3189.8</ele>
      </trkpt>
      <trkpt lat="-9.280757" lon="-77.57372">
        <ele>3189.8</ele>
      </trkpt>
      <trkpt lat="-9.280705" lon="-77.573708">
        <ele>3190.4</ele>
      </trkpt>
      <trkpt lat="-9.28066" lon="-77.573688">
        <ele>3191.4</ele>
      </trkpt>
      <trkpt lat="-9.28061" lon="-77.57367">
        <ele>3192.2</ele>
      </trkpt>
      <trkpt lat="-9.280552" lon="-77.573632">
        <ele>3193.2</ele>
      </trkpt>
      <trkpt lat="-9.280507" lon="-77.573605">
        <ele>3193.6</ele>
      </trkpt>
      <trkpt lat="-9.280462" lon="-77.573567">
        <ele>3194.4</ele>
      </trkpt>
      <trkpt lat="-9.280413" lon="-77.573522">
        <ele>3195</ele>
      </trkpt>
      <trkpt lat="-9.280362" lon="-77.573478">
        <ele>3195.4</ele>
      </trkpt>
      <trkpt lat="-9.280308" lon="-77.57344">
        <ele>3196.2</ele>
      </trkpt>
      <trkpt lat="-9.280255" lon="-77.5734">
        <ele>3196.8</ele>
      </trkpt>
      <trkpt lat="-9.280202" lon="-77.573357">
        <ele>3197.6</ele>
      </trkpt>
      <trkpt lat="-9.280153" lon="-77.573318">
        <ele>3198.4</ele>
      </trkpt>
      <trkpt lat="-9.28011" lon="-77.573285">
        <ele>3199</ele>
      </trkpt>
      <trkpt lat="-9.28006" lon="-77.573247">
        <ele>3199.6</ele>
      </trkpt>
      <trkpt lat="-9.28002" lon="-77.573208">
        <ele>3200</ele>
      </trkpt>
      <trkpt lat="-9.279995" lon="-77.573183">
        <ele>3200.8</ele>
      </trkpt>
      <trkpt lat="-9.279957" lon="-77.573145">
        <ele>3201.8</ele>
      </trkpt>
      <trkpt lat="-9.279917" lon="-77.573093">
        <ele>3202.6</ele>
      </trkpt>
      <trkpt lat="-9.279875" lon="-77.573048">
        <ele>3203</ele>
      </trkpt>
      <trkpt lat="-9.279833" lon="-77.573003">
        <ele>3203.8</ele>
      </trkpt>
      <trkpt lat="-9.279798" lon="-77.572965">
        <ele>3204.4</ele>
      </trkpt>
      <trkpt lat="-9.279762" lon="-77.572927">
        <ele>3205</ele>
      </trkpt>
      <trkpt lat="-9.279728" lon="-77.572895">
        <ele>3205.2</ele>
      </trkpt>
      <trkpt lat="-9.279693" lon="-77.57287">
        <ele>3205.6</ele>
      </trkpt>
      <trkpt lat="-9.279653" lon="-77.572838">
        <ele>3206</ele>
      </trkpt>
      <trkpt lat="-9.279615" lon="-77.572805">
        <ele>3206.8</ele>
      </trkpt>
      <trkpt lat="-9.279573" lon="-77.572773">
        <ele>3207.4</ele>
      </trkpt>
      <trkpt lat="-9.279535" lon="-77.572748">
        <ele>3208.2</ele>
      </trkpt>
      <trkpt lat="-9.279498" lon="-77.572722">
        <ele>3208.2</ele>
      </trkpt>
      <trkpt lat="-9.27946" lon="-77.57269">
        <ele>3208.6</ele>
      </trkpt>
      <trkpt lat="-9.279433" lon="-77.572658">
        <ele>3208.6</ele>
      </trkpt>
      <trkpt lat="-9.27941" lon="-77.572633">
        <ele>3208.6</ele>
      </trkpt>
      <trkpt lat="-9.27939" lon="-77.5726">
        <ele>3208.8</ele>
      </trkpt>
      <trkpt lat="-9.279372" lon="-77.572568">
        <ele>3209.2</ele>
      </trkpt>
      <trkpt lat="-9.279355" lon="-77.57253">
        <ele>3209.2</ele>
      </trkpt>
      <trkpt lat="-9.279337" lon="-77.572492">
        <ele>3208.8</ele>
      </trkpt>
      <trkpt lat="-9.27932" lon="-77.572447">
        <ele>3208.6</ele>
      </trkpt>
      <trkpt lat="-9.279305" lon="-77.572402">
        <ele>3208.6</ele>
      </trkpt>
      <trkpt lat="-9.279285" lon="-77.572358">
        <ele>3208.6</ele>
      </trkpt>
      <trkpt lat="-9.27926" lon="-77.572325">
        <ele>3208.6</ele>
      </trkpt>
      <trkpt lat="-9.279225" lon="-77.5723">
        <ele>3208.4</ele>
      </trkpt>
      <trkpt lat="-9.279185" lon="-77.572287">
        <ele>3208.4</ele>
      </trkpt>
      <trkpt lat="-9.27914" lon="-77.572275">
        <ele>3208.4</ele>
      </trkpt>
      <trkpt lat="-9.279087" lon="-77.572268">
        <ele>3208.6</ele>
      </trkpt>
      <trkpt lat="-9.279018" lon="-77.572248">
        <ele>3209.2</ele>
      </trkpt>
      <trkpt lat="-9.278968" lon="-77.572242">
        <ele>3209.2</ele>
      </trkpt>
      <trkpt lat="-9.278908" lon="-77.572237">
        <ele>3209.2</ele>
      </trkpt>
      <trkpt lat="-9.278843" lon="-77.57223">
        <ele>3209.4</ele>
      </trkpt>
      <trkpt lat="-9.278802" lon="-77.572217">
        <ele>3209.4</ele>
      </trkpt>
      <trkpt lat="-9.278755" lon="-77.572198">
        <ele>3209.6</ele>
      </trkpt>
      <trkpt lat="-9.278717" lon="-77.57216">
        <ele>3210</ele>
      </trkpt>
      <trkpt lat="-9.278683" lon="-77.572102">
        <ele>3210.6</ele>
      </trkpt>
      <trkpt lat="-9.278647" lon="-77.57205">
        <ele>3211</ele>
      </trkpt>
      <trkpt lat="-9.278617" lon="-77.572005">
        <ele>3211.4</ele>
      </trkpt>
      <trkpt lat="-9.27858" lon="-77.571967">
        <ele>3211.4</ele>
      </trkpt>
      <trkpt lat="-9.278538" lon="-77.571942">
        <ele>3211.6</ele>
      </trkpt>
      <trkpt lat="-9.278487" lon="-77.571922">
        <ele>3211.6</ele>
      </trkpt>
      <trkpt lat="-9.27844" lon="-77.571917">
        <ele>3211.8</ele>
      </trkpt>
      <trkpt lat="-9.278393" lon="-77.571903">
        <ele>3212.2</ele>
      </trkpt>
      <trkpt lat="-9.278338" lon="-77.571897">
        <ele>3212.2</ele>
      </trkpt>
      <trkpt lat="-9.278273" lon="-77.571883">
        <ele>3212.6</ele>
      </trkpt>
      <trkpt lat="-9.278213" lon="-77.571858">
        <ele>3212.8</ele>
      </trkpt>
      <trkpt lat="-9.278148" lon="-77.571833">
        <ele>3213.8</ele>
      </trkpt>
      <trkpt lat="-9.278095" lon="-77.5718">
        <ele>3214.4</ele>
      </trkpt>
      <trkpt lat="-9.278038" lon="-77.571762">
        <ele>3214.4</ele>
      </trkpt>
      <trkpt lat="-9.277983" lon="-77.571705">
        <ele>3214.8</ele>
      </trkpt>
      <trkpt lat="-9.27795" lon="-77.57166">
        <ele>3215.8</ele>
      </trkpt>
      <trkpt lat="-9.277925" lon="-77.571602">
        <ele>3216.6</ele>
      </trkpt>
      <trkpt lat="-9.277905" lon="-77.571538">
        <ele>3217.2</ele>
      </trkpt>
      <trkpt lat="-9.277892" lon="-77.57148">
        <ele>3218</ele>
      </trkpt>
      <trkpt lat="-9.277877" lon="-77.571423">
        <ele>3218.6</ele>
      </trkpt>
      <trkpt lat="-9.27785" lon="-77.571365">
        <ele>3219</ele>
      </trkpt>
      <trkpt lat="-9.27783" lon="-77.57132">
        <ele>3219.6</ele>
      </trkpt>
      <trkpt lat="-9.277805" lon="-77.571263">
        <ele>3219.6</ele>
      </trkpt>
      <trkpt lat="-9.277782" lon="-77.571218">
        <ele>3219.6</ele>
      </trkpt>
      <trkpt lat="-9.277765" lon="-77.571167">
        <ele>3220.2</ele>
      </trkpt>
      <trkpt lat="-9.277747" lon="-77.571122">
        <ele>3221</ele>
      </trkpt>
      <trkpt lat="-9.277738" lon="-77.571078">
        <ele>3221.4</ele>
      </trkpt>
      <trkpt lat="-9.277732" lon="-77.571027">
        <ele>3221.6</ele>
      </trkpt>
      <trkpt lat="-9.277728" lon="-77.570988">
        <ele>3222.4</ele>
      </trkpt>
      <trkpt lat="-9.277722" lon="-77.570943">
        <ele>3222.8</ele>
      </trkpt>
      <trkpt lat="-9.277708" lon="-77.570892">
        <ele>3223</ele>
      </trkpt>
      <trkpt lat="-9.277683" lon="-77.570847">
        <ele>3223.4</ele>
      </trkpt>
      <trkpt lat="-9.277648" lon="-77.570802">
        <ele>3224</ele>
      </trkpt>
      <trkpt lat="-9.277602" lon="-77.570745">
        <ele>3224.4</ele>
      </trkpt>
      <trkpt lat="-9.277572" lon="-77.570725">
        <ele>3224.4</ele>
      </trkpt>
      <trkpt lat="-9.277527" lon="-77.570687">
        <ele>3224.6</ele>
      </trkpt>
      <trkpt lat="-9.277462" lon="-77.57063">
        <ele>3225</ele>
      </trkpt>
      <trkpt lat="-9.277415" lon="-77.57061">
        <ele>3225</ele>
      </trkpt>
      <trkpt lat="-9.277357" lon="-77.570572">
        <ele>3225.2</ele>
      </trkpt>
      <trkpt lat="-9.277295" lon="-77.57054">
        <ele>3225.8</ele>
      </trkpt>
      <trkpt lat="-9.27723" lon="-77.570508">
        <ele>3226.4</ele>
      </trkpt>
      <trkpt lat="-9.277172" lon="-77.570482">
        <ele>3227</ele>
      </trkpt>
      <trkpt lat="-9.277117" lon="-77.57045">
        <ele>3227.6</ele>
      </trkpt>
      <trkpt lat="-9.277065" lon="-77.570425">
        <ele>3227.8</ele>
      </trkpt>
      <trkpt lat="-9.277012" lon="-77.570405">
        <ele>3228.2</ele>
      </trkpt>
      <trkpt lat="-9.276957" lon="-77.570393">
        <ele>3228.2</ele>
      </trkpt>
      <trkpt lat="-9.276903" lon="-77.570387">
        <ele>3228.2</ele>
      </trkpt>
      <trkpt lat="-9.276863" lon="-77.57038">
        <ele>3228.2</ele>
      </trkpt>
      <trkpt lat="-9.276822" lon="-77.570373">
        <ele>3228.6</ele>
      </trkpt>
      <trkpt lat="-9.276778" lon="-77.570355">
        <ele>3229</ele>
      </trkpt>
      <trkpt lat="-9.276748" lon="-77.570335">
        <ele>3229.4</ele>
      </trkpt>
      <trkpt lat="-9.276718" lon="-77.57031">
        <ele>3230</ele>
      </trkpt>
      <trkpt lat="-9.276683" lon="-77.570272">
        <ele>3230</ele>
      </trkpt>
      <trkpt lat="-9.276655" lon="-77.570233">
        <ele>3230</ele>
      </trkpt>
      <trkpt lat="-9.276608" lon="-77.570182">
        <ele>3229.6</ele>
      </trkpt>
      <trkpt lat="-9.27657" lon="-77.570137">
        <ele>3229.6</ele>
      </trkpt>
      <trkpt lat="-9.276537" lon="-77.570105">
        <ele>3229.4</ele>
      </trkpt>
      <trkpt lat="-9.276507" lon="-77.570085">
        <ele>3229</ele>
      </trkpt>
      <trkpt lat="-9.276492" lon="-77.570067">
        <ele>3228.2</ele>
      </trkpt>
      <trkpt lat="-9.276478" lon="-77.570053">
        <ele>3227.8</ele>
      </trkpt>
      <trkpt lat="-9.276465" lon="-77.570035">
        <ele>3227.4</ele>
      </trkpt>
      <trkpt lat="-9.276442" lon="-77.570015">
        <ele>3227.2</ele>
      </trkpt>
      <trkpt lat="-9.276425" lon="-77.569997">
        <ele>3227.2</ele>
      </trkpt>
      <trkpt lat="-9.276412" lon="-77.569983">
        <ele>3227.2</ele>
      </trkpt>
      <trkpt lat="-9.276378" lon="-77.569958">
        <ele>3227.2</ele>
      </trkpt>
      <trkpt lat="-9.276357" lon="-77.569938">
        <ele>3227.2</ele>
      </trkpt>
      <trkpt lat="-9.276332" lon="-77.569925">
        <ele>3227</ele>
      </trkpt>
      <trkpt lat="-9.276302" lon="-77.569907">
        <ele>3227.2</ele>
      </trkpt>
      <trkpt lat="-9.276278" lon="-77.5699">
        <ele>3227.2</ele>
      </trkpt>
      <trkpt lat="-9.276198" lon="-77.5699">
        <ele>3227.8</ele>
      </trkpt>
      <trkpt lat="-9.276173" lon="-77.5699">
        <ele>3228.6</ele>
      </trkpt>
      <trkpt lat="-9.276155" lon="-77.569907">
        <ele>3228.8</ele>
      </trkpt>
      <trkpt lat="-9.276127" lon="-77.5699">
        <ele>3229.4</ele>
      </trkpt>
      <trkpt lat="-9.276103" lon="-77.5699">
        <ele>3230</ele>
      </trkpt>
      <trkpt lat="-9.276078" lon="-77.569887">
        <ele>3230.4</ele>
      </trkpt>
      <trkpt lat="-9.276048" lon="-77.569868">
        <ele>3230.4</ele>
      </trkpt>
      <trkpt lat="-9.276015" lon="-77.569855">
        <ele>3230.8</ele>
      </trkpt>
      <trkpt lat="-9.27598" lon="-77.56983">
        <ele>3231.8</ele>
      </trkpt>
      <trkpt lat="-9.275943" lon="-77.569817">
        <ele>3232</ele>
      </trkpt>
      <trkpt lat="-9.275908" lon="-77.56981">
        <ele>3232.4</ele>
      </trkpt>
      <trkpt lat="-9.27587" lon="-77.569798">
        <ele>3232.8</ele>
      </trkpt>
      <trkpt lat="-9.275835" lon="-77.569785">
        <ele>3233.6</ele>
      </trkpt>
      <trkpt lat="-9.275797" lon="-77.56976">
        <ele>3234.2</ele>
      </trkpt>
      <trkpt lat="-9.275752" lon="-77.569747">
        <ele>3234.6</ele>
      </trkpt>
      <trkpt lat="-9.27572" lon="-77.56974">
        <ele>3235.4</ele>
      </trkpt>
      <trkpt lat="-9.275672" lon="-77.569727">
        <ele>3236.2</ele>
      </trkpt>
      <trkpt lat="-9.275632" lon="-77.569708">
        <ele>3236.4</ele>
      </trkpt>
      <trkpt lat="-9.275592" lon="-77.569695">
        <ele>3237.2</ele>
      </trkpt>
      <trkpt lat="-9.275548" lon="-77.569677">
        <ele>3238.2</ele>
      </trkpt>
      <trkpt lat="-9.275507" lon="-77.56967">
        <ele>3239.2</ele>
      </trkpt>
      <trkpt lat="-9.275467" lon="-77.569663">
        <ele>3240</ele>
      </trkpt>
      <trkpt lat="-9.275428" lon="-77.56965">
        <ele>3240.2</ele>
      </trkpt>
      <trkpt lat="-9.27539" lon="-77.569638">
        <ele>3241.2</ele>
      </trkpt>
      <trkpt lat="-9.275368" lon="-77.569618">
        <ele>3242</ele>
      </trkpt>
      <trkpt lat="-9.275355" lon="-77.5696">
        <ele>3242.8</ele>
      </trkpt>
      <trkpt lat="-9.27534" lon="-77.569587">
        <ele>3243.2</ele>
      </trkpt>
      <trkpt lat="-9.27532" lon="-77.569573">
        <ele>3243.4</ele>
      </trkpt>
      <trkpt lat="-9.2753" lon="-77.569573">
        <ele>3243.4</ele>
      </trkpt>
      <trkpt lat="-9.275275" lon="-77.56958">
        <ele>3244</ele>
      </trkpt>
      <trkpt lat="-9.275255" lon="-77.56958">
        <ele>3244.2</ele>
      </trkpt>
      <trkpt lat="-9.27524" lon="-77.569618">
        <ele>3243.8</ele>
      </trkpt>
      <trkpt lat="-9.275238" lon="-77.569638">
        <ele>3243.4</ele>
      </trkpt>
      <trkpt lat="-9.275243" lon="-77.56967">
        <ele>3243.4</ele>
      </trkpt>
      <trkpt lat="-9.275263" lon="-77.569695">
        <ele>3243.4</ele>
      </trkpt>
      <trkpt lat="-9.275285" lon="-77.569727">
        <ele>3243.4</ele>
      </trkpt>
      <trkpt lat="-9.275315" lon="-77.569747">
        <ele>3243.4</ele>
      </trkpt>
      <trkpt lat="-9.275343" lon="-77.569778">
        <ele>3243.2</ele>
      </trkpt>
      <trkpt lat="-9.275375" lon="-77.569798">
        <ele>3243</ele>
      </trkpt>
      <trkpt lat="-9.275407" lon="-77.56983">
        <ele>3243</ele>
      </trkpt>
      <trkpt lat="-9.27544" lon="-77.569862">
        <ele>3242.8</ele>
      </trkpt>
      <trkpt lat="-9.275478" lon="-77.5699">
        <ele>3242.4</ele>
      </trkpt>
      <trkpt lat="-9.275507" lon="-77.569925">
        <ele>3242.4</ele>
      </trkpt>
      <trkpt lat="-9.275537" lon="-77.569945">
        <ele>3242.6</ele>
      </trkpt>
      <trkpt lat="-9.27556" lon="-77.569977">
        <ele>3242.6</ele>
      </trkpt>
      <trkpt lat="-9.27558" lon="-77.569997">
        <ele>3242.8</ele>
      </trkpt>
      <trkpt lat="-9.275593" lon="-77.570015">
        <ele>3243.2</ele>
      </trkpt>
      <trkpt lat="-9.275612" lon="-77.570028">
        <ele>3243.2</ele>
      </trkpt>
      <trkpt lat="-9.27564" lon="-77.570047">
        <ele>3242.8</ele>
      </trkpt>
      <trkpt lat="-9.275672" lon="-77.570053">
        <ele>3242.8</ele>
      </trkpt>
      <trkpt lat="-9.275692" lon="-77.57006">
        <ele>3242.8</ele>
      </trkpt>
      <trkpt lat="-9.275712" lon="-77.570067">
        <ele>3242.8</ele>
      </trkpt>
      <trkpt lat="-9.27573" lon="-77.570073">
        <ele>3242.8</ele>
      </trkpt>
      <trkpt lat="-9.275755" lon="-77.570085">
        <ele>3242.8</ele>
      </trkpt>
      <trkpt lat="-9.275787" lon="-77.570092">
        <ele>3242.6</ele>
      </trkpt>
      <trkpt lat="-9.275835" lon="-77.570112">
        <ele>3242.6</ele>
      </trkpt>
      <trkpt lat="-9.275868" lon="-77.57013">
        <ele>3242.2</ele>
      </trkpt>
      <trkpt lat="-9.275915" lon="-77.57015">
        <ele>3242</ele>
      </trkpt>
      <trkpt lat="-9.275963" lon="-77.570182">
        <ele>3241.4</ele>
      </trkpt>
      <trkpt lat="-9.276013" lon="-77.57022">
        <ele>3241.4</ele>
      </trkpt>
      <trkpt lat="-9.276058" lon="-77.570265">
        <ele>3242.2</ele>
      </trkpt>
      <trkpt lat="-9.276102" lon="-77.570322">
        <ele>3242.2</ele>
      </trkpt>
      <trkpt lat="-9.27614" lon="-77.57038">
        <ele>3242.2</ele>
      </trkpt>
      <trkpt lat="-9.276173" lon="-77.57045">
        <ele>3241.2</ele>
      </trkpt>
      <trkpt lat="-9.276188" lon="-77.570502">
        <ele>3240.8</ele>
      </trkpt>
      <trkpt lat="-9.276202" lon="-77.570565">
        <ele>3240.6</ele>
      </trkpt>
      <trkpt lat="-9.276213" lon="-77.570623">
        <ele>3240</ele>
      </trkpt>
      <trkpt lat="-9.276217" lon="-77.570687">
        <ele>3239.8</ele>
      </trkpt>
      <trkpt lat="-9.276213" lon="-77.570752">
        <ele>3239.6</ele>
      </trkpt>
      <trkpt lat="-9.2762" lon="-77.570808">
        <ele>3239.6</ele>
      </trkpt>
      <trkpt lat="-9.276178" lon="-77.57086">
        <ele>3239.6</ele>
      </trkpt>
      <trkpt lat="-9.276147" lon="-77.570918">
        <ele>3239.6</ele>
      </trkpt>
      <trkpt lat="-9.276112" lon="-77.570962">
        <ele>3239.6</ele>
      </trkpt>
      <trkpt lat="-9.276065" lon="-77.571">
        <ele>3239.6</ele>
      </trkpt>
      <trkpt lat="-9.276015" lon="-77.571045">
        <ele>3239.4</ele>
      </trkpt>
      <trkpt lat="-9.275953" lon="-77.571078">
        <ele>3239</ele>
      </trkpt>
      <trkpt lat="-9.275888" lon="-77.571103">
        <ele>3239</ele>
      </trkpt>
      <trkpt lat="-9.275822" lon="-77.571128">
        <ele>3239.2</ele>
      </trkpt>
      <trkpt lat="-9.275752" lon="-77.571142">
        <ele>3239.6</ele>
      </trkpt>
      <trkpt lat="-9.27568" lon="-77.57116">
        <ele>3239.6</ele>
      </trkpt>
      <trkpt lat="-9.275612" lon="-77.57118">
        <ele>3239.8</ele>
      </trkpt>
      <trkpt lat="-9.275538" lon="-77.571205">
        <ele>3240</ele>
      </trkpt>
      <trkpt lat="-9.275463" lon="-77.571238">
        <ele>3240</ele>
      </trkpt>
      <trkpt lat="-9.275393" lon="-77.571257">
        <ele>3239.8</ele>
      </trkpt>
      <trkpt lat="-9.27532" lon="-77.571288">
        <ele>3239.6</ele>
      </trkpt>
      <trkpt lat="-9.27525" lon="-77.571308">
        <ele>3239.2</ele>
      </trkpt>
      <trkpt lat="-9.27518" lon="-77.57132">
        <ele>3239</ele>
      </trkpt>
      <trkpt lat="-9.275115" lon="-77.571327">
        <ele>3238.6</ele>
      </trkpt>
      <trkpt lat="-9.275045" lon="-77.57132">
        <ele>3238.2</ele>
      </trkpt>
      <trkpt lat="-9.274978" lon="-77.571302">
        <ele>3237.4</ele>
      </trkpt>
      <trkpt lat="-9.274913" lon="-77.571295">
        <ele>3236.4</ele>
      </trkpt>
      <trkpt lat="-9.274847" lon="-77.571295">
        <ele>3236</ele>
      </trkpt>
      <trkpt lat="-9.274787" lon="-77.57132">
        <ele>3235.2</ele>
      </trkpt>
      <trkpt lat="-9.274732" lon="-77.571347">
        <ele>3235</ele>
      </trkpt>
      <trkpt lat="-9.27467" lon="-77.571372">
        <ele>3235</ele>
      </trkpt>
      <trkpt lat="-9.2746" lon="-77.571403">
        <ele>3234.8</ele>
      </trkpt>
      <trkpt lat="-9.27453" lon="-77.571437">
        <ele>3234.8</ele>
      </trkpt>
      <trkpt lat="-9.274457" lon="-77.571455">
        <ele>3234.4</ele>
      </trkpt>
      <trkpt lat="-9.27438" lon="-77.57148">
        <ele>3234.2</ele>
      </trkpt>
      <trkpt lat="-9.2743" lon="-77.571493">
        <ele>3234</ele>
      </trkpt>
      <trkpt lat="-9.274207" lon="-77.571525">
        <ele>3233.6</ele>
      </trkpt>
      <trkpt lat="-9.274142" lon="-77.571545">
        <ele>3233</ele>
      </trkpt>
      <trkpt lat="-9.27408" lon="-77.57157">
        <ele>3232.4</ele>
      </trkpt>
      <trkpt lat="-9.273983" lon="-77.571602">
        <ele>3232.2</ele>
      </trkpt>
      <trkpt lat="-9.27389" lon="-77.571635">
        <ele>3231.8</ele>
      </trkpt>
      <trkpt lat="-9.273833" lon="-77.571653">
        <ele>3231.4</ele>
      </trkpt>
      <trkpt lat="-9.273757" lon="-77.57168">
        <ele>3230.8</ele>
      </trkpt>
      <trkpt lat="-9.273682" lon="-77.571698">
        <ele>3230.2</ele>
      </trkpt>
      <trkpt lat="-9.273612" lon="-77.57173">
        <ele>3229.6</ele>
      </trkpt>
      <trkpt lat="-9.273547" lon="-77.571768">
        <ele>3229.4</ele>
      </trkpt>
      <trkpt lat="-9.273487" lon="-77.571813">
        <ele>3229</ele>
      </trkpt>
      <trkpt lat="-9.273433" lon="-77.571858">
        <ele>3228.4</ele>
      </trkpt>
      <trkpt lat="-9.273387" lon="-77.571917">
        <ele>3227.8</ele>
      </trkpt>
      <trkpt lat="-9.273347" lon="-77.571973">
        <ele>3227.4</ele>
      </trkpt>
      <trkpt lat="-9.273313" lon="-77.572038">
        <ele>3227</ele>
      </trkpt>
      <trkpt lat="-9.273295" lon="-77.572102">
        <ele>3226.8</ele>
      </trkpt>
      <trkpt lat="-9.273273" lon="-77.57216">
        <ele>3226.8</ele>
      </trkpt>
      <trkpt lat="-9.273255" lon="-77.572198">
        <ele>3226.8</ele>
      </trkpt>
      <trkpt lat="-9.273243" lon="-77.572242">
        <ele>3226.6</ele>
      </trkpt>
      <trkpt lat="-9.273228" lon="-77.57228">
        <ele>3225.8</ele>
      </trkpt>
      <trkpt lat="-9.273208" lon="-77.57232">
        <ele>3225.8</ele>
      </trkpt>
      <trkpt lat="-9.273175" lon="-77.572352">
        <ele>3226.2</ele>
      </trkpt>
      <trkpt lat="-9.273137" lon="-77.572377">
        <ele>3226.8</ele>
      </trkpt>
      <trkpt lat="-9.273085" lon="-77.572397">
        <ele>3226.8</ele>
      </trkpt>
      <trkpt lat="-9.273037" lon="-77.572402">
        <ele>3226.8</ele>
      </trkpt>
      <trkpt lat="-9.27299" lon="-77.572408">
        <ele>3226.6</ele>
      </trkpt>
      <trkpt lat="-9.272945" lon="-77.572415">
        <ele>3226.6</ele>
      </trkpt>
      <trkpt lat="-9.272918" lon="-77.572428">
        <ele>3226.2</ele>
      </trkpt>
      <trkpt lat="-9.272885" lon="-77.572447">
        <ele>3226.2</ele>
      </trkpt>
      <trkpt lat="-9.272858" lon="-77.57246">
        <ele>3226.2</ele>
      </trkpt>
      <trkpt lat="-9.272842" lon="-77.572492">
        <ele>3226.2</ele>
      </trkpt>
      <trkpt lat="-9.272827" lon="-77.57253">
        <ele>3226.6</ele>
      </trkpt>
      <trkpt lat="-9.272822" lon="-77.572562">
        <ele>3227</ele>
      </trkpt>
      <trkpt lat="-9.272807" lon="-77.572627">
        <ele>3227.6</ele>
      </trkpt>
      <trkpt lat="-9.272793" lon="-77.572678">
        <ele>3227.6</ele>
      </trkpt>
      <trkpt lat="-9.27278" lon="-77.572722">
        <ele>3227.6</ele>
      </trkpt>
      <trkpt lat="-9.272778" lon="-77.572773">
        <ele>3227.6</ele>
      </trkpt>
      <trkpt lat="-9.272802" lon="-77.572832">
        <ele>3227</ele>
      </trkpt>
      <trkpt lat="-9.272817" lon="-77.572895">
        <ele>3227</ele>
      </trkpt>
      <trkpt lat="-9.272822" lon="-77.572947">
        <ele>3227</ele>
      </trkpt>
      <trkpt lat="-9.272855" lon="-77.572985">
        <ele>3227.2</ele>
      </trkpt>
      <trkpt lat="-9.272902" lon="-77.573003">
        <ele>3227.4</ele>
      </trkpt>
      <trkpt lat="-9.272962" lon="-77.57303">
        <ele>3228.4</ele>
      </trkpt>
      <trkpt lat="-9.273027" lon="-77.573042">
        <ele>3228.8</ele>
      </trkpt>
      <trkpt lat="-9.273097" lon="-77.573048">
        <ele>3229</ele>
      </trkpt>
      <trkpt lat="-9.27317" lon="-77.573068">
        <ele>3229.6</ele>
      </trkpt>
      <trkpt lat="-9.273242" lon="-77.57308">
        <ele>3230</ele>
      </trkpt>
      <trkpt lat="-9.273312" lon="-77.57312">
        <ele>3230.4</ele>
      </trkpt>
      <trkpt lat="-9.273378" lon="-77.573145">
        <ele>3230.4</ele>
      </trkpt>
      <trkpt lat="-9.273443" lon="-77.573183">
        <ele>3230.6</ele>
      </trkpt>
      <trkpt lat="-9.273505" lon="-77.573228">
        <ele>3231.2</ele>
      </trkpt>
      <trkpt lat="-9.273562" lon="-77.573267">
        <ele>3231.4</ele>
      </trkpt>
      <trkpt lat="-9.273617" lon="-77.573312">
        <ele>3231.8</ele>
      </trkpt>
      <trkpt lat="-9.27366" lon="-77.573357">
        <ele>3232.2</ele>
      </trkpt>
      <trkpt lat="-9.273698" lon="-77.5734">
        <ele>3232.8</ele>
      </trkpt>
      <trkpt lat="-9.27374" lon="-77.573452">
        <ele>3233</ele>
      </trkpt>
      <trkpt lat="-9.27378" lon="-77.57351">
        <ele>3233</ele>
      </trkpt>
      <trkpt lat="-9.27383" lon="-77.57356">
        <ele>3233</ele>
      </trkpt>
      <trkpt lat="-9.27388" lon="-77.573605">
        <ele>3233</ele>
      </trkpt>
      <trkpt lat="-9.273942" lon="-77.573663">
        <ele>3233.4</ele>
      </trkpt>
      <trkpt lat="-9.274008" lon="-77.573702">
        <ele>3233.6</ele>
      </trkpt>
      <trkpt lat="-9.27408" lon="-77.57374">
        <ele>3233.6</ele>
      </trkpt>
      <trkpt lat="-9.274147" lon="-77.57376">
        <ele>3233.6</ele>
      </trkpt>
      <trkpt lat="-9.274217" lon="-77.573785">
        <ele>3233.6</ele>
      </trkpt>
      <trkpt lat="-9.274285" lon="-77.573803">
        <ele>3234</ele>
      </trkpt>
      <trkpt lat="-9.274355" lon="-77.573823">
        <ele>3234.2</ele>
      </trkpt>
      <trkpt lat="-9.274417" lon="-77.573842">
        <ele>3234.2</ele>
      </trkpt>
      <trkpt lat="-9.274443" lon="-77.5739">
        <ele>3234.6</ele>
      </trkpt>
      <trkpt lat="-9.274485" lon="-77.573938">
        <ele>3235</ele>
      </trkpt>
      <trkpt lat="-9.274515" lon="-77.573997">
        <ele>3235.2</ele>
      </trkpt>
      <trkpt lat="-9.274518" lon="-77.57404">
        <ele>3235.4</ele>
      </trkpt>
      <trkpt lat="-9.274503" lon="-77.574098">
        <ele>3235.8</ele>
      </trkpt>
      <trkpt lat="-9.274468" lon="-77.574143">
        <ele>3236.6</ele>
      </trkpt>
      <trkpt lat="-9.274417" lon="-77.574175">
        <ele>3237.4</ele>
      </trkpt>
      <trkpt lat="-9.274358" lon="-77.574207">
        <ele>3237.6</ele>
      </trkpt>
      <trkpt lat="-9.274297" lon="-77.57424">
        <ele>3237.8</ele>
      </trkpt>
      <trkpt lat="-9.27424" lon="-77.574283">
        <ele>3239</ele>
      </trkpt>
      <trkpt lat="-9.274188" lon="-77.574335">
        <ele>3239.2</ele>
      </trkpt>
      <trkpt lat="-9.274142" lon="-77.57438">
        <ele>3239.6</ele>
      </trkpt>
      <trkpt lat="-9.2741" lon="-77.574438">
        <ele>3239.8</ele>
      </trkpt>
      <trkpt lat="-9.27406" lon="-77.574495">
        <ele>3240</ele>
      </trkpt>
      <trkpt lat="-9.274013" lon="-77.574553">
        <ele>3240.4</ele>
      </trkpt>
      <trkpt lat="-9.273965" lon="-77.574617">
        <ele>3241.6</ele>
      </trkpt>
      <trkpt lat="-9.273918" lon="-77.574675">
        <ele>3241.8</ele>
      </trkpt>
      <trkpt lat="-9.27386" lon="-77.574732">
        <ele>3242</ele>
      </trkpt>
      <trkpt lat="-9.273797" lon="-77.574777">
        <ele>3242.6</ele>
      </trkpt>
      <trkpt lat="-9.273732" lon="-77.574815">
        <ele>3242.6</ele>
      </trkpt>
      <trkpt lat="-9.273672" lon="-77.574853">
        <ele>3243.2</ele>
      </trkpt>
      <trkpt lat="-9.273612" lon="-77.574892">
        <ele>3243.6</ele>
      </trkpt>
      <trkpt lat="-9.273558" lon="-77.57493">
        <ele>3243.6</ele>
      </trkpt>
      <trkpt lat="-9.273502" lon="-77.574957">
        <ele>3243.8</ele>
      </trkpt>
      <trkpt lat="-9.273442" lon="-77.574988">
        <ele>3244.2</ele>
      </trkpt>
      <trkpt lat="-9.273408" lon="-77.575">
        <ele>3244.6</ele>
      </trkpt>
      <trkpt lat="-9.27338" lon="-77.575027">
        <ele>3244.6</ele>
      </trkpt>
      <trkpt lat="-9.273337" lon="-77.575052">
        <ele>3244.6</ele>
      </trkpt>
      <trkpt lat="-9.273308" lon="-77.575072">
        <ele>3244.6</ele>
      </trkpt>
      <trkpt lat="-9.273262" lon="-77.57511">
        <ele>3244.6</ele>
      </trkpt>
      <trkpt lat="-9.27322" lon="-77.575142">
        <ele>3244.8</ele>
      </trkpt>
      <trkpt lat="-9.27318" lon="-77.575193">
        <ele>3245.6</ele>
      </trkpt>
      <trkpt lat="-9.273143" lon="-77.575238">
        <ele>3245.8</ele>
      </trkpt>
      <trkpt lat="-9.27312" lon="-77.575308">
        <ele>3246.2</ele>
      </trkpt>
      <trkpt lat="-9.27311" lon="-77.575385">
        <ele>3247</ele>
      </trkpt>
      <trkpt lat="-9.273115" lon="-77.575462">
        <ele>3247</ele>
      </trkpt>
      <trkpt lat="-9.273123" lon="-77.575545">
        <ele>3247</ele>
      </trkpt>
      <trkpt lat="-9.273137" lon="-77.575608">
        <ele>3247</ele>
      </trkpt>
      <trkpt lat="-9.273153" lon="-77.575698">
        <ele>3246.8</ele>
      </trkpt>
      <trkpt lat="-9.273175" lon="-77.575782">
        <ele>3246.8</ele>
      </trkpt>
      <trkpt lat="-9.273202" lon="-77.575858">
        <ele>3246.8</ele>
      </trkpt>
      <trkpt lat="-9.273228" lon="-77.575928">
        <ele>3246.8</ele>
      </trkpt>
      <trkpt lat="-9.273255" lon="-77.575987">
        <ele>3246.2</ele>
      </trkpt>
      <trkpt lat="-9.273282" lon="-77.57605">
        <ele>3246</ele>
      </trkpt>
      <trkpt lat="-9.273308" lon="-77.576102">
        <ele>3246</ele>
      </trkpt>
      <trkpt lat="-9.273328" lon="-77.57614">
        <ele>3245.8</ele>
      </trkpt>
      <trkpt lat="-9.273343" lon="-77.576172">
        <ele>3245.6</ele>
      </trkpt>
      <trkpt lat="-9.273355" lon="-77.576192">
        <ele>3245</ele>
      </trkpt>
      <trkpt lat="-9.273362" lon="-77.57621">
        <ele>3244.8</ele>
      </trkpt>
      <trkpt lat="-9.27338" lon="-77.576248">
        <ele>3244.6</ele>
      </trkpt>
      <trkpt lat="-9.273393" lon="-77.576287">
        <ele>3244.4</ele>
      </trkpt>
      <trkpt lat="-9.273412" lon="-77.576325">
        <ele>3244.4</ele>
      </trkpt>
      <trkpt lat="-9.273428" lon="-77.576352">
        <ele>3244.6</ele>
      </trkpt>
      <trkpt lat="-9.273458" lon="-77.576408">
        <ele>3244.8</ele>
      </trkpt>
      <trkpt lat="-9.273487" lon="-77.576453">
        <ele>3245.2</ele>
      </trkpt>
      <trkpt lat="-9.273513" lon="-77.576492">
        <ele>3245.2</ele>
      </trkpt>
      <trkpt lat="-9.273542" lon="-77.576523">
        <ele>3245</ele>
      </trkpt>
      <trkpt lat="-9.273577" lon="-77.57655">
        <ele>3245</ele>
      </trkpt>
      <trkpt lat="-9.273618" lon="-77.576575">
        <ele>3245</ele>
      </trkpt>
      <trkpt lat="-9.273672" lon="-77.57662">
        <ele>3245</ele>
      </trkpt>
      <trkpt lat="-9.273727" lon="-77.576658">
        <ele>3245</ele>
      </trkpt>
      <trkpt lat="-9.273788" lon="-77.576697">
        <ele>3244.8</ele>
      </trkpt>
      <trkpt lat="-9.273855" lon="-77.576722">
        <ele>3244.8</ele>
      </trkpt>
      <trkpt lat="-9.273928" lon="-77.576748">
        <ele>3245.2</ele>
      </trkpt>
      <trkpt lat="-9.274008" lon="-77.576773">
        <ele>3245.2</ele>
      </trkpt>
      <trkpt lat="-9.274087" lon="-77.5768">
        <ele>3245</ele>
      </trkpt>
      <trkpt lat="-9.27416" lon="-77.576812">
        <ele>3244.8</ele>
      </trkpt>
      <trkpt lat="-9.27424" lon="-77.576818">
        <ele>3244.8</ele>
      </trkpt>
      <trkpt lat="-9.274318" lon="-77.576818">
        <ele>3244.8</ele>
      </trkpt>
      <trkpt lat="-9.2744" lon="-77.576812">
        <ele>3244.8</ele>
      </trkpt>
      <trkpt lat="-9.274475" lon="-77.5768">
        <ele>3244.8</ele>
      </trkpt>
      <trkpt lat="-9.274543" lon="-77.576773">
        <ele>3244.6</ele>
      </trkpt>
      <trkpt lat="-9.274613" lon="-77.576742">
        <ele>3244.4</ele>
      </trkpt>
      <trkpt lat="-9.274675" lon="-77.576722">
        <ele>3244.2</ele>
      </trkpt>
      <trkpt lat="-9.274742" lon="-77.576703">
        <ele>3244.2</ele>
      </trkpt>
      <trkpt lat="-9.274807" lon="-77.576697">
        <ele>3244.2</ele>
      </trkpt>
      <trkpt lat="-9.274868" lon="-77.576697">
        <ele>3244</ele>
      </trkpt>
      <trkpt lat="-9.274932" lon="-77.576697">
        <ele>3244</ele>
      </trkpt>
      <trkpt lat="-9.274995" lon="-77.576697">
        <ele>3243.8</ele>
      </trkpt>
      <trkpt lat="-9.275052" lon="-77.576703">
        <ele>3242.8</ele>
      </trkpt>
      <trkpt lat="-9.275112" lon="-77.576728">
        <ele>3242.2</ele>
      </trkpt>
      <trkpt lat="-9.27517" lon="-77.576742">
        <ele>3242.2</ele>
      </trkpt>
      <trkpt lat="-9.275228" lon="-77.57676">
        <ele>3242.2</ele>
      </trkpt>
      <trkpt lat="-9.27529" lon="-77.576773">
        <ele>3242.2</ele>
      </trkpt>
      <trkpt lat="-9.275342" lon="-77.576787">
        <ele>3242.2</ele>
      </trkpt>
      <trkpt lat="-9.27539" lon="-77.576818">
        <ele>3242.2</ele>
      </trkpt>
      <trkpt lat="-9.275437" lon="-77.576843">
        <ele>3242.2</ele>
      </trkpt>
      <trkpt lat="-9.27548" lon="-77.576877">
        <ele>3242.2</ele>
      </trkpt>
      <trkpt lat="-9.275517" lon="-77.576908">
        <ele>3242.4</ele>
      </trkpt>
      <trkpt lat="-9.275547" lon="-77.57694">
        <ele>3242.8</ele>
      </trkpt>
      <trkpt lat="-9.275568" lon="-77.576978">
        <ele>3242.8</ele>
      </trkpt>
      <trkpt lat="-9.275593" lon="-77.577017">
        <ele>3242.8</ele>
      </trkpt>
      <trkpt lat="-9.275607" lon="-77.577048">
        <ele>3243.4</ele>
      </trkpt>
      <trkpt lat="-9.275617" lon="-77.577075">
        <ele>3243.4</ele>
      </trkpt>
      <trkpt lat="-9.27562" lon="-77.577093">
        <ele>3243.4</ele>
      </trkpt>
      <trkpt lat="-9.275627" lon="-77.57712">
        <ele>3243.2</ele>
      </trkpt>
      <trkpt lat="-9.27564" lon="-77.577138">
        <ele>3241.6</ele>
      </trkpt>
      <trkpt lat="-9.275653" lon="-77.57717">
        <ele>3241.6</ele>
      </trkpt>
      <trkpt lat="-9.275665" lon="-77.577208">
        <ele>3241.8</ele>
      </trkpt>
      <trkpt lat="-9.275678" lon="-77.57726">
        <ele>3242.2</ele>
      </trkpt>
      <trkpt lat="-9.27569" lon="-77.577318">
        <ele>3242.2</ele>
      </trkpt>
      <trkpt lat="-9.275702" lon="-77.577368">
        <ele>3242.2</ele>
      </trkpt>
      <trkpt lat="-9.27572" lon="-77.57742">
        <ele>3241.8</ele>
      </trkpt>
      <trkpt lat="-9.27574" lon="-77.577483">
        <ele>3242</ele>
      </trkpt>
      <trkpt lat="-9.275778" lon="-77.57756">
        <ele>3242</ele>
      </trkpt>
      <trkpt lat="-9.275812" lon="-77.577618">
        <ele>3241.6</ele>
      </trkpt>
      <trkpt lat="-9.27585" lon="-77.577688">
        <ele>3241.6</ele>
      </trkpt>
      <trkpt lat="-9.275885" lon="-77.57776">
        <ele>3241</ele>
      </trkpt>
      <trkpt lat="-9.275925" lon="-77.57783">
        <ele>3240.8</ele>
      </trkpt>
      <trkpt lat="-9.275958" lon="-77.57788">
        <ele>3240.8</ele>
      </trkpt>
      <trkpt lat="-9.276003" lon="-77.577952">
        <ele>3240.8</ele>
      </trkpt>
      <trkpt lat="-9.27604" lon="-77.577997">
        <ele>3240.6</ele>
      </trkpt>
      <trkpt lat="-9.276082" lon="-77.578047">
        <ele>3240.4</ele>
      </trkpt>
      <trkpt lat="-9.276128" lon="-77.578098">
        <ele>3240.2</ele>
      </trkpt>
      <trkpt lat="-9.276167" lon="-77.57815">
        <ele>3240.2</ele>
      </trkpt>
      <trkpt lat="-9.276203" lon="-77.578195">
        <ele>3240</ele>
      </trkpt>
      <trkpt lat="-9.276242" lon="-77.57824">
        <ele>3239.4</ele>
      </trkpt>
      <trkpt lat="-9.276278" lon="-77.578283">
        <ele>3239.4</ele>
      </trkpt>
      <trkpt lat="-9.276307" lon="-77.578335">
        <ele>3239.6</ele>
      </trkpt>
      <trkpt lat="-9.276332" lon="-77.578393">
        <ele>3239.6</ele>
      </trkpt>
      <trkpt lat="-9.27635" lon="-77.578443">
        <ele>3239.2</ele>
      </trkpt>
      <trkpt lat="-9.276357" lon="-77.578508">
        <ele>3238.8</ele>
      </trkpt>
      <trkpt lat="-9.276352" lon="-77.578572">
        <ele>3238.2</ele>
      </trkpt>
      <trkpt lat="-9.27634" lon="-77.578648">
        <ele>3238.2</ele>
      </trkpt>
      <trkpt lat="-9.276318" lon="-77.578725">
        <ele>3238</ele>
      </trkpt>
      <trkpt lat="-9.276293" lon="-77.578797">
        <ele>3237.2</ele>
      </trkpt>
      <trkpt lat="-9.276272" lon="-77.578873">
        <ele>3236.8</ele>
      </trkpt>
      <trkpt lat="-9.276247" lon="-77.578943">
        <ele>3236.2</ele>
      </trkpt>
      <trkpt lat="-9.276213" lon="-77.579">
        <ele>3235.4</ele>
      </trkpt>
      <trkpt lat="-9.276173" lon="-77.579065">
        <ele>3235</ele>
      </trkpt>
      <trkpt lat="-9.27612" lon="-77.57911">
        <ele>3235</ele>
      </trkpt>
      <trkpt lat="-9.276058" lon="-77.57916">
        <ele>3235.2</ele>
      </trkpt>
      <trkpt lat="-9.275998" lon="-77.579225">
        <ele>3235.2</ele>
      </trkpt>
      <trkpt lat="-9.275943" lon="-77.579282">
        <ele>3235.2</ele>
      </trkpt>
      <trkpt lat="-9.275895" lon="-77.579347">
        <ele>3234.8</ele>
      </trkpt>
      <trkpt lat="-9.27585" lon="-77.579403">
        <ele>3234.6</ele>
      </trkpt>
      <trkpt lat="-9.275815" lon="-77.579475">
        <ele>3234</ele>
      </trkpt>
      <trkpt lat="-9.275778" lon="-77.579538">
        <ele>3233.2</ele>
      </trkpt>
      <trkpt lat="-9.275737" lon="-77.579597">
        <ele>3232.6</ele>
      </trkpt>
      <trkpt lat="-9.275687" lon="-77.57964">
        <ele>3232.4</ele>
      </trkpt>
      <trkpt lat="-9.275632" lon="-77.57968">
        <ele>3231.8</ele>
      </trkpt>
      <trkpt lat="-9.275562" lon="-77.579712">
        <ele>3231.2</ele>
      </trkpt>
      <trkpt lat="-9.275492" lon="-77.579737">
        <ele>3231.2</ele>
      </trkpt>
      <trkpt lat="-9.275418" lon="-77.579743">
        <ele>3231.2</ele>
      </trkpt>
      <trkpt lat="-9.275355" lon="-77.57975">
        <ele>3231</ele>
      </trkpt>
      <trkpt lat="-9.275268" lon="-77.579757">
        <ele>3230.6</ele>
      </trkpt>
      <trkpt lat="-9.2752" lon="-77.579775">
        <ele>3230.6</ele>
      </trkpt>
      <trkpt lat="-9.275135" lon="-77.5798">
        <ele>3230.2</ele>
      </trkpt>
      <trkpt lat="-9.275077" lon="-77.579833">
        <ele>3230</ele>
      </trkpt>
      <trkpt lat="-9.275022" lon="-77.579872">
        <ele>3229.6</ele>
      </trkpt>
      <trkpt lat="-9.274972" lon="-77.57991">
        <ele>3229.4</ele>
      </trkpt>
      <trkpt lat="-9.274932" lon="-77.579935">
        <ele>3229.2</ele>
      </trkpt>
      <trkpt lat="-9.27488" lon="-77.579973">
        <ele>3229.2</ele>
      </trkpt>
      <trkpt lat="-9.274818" lon="-77.580025">
        <ele>3228.8</ele>
      </trkpt>
      <trkpt lat="-9.274758" lon="-77.580063">
        <ele>3228.4</ele>
      </trkpt>
      <trkpt lat="-9.274688" lon="-77.580102">
        <ele>3227.8</ele>
      </trkpt>
      <trkpt lat="-9.274658" lon="-77.580133">
        <ele>3227.2</ele>
      </trkpt>
      <trkpt lat="-9.274578" lon="-77.580172">
        <ele>3226.6</ele>
      </trkpt>
      <trkpt lat="-9.274517" lon="-77.580203">
        <ele>3225.2</ele>
      </trkpt>
      <trkpt lat="-9.274463" lon="-77.580255">
        <ele>3224.6</ele>
      </trkpt>
      <trkpt lat="-9.274425" lon="-77.580307">
        <ele>3224</ele>
      </trkpt>
      <trkpt lat="-9.274405" lon="-77.580377">
        <ele>3223</ele>
      </trkpt>
      <trkpt lat="-9.274395" lon="-77.580435">
        <ele>3222</ele>
      </trkpt>
      <trkpt lat="-9.274397" lon="-77.580498">
        <ele>3221.4</ele>
      </trkpt>
      <trkpt lat="-9.27441" lon="-77.580543">
        <ele>3221.2</ele>
      </trkpt>
      <trkpt lat="-9.274437" lon="-77.580582">
        <ele>3220.6</ele>
      </trkpt>
      <trkpt lat="-9.274463" lon="-77.580582">
        <ele>3220.4</ele>
      </trkpt>
      <trkpt lat="-9.274497" lon="-77.580575">
        <ele>3220</ele>
      </trkpt>
      <trkpt lat="-9.274543" lon="-77.580557">
        <ele>3219.8</ele>
      </trkpt>
      <trkpt lat="-9.274583" lon="-77.580537">
        <ele>3219.8</ele>
      </trkpt>
      <trkpt lat="-9.274628" lon="-77.580512">
        <ele>3220</ele>
      </trkpt>
      <trkpt lat="-9.274683" lon="-77.580498">
        <ele>3220.2</ele>
      </trkpt>
      <trkpt lat="-9.274742" lon="-77.580473">
        <ele>3220.4</ele>
      </trkpt>
      <trkpt lat="-9.274807" lon="-77.580467">
        <ele>3220.6</ele>
      </trkpt>
      <trkpt lat="-9.274893" lon="-77.580467">
        <ele>3221.2</ele>
      </trkpt>
      <trkpt lat="-9.274967" lon="-77.580473">
        <ele>3221.4</ele>
      </trkpt>
      <trkpt lat="-9.275032" lon="-77.580498">
        <ele>3221.4</ele>
      </trkpt>
      <trkpt lat="-9.275115" lon="-77.580518">
        <ele>3221.6</ele>
      </trkpt>
      <trkpt lat="-9.275168" lon="-77.580543">
        <ele>3221.6</ele>
      </trkpt>
      <trkpt lat="-9.27523" lon="-77.580575">
        <ele>3221.8</ele>
      </trkpt>
      <trkpt lat="-9.275293" lon="-77.580595">
        <ele>3221.8</ele>
      </trkpt>
      <trkpt lat="-9.275358" lon="-77.580595">
        <ele>3221.8</ele>
      </trkpt>
      <trkpt lat="-9.275422" lon="-77.580588">
        <ele>3221.8</ele>
      </trkpt>
      <trkpt lat="-9.275487" lon="-77.580575">
        <ele>3221.8</ele>
      </trkpt>
      <trkpt lat="-9.275552" lon="-77.580557">
        <ele>3221.8</ele>
      </trkpt>
      <trkpt lat="-9.27562" lon="-77.580543">
        <ele>3221.8</ele>
      </trkpt>
      <trkpt lat="-9.275692" lon="-77.580537">
        <ele>3222</ele>
      </trkpt>
      <trkpt lat="-9.275765" lon="-77.580537">
        <ele>3222</ele>
      </trkpt>
      <trkpt lat="-9.275843" lon="-77.580543">
        <ele>3222</ele>
      </trkpt>
      <trkpt lat="-9.275913" lon="-77.580557">
        <ele>3222.4</ele>
      </trkpt>
      <trkpt lat="-9.275983" lon="-77.580568">
        <ele>3223</ele>
      </trkpt>
      <trkpt lat="-9.276055" lon="-77.580568">
        <ele>3223.6</ele>
      </trkpt>
      <trkpt lat="-9.276128" lon="-77.580568">
        <ele>3223.6</ele>
      </trkpt>
      <trkpt lat="-9.276207" lon="-77.580568">
        <ele>3223.6</ele>
      </trkpt>
      <trkpt lat="-9.27628" lon="-77.580568">
        <ele>3223.6</ele>
      </trkpt>
      <trkpt lat="-9.276358" lon="-77.580575">
        <ele>3223.4</ele>
      </trkpt>
      <trkpt lat="-9.27644" lon="-77.580582">
        <ele>3223.4</ele>
      </trkpt>
      <trkpt lat="-9.276515" lon="-77.580582">
        <ele>3224</ele>
      </trkpt>
      <trkpt lat="-9.276583" lon="-77.580588">
        <ele>3224.2</ele>
      </trkpt>
      <trkpt lat="-9.276658" lon="-77.580595">
        <ele>3224.4</ele>
      </trkpt>
      <trkpt lat="-9.27673" lon="-77.580613">
        <ele>3224.6</ele>
      </trkpt>
      <trkpt lat="-9.276953" lon="-77.580658">
        <ele>3225</ele>
      </trkpt>
      <trkpt lat="-9.277027" lon="-77.580678">
        <ele>3226</ele>
      </trkpt>
      <trkpt lat="-9.277097" lon="-77.58071">
        <ele>3226</ele>
      </trkpt>
      <trkpt lat="-9.277162" lon="-77.580742">
        <ele>3226.2</ele>
      </trkpt>
      <trkpt lat="-9.277223" lon="-77.58076">
        <ele>3226.4</ele>
      </trkpt>
      <trkpt lat="-9.277283" lon="-77.58078">
        <ele>3226.4</ele>
      </trkpt>
      <trkpt lat="-9.277355" lon="-77.580787">
        <ele>3226.4</ele>
      </trkpt>
      <trkpt lat="-9.277423" lon="-77.580787">
        <ele>3226.6</ele>
      </trkpt>
      <trkpt lat="-9.277495" lon="-77.58078">
        <ele>3226.8</ele>
      </trkpt>
      <trkpt lat="-9.27756" lon="-77.580773">
        <ele>3227.8</ele>
      </trkpt>
      <trkpt lat="-9.277633" lon="-77.58076">
        <ele>3228.4</ele>
      </trkpt>
      <trkpt lat="-9.277707" lon="-77.580748">
        <ele>3228.8</ele>
      </trkpt>
      <trkpt lat="-9.277775" lon="-77.580742">
        <ele>3229.2</ele>
      </trkpt>
      <trkpt lat="-9.27784" lon="-77.580717">
        <ele>3230.2</ele>
      </trkpt>
      <trkpt lat="-9.277885" lon="-77.580697">
        <ele>3230.4</ele>
      </trkpt>
      <trkpt lat="-9.277947" lon="-77.580672">
        <ele>3230.8</ele>
      </trkpt>
      <trkpt lat="-9.277988" lon="-77.580658">
        <ele>3231</ele>
      </trkpt>
      <trkpt lat="-9.278023" lon="-77.580658">
        <ele>3232</ele>
      </trkpt>
      <trkpt lat="-9.278043" lon="-77.580658">
        <ele>3232.4</ele>
      </trkpt>
      <trkpt lat="-9.278063" lon="-77.580658">
        <ele>3232.4</ele>
      </trkpt>
      <trkpt lat="-9.27809" lon="-77.580652">
        <ele>3232</ele>
      </trkpt>
      <trkpt lat="-9.278108" lon="-77.580652">
        <ele>3232</ele>
      </trkpt>
      <trkpt lat="-9.278138" lon="-77.580652">
        <ele>3232</ele>
      </trkpt>
      <trkpt lat="-9.278168" lon="-77.580658">
        <ele>3232.2</ele>
      </trkpt>
      <trkpt lat="-9.2782" lon="-77.580672">
        <ele>3232.4</ele>
      </trkpt>
      <trkpt lat="-9.278233" lon="-77.580697">
        <ele>3232.6</ele>
      </trkpt>
      <trkpt lat="-9.278268" lon="-77.58071">
        <ele>3232.8</ele>
      </trkpt>
      <trkpt lat="-9.278312" lon="-77.580735">
        <ele>3233.2</ele>
      </trkpt>
      <trkpt lat="-9.278362" lon="-77.580755">
        <ele>3233.2</ele>
      </trkpt>
      <trkpt lat="-9.278408" lon="-77.580773">
        <ele>3232.8</ele>
      </trkpt>
      <trkpt lat="-9.278485" lon="-77.580793">
        <ele>3232.6</ele>
      </trkpt>
      <trkpt lat="-9.278552" lon="-77.5808">
        <ele>3232.6</ele>
      </trkpt>
      <trkpt lat="-9.278612" lon="-77.580818">
        <ele>3233.4</ele>
      </trkpt>
      <trkpt lat="-9.278668" lon="-77.580838">
        <ele>3233.8</ele>
      </trkpt>
      <trkpt lat="-9.278717" lon="-77.58087">
        <ele>3233.8</ele>
      </trkpt>
      <trkpt lat="-9.278757" lon="-77.580902">
        <ele>3233.8</ele>
      </trkpt>
      <trkpt lat="-9.278795" lon="-77.580933">
        <ele>3234</ele>
      </trkpt>
      <trkpt lat="-9.278822" lon="-77.580953">
        <ele>3234</ele>
      </trkpt>
      <trkpt lat="-9.278863" lon="-77.580998">
        <ele>3234.2</ele>
      </trkpt>
      <trkpt lat="-9.278895" lon="-77.58103">
        <ele>3234.4</ele>
      </trkpt>
      <trkpt lat="-9.278923" lon="-77.581062">
        <ele>3234.4</ele>
      </trkpt>
      <trkpt lat="-9.278948" lon="-77.581107">
        <ele>3234.2</ele>
      </trkpt>
      <trkpt lat="-9.278967" lon="-77.581152">
        <ele>3234.2</ele>
      </trkpt>
      <trkpt lat="-9.278983" lon="-77.581215">
        <ele>3234.2</ele>
      </trkpt>
      <trkpt lat="-9.279" lon="-77.581285">
        <ele>3234.2</ele>
      </trkpt>
      <trkpt lat="-9.279017" lon="-77.581343">
        <ele>3234.4</ele>
      </trkpt>
      <trkpt lat="-9.279032" lon="-77.581407">
        <ele>3234.8</ele>
      </trkpt>
      <trkpt lat="-9.279058" lon="-77.581483">
        <ele>3235</ele>
      </trkpt>
      <trkpt lat="-9.27908" lon="-77.581542">
        <ele>3235</ele>
      </trkpt>
      <trkpt lat="-9.279102" lon="-77.581612">
        <ele>3234.8</ele>
      </trkpt>
      <trkpt lat="-9.27912" lon="-77.581688">
        <ele>3234.2</ele>
      </trkpt>
      <trkpt lat="-9.279137" lon="-77.581765">
        <ele>3234</ele>
      </trkpt>
      <trkpt lat="-9.279145" lon="-77.58183">
        <ele>3233.8</ele>
      </trkpt>
      <trkpt lat="-9.279153" lon="-77.5819">
        <ele>3233.6</ele>
      </trkpt>
      <trkpt lat="-9.27916" lon="-77.581963">
        <ele>3233.6</ele>
      </trkpt>
      <trkpt lat="-9.27916" lon="-77.582022">
        <ele>3233.4</ele>
      </trkpt>
      <trkpt lat="-9.279162" lon="-77.582067">
        <ele>3233</ele>
      </trkpt>
      <trkpt lat="-9.279162" lon="-77.58213">
        <ele>3232.8</ele>
      </trkpt>
      <trkpt lat="-9.279158" lon="-77.582207">
        <ele>3232.6</ele>
      </trkpt>
      <trkpt lat="-9.279157" lon="-77.582278">
        <ele>3232.2</ele>
      </trkpt>
      <trkpt lat="-9.279157" lon="-77.582335">
        <ele>3231.8</ele>
      </trkpt>
      <trkpt lat="-9.279158" lon="-77.5824">
        <ele>3231.4</ele>
      </trkpt>
      <trkpt lat="-9.279158" lon="-77.582457">
        <ele>3231</ele>
      </trkpt>
      <trkpt lat="-9.279158" lon="-77.582502">
        <ele>3230.8</ele>
      </trkpt>
      <trkpt lat="-9.279165" lon="-77.582547">
        <ele>3230.6</ele>
      </trkpt>
      <trkpt lat="-9.27917" lon="-77.582572">
        <ele>3230</ele>
      </trkpt>
      <trkpt lat="-9.279177" lon="-77.582598">
        <ele>3229.6</ele>
      </trkpt>
      <trkpt lat="-9.279192" lon="-77.582617">
        <ele>3229</ele>
      </trkpt>
      <trkpt lat="-9.279218" lon="-77.582637">
        <ele>3228.2</ele>
      </trkpt>
      <trkpt lat="-9.279245" lon="-77.582655">
        <ele>3228</ele>
      </trkpt>
      <trkpt lat="-9.27928" lon="-77.582662">
        <ele>3228</ele>
      </trkpt>
      <trkpt lat="-9.279322" lon="-77.582675">
        <ele>3228.2</ele>
      </trkpt>
      <trkpt lat="-9.279375" lon="-77.58268">
        <ele>3228.8</ele>
      </trkpt>
      <trkpt lat="-9.279437" lon="-77.58268">
        <ele>3228.8</ele>
      </trkpt>
      <trkpt lat="-9.279503" lon="-77.582687">
        <ele>3228.8</ele>
      </trkpt>
      <trkpt lat="-9.279573" lon="-77.58268">
        <ele>3229</ele>
      </trkpt>
      <trkpt lat="-9.27964" lon="-77.58268">
        <ele>3229.2</ele>
      </trkpt>
      <trkpt lat="-9.279702" lon="-77.58268">
        <ele>3229.2</ele>
      </trkpt>
      <trkpt lat="-9.279762" lon="-77.58268">
        <ele>3229</ele>
      </trkpt>
      <trkpt lat="-9.279818" lon="-77.582693">
        <ele>3228.2</ele>
      </trkpt>
      <trkpt lat="-9.279867" lon="-77.58272">
        <ele>3227.8</ele>
      </trkpt>
      <trkpt lat="-9.279912" lon="-77.582745">
        <ele>3227.4</ele>
      </trkpt>
      <trkpt lat="-9.279955" lon="-77.582777">
        <ele>3226.8</ele>
      </trkpt>
      <trkpt lat="-9.280002" lon="-77.582808">
        <ele>3226.6</ele>
      </trkpt>
      <trkpt lat="-9.28005" lon="-77.582822">
        <ele>3226.6</ele>
      </trkpt>
      <trkpt lat="-9.280103" lon="-77.582835">
        <ele>3226.4</ele>
      </trkpt>
      <trkpt lat="-9.28016" lon="-77.582835">
        <ele>3226</ele>
      </trkpt>
      <trkpt lat="-9.28022" lon="-77.582835">
        <ele>3226</ele>
      </trkpt>
      <trkpt lat="-9.280282" lon="-77.582835">
        <ele>3226</ele>
      </trkpt>
      <trkpt lat="-9.280362" lon="-77.582847">
        <ele>3226</ele>
      </trkpt>
      <trkpt lat="-9.280418" lon="-77.58286">
        <ele>3225.8</ele>
      </trkpt>
      <trkpt lat="-9.280472" lon="-77.582885">
        <ele>3225.8</ele>
      </trkpt>
      <trkpt lat="-9.280507" lon="-77.582898">
        <ele>3225.6</ele>
      </trkpt>
      <trkpt lat="-9.28057" lon="-77.58293">
        <ele>3225.2</ele>
      </trkpt>
      <trkpt lat="-9.28062" lon="-77.582962">
        <ele>3224.8</ele>
      </trkpt>
      <trkpt lat="-9.280662" lon="-77.583">
        <ele>3224.8</ele>
      </trkpt>
      <trkpt lat="-9.2807" lon="-77.58304">
        <ele>3224.8</ele>
      </trkpt>
      <trkpt lat="-9.280725" lon="-77.583083">
        <ele>3224.6</ele>
      </trkpt>
      <trkpt lat="-9.28077" lon="-77.583142">
        <ele>3224.2</ele>
      </trkpt>
      <trkpt lat="-9.280817" lon="-77.583205">
        <ele>3223.8</ele>
      </trkpt>
      <trkpt lat="-9.28087" lon="-77.583257">
        <ele>3223.8</ele>
      </trkpt>
      <trkpt lat="-9.280935" lon="-77.583302">
        <ele>3223.4</ele>
      </trkpt>
      <trkpt lat="-9.281007" lon="-77.58334">
        <ele>3223.2</ele>
      </trkpt>
      <trkpt lat="-9.281073" lon="-77.58336">
        <ele>3222.8</ele>
      </trkpt>
      <trkpt lat="-9.281133" lon="-77.58336">
        <ele>3222.6</ele>
      </trkpt>
      <trkpt lat="-9.281188" lon="-77.583353">
        <ele>3222.2</ele>
      </trkpt>
      <trkpt lat="-9.281242" lon="-77.58334">
        <ele>3221.8</ele>
      </trkpt>
      <trkpt lat="-9.28129" lon="-77.583315">
        <ele>3221.4</ele>
      </trkpt>
      <trkpt lat="-9.281337" lon="-77.583277">
        <ele>3221.4</ele>
      </trkpt>
      <trkpt lat="-9.281382" lon="-77.583232">
        <ele>3221.2</ele>
      </trkpt>
      <trkpt lat="-9.28143" lon="-77.583205">
        <ele>3221</ele>
      </trkpt>
      <trkpt lat="-9.281477" lon="-77.58318">
        <ele>3221</ele>
      </trkpt>
      <trkpt lat="-9.28153" lon="-77.583167">
        <ele>3221</ele>
      </trkpt>
      <trkpt lat="-9.281583" lon="-77.583155">
        <ele>3221.4</ele>
      </trkpt>
      <trkpt lat="-9.281642" lon="-77.583155">
        <ele>3221.6</ele>
      </trkpt>
      <trkpt lat="-9.281702" lon="-77.58316">
        <ele>3221.6</ele>
      </trkpt>
      <trkpt lat="-9.281762" lon="-77.583167">
        <ele>3221.6</ele>
      </trkpt>
      <trkpt lat="-9.281818" lon="-77.5832">
        <ele>3221.6</ele>
      </trkpt>
      <trkpt lat="-9.28188" lon="-77.583232">
        <ele>3222</ele>
      </trkpt>
      <trkpt lat="-9.281928" lon="-77.58327">
        <ele>3222</ele>
      </trkpt>
      <trkpt lat="-9.281965" lon="-77.583295">
        <ele>3222.2</ele>
      </trkpt>
      <trkpt lat="-9.282005" lon="-77.58334">
        <ele>3222.8</ele>
      </trkpt>
      <trkpt lat="-9.282032" lon="-77.583378">
        <ele>3223</ele>
      </trkpt>
      <trkpt lat="-9.28205" lon="-77.583417">
        <ele>3223</ele>
      </trkpt>
      <trkpt lat="-9.28207" lon="-77.583462">
        <ele>3223</ele>
      </trkpt>
      <trkpt lat="-9.28208" lon="-77.583513">
        <ele>3223.4</ele>
      </trkpt>
      <trkpt lat="-9.28209" lon="-77.583552">
        <ele>3223.8</ele>
      </trkpt>
      <trkpt lat="-9.282105" lon="-77.583602">
        <ele>3224</ele>
      </trkpt>
      <trkpt lat="-9.282125" lon="-77.58368">
        <ele>3224</ele>
      </trkpt>
      <trkpt lat="-9.282138" lon="-77.58375">
        <ele>3224</ele>
      </trkpt>
      <trkpt lat="-9.28214" lon="-77.583788">
        <ele>3224</ele>
      </trkpt>
      <trkpt lat="-9.282155" lon="-77.583852">
        <ele>3224.2</ele>
      </trkpt>
      <trkpt lat="-9.282172" lon="-77.58391">
        <ele>3224.2</ele>
      </trkpt>
      <trkpt lat="-9.282197" lon="-77.58396">
        <ele>3224.2</ele>
      </trkpt>
      <trkpt lat="-9.28222" lon="-77.584005">
        <ele>3224.2</ele>
      </trkpt>
      <trkpt lat="-9.282263" lon="-77.584032">
        <ele>3224.6</ele>
      </trkpt>
      <trkpt lat="-9.282302" lon="-77.584043">
        <ele>3225.2</ele>
      </trkpt>
      <trkpt lat="-9.282365" lon="-77.58405">
        <ele>3225.2</ele>
      </trkpt>
      <trkpt lat="-9.282427" lon="-77.58405">
        <ele>3224.6</ele>
      </trkpt>
      <trkpt lat="-9.282493" lon="-77.58405">
        <ele>3224.6</ele>
      </trkpt>
      <trkpt lat="-9.282558" lon="-77.584043">
        <ele>3224.6</ele>
      </trkpt>
      <trkpt lat="-9.28262" lon="-77.584043">
        <ele>3224.8</ele>
      </trkpt>
      <trkpt lat="-9.282678" lon="-77.584038">
        <ele>3225.4</ele>
      </trkpt>
      <trkpt lat="-9.282738" lon="-77.584038">
        <ele>3225.6</ele>
      </trkpt>
      <trkpt lat="-9.282792" lon="-77.58405">
        <ele>3225.8</ele>
      </trkpt>
      <trkpt lat="-9.282845" lon="-77.58407">
        <ele>3226</ele>
      </trkpt>
      <trkpt lat="-9.282903" lon="-77.584095">
        <ele>3226.4</ele>
      </trkpt>
      <trkpt lat="-9.282957" lon="-77.584133">
        <ele>3226.8</ele>
      </trkpt>
      <trkpt lat="-9.283003" lon="-77.584185">
        <ele>3226.8</ele>
      </trkpt>
      <trkpt lat="-9.28305" lon="-77.58423">
        <ele>3227.2</ele>
      </trkpt>
      <trkpt lat="-9.283093" lon="-77.58428">
        <ele>3227.4</ele>
      </trkpt>
      <trkpt lat="-9.283122" lon="-77.584345">
        <ele>3227.4</ele>
      </trkpt>
      <trkpt lat="-9.283147" lon="-77.584402">
        <ele>3227.2</ele>
      </trkpt>
      <trkpt lat="-9.283163" lon="-77.584473">
        <ele>3227</ele>
      </trkpt>
      <trkpt lat="-9.283182" lon="-77.584543">
        <ele>3227</ele>
      </trkpt>
      <trkpt lat="-9.2832" lon="-77.5846">
        <ele>3227</ele>
      </trkpt>
      <trkpt lat="-9.283213" lon="-77.584665">
        <ele>3227</ele>
      </trkpt>
      <trkpt lat="-9.283223" lon="-77.584728">
        <ele>3227</ele>
      </trkpt>
      <trkpt lat="-9.283233" lon="-77.584793">
        <ele>3226.8</ele>
      </trkpt>
      <trkpt lat="-9.28324" lon="-77.58485">
        <ele>3226.2</ele>
      </trkpt>
      <trkpt lat="-9.283242" lon="-77.584908">
        <ele>3226</ele>
      </trkpt>
      <trkpt lat="-9.283257" lon="-77.58496">
        <ele>3225.4</ele>
      </trkpt>
      <trkpt lat="-9.283273" lon="-77.585003">
        <ele>3225.4</ele>
      </trkpt>
      <trkpt lat="-9.283292" lon="-77.585048">
        <ele>3225.6</ele>
      </trkpt>
      <trkpt lat="-9.283303" lon="-77.5851">
        <ele>3225.6</ele>
      </trkpt>
      <trkpt lat="-9.28332" lon="-77.585145">
        <ele>3225.6</ele>
      </trkpt>
      <trkpt lat="-9.283332" lon="-77.585183">
        <ele>3225.6</ele>
      </trkpt>
      <trkpt lat="-9.283338" lon="-77.585228">
        <ele>3226</ele>
      </trkpt>
      <trkpt lat="-9.28334" lon="-77.585267">
        <ele>3226</ele>
      </trkpt>
      <trkpt lat="-9.283345" lon="-77.585305">
        <ele>3226.2</ele>
      </trkpt>
      <trkpt lat="-9.283347" lon="-77.585362">
        <ele>3226.2</ele>
      </trkpt>
      <trkpt lat="-9.283345" lon="-77.58542">
        <ele>3226.2</ele>
      </trkpt>
      <trkpt lat="-9.28334" lon="-77.585472">
        <ele>3226</ele>
      </trkpt>
      <trkpt lat="-9.283327" lon="-77.585522">
        <ele>3226</ele>
      </trkpt>
      <trkpt lat="-9.283313" lon="-77.58558">
        <ele>3226</ele>
      </trkpt>
      <trkpt lat="-9.283293" lon="-77.585638">
        <ele>3225.8</ele>
      </trkpt>
      <trkpt lat="-9.283278" lon="-77.585695">
        <ele>3225.6</ele>
      </trkpt>
      <trkpt lat="-9.283263" lon="-77.585747">
        <ele>3225.6</ele>
      </trkpt>
      <trkpt lat="-9.283258" lon="-77.585798">
        <ele>3225.4</ele>
      </trkpt>
      <trkpt lat="-9.28326" lon="-77.585855">
        <ele>3225.2</ele>
      </trkpt>
      <trkpt lat="-9.283273" lon="-77.5859">
        <ele>3224.8</ele>
      </trkpt>
      <trkpt lat="-9.283297" lon="-77.585952">
        <ele>3224.4</ele>
      </trkpt>
      <trkpt lat="-9.283323" lon="-77.586002">
        <ele>3224.4</ele>
      </trkpt>
      <trkpt lat="-9.283352" lon="-77.58606">
        <ele>3224.2</ele>
      </trkpt>
      <trkpt lat="-9.283373" lon="-77.586118">
        <ele>3224</ele>
      </trkpt>
      <trkpt lat="-9.28339" lon="-77.586175">
        <ele>3223.8</ele>
      </trkpt>
      <trkpt lat="-9.283392" lon="-77.586233">
        <ele>3223.4</ele>
      </trkpt>
      <trkpt lat="-9.283382" lon="-77.586303">
        <ele>3223.4</ele>
      </trkpt>
      <trkpt lat="-9.28337" lon="-77.586355">
        <ele>3223.4</ele>
      </trkpt>
      <trkpt lat="-9.283353" lon="-77.586425">
        <ele>3223.4</ele>
      </trkpt>
      <trkpt lat="-9.283333" lon="-77.586495">
        <ele>3223.4</ele>
      </trkpt>
      <trkpt lat="-9.283312" lon="-77.58656">
        <ele>3223.4</ele>
      </trkpt>
      <trkpt lat="-9.283287" lon="-77.586655">
        <ele>3223.2</ele>
      </trkpt>
      <trkpt lat="-9.283273" lon="-77.586713">
        <ele>3222.4</ele>
      </trkpt>
      <trkpt lat="-9.283267" lon="-77.58679">
        <ele>3222.2</ele>
      </trkpt>
      <trkpt lat="-9.283273" lon="-77.586867">
        <ele>3222</ele>
      </trkpt>
      <trkpt lat="-9.283283" lon="-77.58693">
        <ele>3221.2</ele>
      </trkpt>
      <trkpt lat="-9.283297" lon="-77.58702">
        <ele>3220.6</ele>
      </trkpt>
      <trkpt lat="-9.2833" lon="-77.587097">
        <ele>3220</ele>
      </trkpt>
      <trkpt lat="-9.2833" lon="-77.587155">
        <ele>3219.4</ele>
      </trkpt>
      <trkpt lat="-9.2833" lon="-77.587243">
        <ele>3219.2</ele>
      </trkpt>
      <trkpt lat="-9.283283" lon="-77.587327">
        <ele>3218.8</ele>
      </trkpt>
      <trkpt lat="-9.283258" lon="-77.587403">
        <ele>3218</ele>
      </trkpt>
      <trkpt lat="-9.283233" lon="-77.587455">
        <ele>3217.4</ele>
      </trkpt>
      <trkpt lat="-9.283198" lon="-77.587513">
        <ele>3217</ele>
      </trkpt>
      <trkpt lat="-9.283162" lon="-77.587563">
        <ele>3216.4</ele>
      </trkpt>
      <trkpt lat="-9.283113" lon="-77.587615">
        <ele>3215.8</ele>
      </trkpt>
      <trkpt lat="-9.283062" lon="-77.58766">
        <ele>3215.2</ele>
      </trkpt>
      <trkpt lat="-9.283013" lon="-77.587698">
        <ele>3214.6</ele>
      </trkpt>
      <trkpt lat="-9.282983" lon="-77.587737">
        <ele>3214.2</ele>
      </trkpt>
      <trkpt lat="-9.282973" lon="-77.587775">
        <ele>3213.8</ele>
      </trkpt>
      <trkpt lat="-9.282983" lon="-77.587807">
        <ele>3213.2</ele>
      </trkpt>
      <trkpt lat="-9.283015" lon="-77.587827">
        <ele>3212.6</ele>
      </trkpt>
      <trkpt lat="-9.283055" lon="-77.587827">
        <ele>3212.4</ele>
      </trkpt>
      <trkpt lat="-9.283085" lon="-77.58782">
        <ele>3211.6</ele>
      </trkpt>
      <trkpt lat="-9.283133" lon="-77.587788">
        <ele>3211.2</ele>
      </trkpt>
      <trkpt lat="-9.283162" lon="-77.58775">
        <ele>3210.6</ele>
      </trkpt>
      <trkpt lat="-9.283193" lon="-77.587698">
        <ele>3209.8</ele>
      </trkpt>
      <trkpt lat="-9.283217" lon="-77.58764">
        <ele>3209.8</ele>
      </trkpt>
      <trkpt lat="-9.28324" lon="-77.58759">
        <ele>3209.8</ele>
      </trkpt>
      <trkpt lat="-9.283277" lon="-77.587552">
        <ele>3209.6</ele>
      </trkpt>
      <trkpt lat="-9.283308" lon="-77.587538">
        <ele>3209</ele>
      </trkpt>
      <trkpt lat="-9.283338" lon="-77.587532">
        <ele>3208.6</ele>
      </trkpt>
      <trkpt lat="-9.283367" lon="-77.587545">
        <ele>3208</ele>
      </trkpt>
      <trkpt lat="-9.283387" lon="-77.587577">
        <ele>3207.8</ele>
      </trkpt>
      <trkpt lat="-9.283385" lon="-77.587608">
        <ele>3207.4</ele>
      </trkpt>
      <trkpt lat="-9.283385" lon="-77.587647">
        <ele>3206.6</ele>
      </trkpt>
      <trkpt lat="-9.283372" lon="-77.58768">
        <ele>3206.4</ele>
      </trkpt>
      <trkpt lat="-9.283347" lon="-77.587723">
        <ele>3206.2</ele>
      </trkpt>
      <trkpt lat="-9.28332" lon="-77.587775">
        <ele>3206</ele>
      </trkpt>
      <trkpt lat="-9.283287" lon="-77.58784">
        <ele>3205.6</ele>
      </trkpt>
      <trkpt lat="-9.28326" lon="-77.58789">
        <ele>3204.8</ele>
      </trkpt>
      <trkpt lat="-9.283232" lon="-77.587942">
        <ele>3204.4</ele>
      </trkpt>
      <trkpt lat="-9.283202" lon="-77.58798">
        <ele>3203.8</ele>
      </trkpt>
      <trkpt lat="-9.283155" lon="-77.588043">
        <ele>3203.2</ele>
      </trkpt>
      <trkpt lat="-9.283107" lon="-77.588082">
        <ele>3202.4</ele>
      </trkpt>
      <trkpt lat="-9.28305" lon="-77.588102">
        <ele>3202</ele>
      </trkpt>
      <trkpt lat="-9.282995" lon="-77.588127">
        <ele>3201.2</ele>
      </trkpt>
      <trkpt lat="-9.282933" lon="-77.58814">
        <ele>3200.6</ele>
      </trkpt>
      <trkpt lat="-9.282867" lon="-77.588147">
        <ele>3200.4</ele>
      </trkpt>
      <trkpt lat="-9.282812" lon="-77.588147">
        <ele>3200.4</ele>
      </trkpt>
      <trkpt lat="-9.282732" lon="-77.58816">
        <ele>3199.6</ele>
      </trkpt>
      <trkpt lat="-9.282665" lon="-77.58816">
        <ele>3199.2</ele>
      </trkpt>
      <trkpt lat="-9.282603" lon="-77.58816">
        <ele>3199</ele>
      </trkpt>
      <trkpt lat="-9.28254" lon="-77.588165">
        <ele>3198.4</ele>
      </trkpt>
      <trkpt lat="-9.282493" lon="-77.588172">
        <ele>3197.8</ele>
      </trkpt>
      <trkpt lat="-9.282432" lon="-77.588198">
        <ele>3196.8</ele>
      </trkpt>
      <trkpt lat="-9.282398" lon="-77.588223">
        <ele>3196.2</ele>
      </trkpt>
      <trkpt lat="-9.282365" lon="-77.588262">
        <ele>3195.6</ele>
      </trkpt>
      <trkpt lat="-9.282348" lon="-77.588307">
        <ele>3194.8</ele>
      </trkpt>
      <trkpt lat="-9.282343" lon="-77.588338">
        <ele>3194.6</ele>
      </trkpt>
      <trkpt lat="-9.282348" lon="-77.588377">
        <ele>3194.4</ele>
      </trkpt>
      <trkpt lat="-9.282355" lon="-77.588422">
        <ele>3194</ele>
      </trkpt>
      <trkpt lat="-9.282355" lon="-77.58848">
        <ele>3193.8</ele>
      </trkpt>
      <trkpt lat="-9.28236" lon="-77.58853">
        <ele>3193.8</ele>
      </trkpt>
      <trkpt lat="-9.282362" lon="-77.588595">
        <ele>3193.8</ele>
      </trkpt>
      <trkpt lat="-9.28237" lon="-77.588658">
        <ele>3193.8</ele>
      </trkpt>
      <trkpt lat="-9.282378" lon="-77.588728">
        <ele>3193.8</ele>
      </trkpt>
      <trkpt lat="-9.282383" lon="-77.588805">
        <ele>3193.8</ele>
      </trkpt>
      <trkpt lat="-9.282385" lon="-77.588882">
        <ele>3193.4</ele>
      </trkpt>
      <trkpt lat="-9.28239" lon="-77.58896">
        <ele>3193.2</ele>
      </trkpt>
      <trkpt lat="-9.282407" lon="-77.589037">
        <ele>3192.8</ele>
      </trkpt>
      <trkpt lat="-9.282422" lon="-77.5891">
        <ele>3192.4</ele>
      </trkpt>
      <trkpt lat="-9.28244" lon="-77.589158">
        <ele>3191.8</ele>
      </trkpt>
      <trkpt lat="-9.282455" lon="-77.589208">
        <ele>3191.2</ele>
      </trkpt>
      <trkpt lat="-9.282462" lon="-77.589253">
        <ele>3190.2</ele>
      </trkpt>
      <trkpt lat="-9.282463" lon="-77.589318">
        <ele>3189.8</ele>
      </trkpt>
      <trkpt lat="-9.282463" lon="-77.589388">
        <ele>3189.6</ele>
      </trkpt>
      <trkpt lat="-9.282462" lon="-77.589452">
        <ele>3189.2</ele>
      </trkpt>
      <trkpt lat="-9.28246" lon="-77.589528">
        <ele>3189</ele>
      </trkpt>
      <trkpt lat="-9.282462" lon="-77.589573">
        <ele>3188.2</ele>
      </trkpt>
      <trkpt lat="-9.282472" lon="-77.58965">
        <ele>3187.6</ele>
      </trkpt>
      <trkpt lat="-9.282473" lon="-77.58972">
        <ele>3186.6</ele>
      </trkpt>
      <trkpt lat="-9.282473" lon="-77.589798">
        <ele>3186</ele>
      </trkpt>
      <trkpt lat="-9.282472" lon="-77.58988">
        <ele>3185.4</ele>
      </trkpt>
      <trkpt lat="-9.282458" lon="-77.589963">
        <ele>3185</ele>
      </trkpt>
      <trkpt lat="-9.282442" lon="-77.590047">
        <ele>3184.8</ele>
      </trkpt>
      <trkpt lat="-9.282428" lon="-77.590118">
        <ele>3184.6</ele>
      </trkpt>
      <trkpt lat="-9.28241" lon="-77.590195">
        <ele>3183.8</ele>
      </trkpt>
      <trkpt lat="-9.282395" lon="-77.590245">
        <ele>3183.2</ele>
      </trkpt>
      <trkpt lat="-9.282375" lon="-77.590317">
        <ele>3182.4</ele>
      </trkpt>
      <trkpt lat="-9.28236" lon="-77.590393">
        <ele>3181.8</ele>
      </trkpt>
      <trkpt lat="-9.282353" lon="-77.59045">
        <ele>3181.4</ele>
      </trkpt>
      <trkpt lat="-9.282345" lon="-77.59052">
        <ele>3181.2</ele>
      </trkpt>
      <trkpt lat="-9.282335" lon="-77.590585">
        <ele>3180.8</ele>
      </trkpt>
      <trkpt lat="-9.282325" lon="-77.590675">
        <ele>3181.2</ele>
      </trkpt>
      <trkpt lat="-9.282322" lon="-77.590752">
        <ele>3180.8</ele>
      </trkpt>
      <trkpt lat="-9.28232" lon="-77.590835">
        <ele>3180.8</ele>
      </trkpt>
      <trkpt lat="-9.282325" lon="-77.590912">
        <ele>3180.4</ele>
      </trkpt>
      <trkpt lat="-9.282328" lon="-77.590982">
        <ele>3180.2</ele>
      </trkpt>
      <trkpt lat="-9.28231" lon="-77.591058">
        <ele>3179.8</ele>
      </trkpt>
      <trkpt lat="-9.28229" lon="-77.59111">
        <ele>3178.8</ele>
      </trkpt>
      <trkpt lat="-9.282275" lon="-77.59116">
        <ele>3177.6</ele>
      </trkpt>
      <trkpt lat="-9.282273" lon="-77.591218">
        <ele>3177</ele>
      </trkpt>
      <trkpt lat="-9.282283" lon="-77.591263">
        <ele>3176.8</ele>
      </trkpt>
      <trkpt lat="-9.28231" lon="-77.591308">
        <ele>3176.4</ele>
      </trkpt>
      <trkpt lat="-9.28235" lon="-77.591347">
        <ele>3175.8</ele>
      </trkpt>
      <trkpt lat="-9.282385" lon="-77.591385">
        <ele>3175.4</ele>
      </trkpt>
      <trkpt lat="-9.282428" lon="-77.591417">
        <ele>3175.2</ele>
      </trkpt>
      <trkpt lat="-9.282473" lon="-77.591455">
        <ele>3175.2</ele>
      </trkpt>
      <trkpt lat="-9.282507" lon="-77.591507">
        <ele>3175.2</ele>
      </trkpt>
      <trkpt lat="-9.282532" lon="-77.591558">
        <ele>3175</ele>
      </trkpt>
      <trkpt lat="-9.282552" lon="-77.59159">
        <ele>3174.4</ele>
      </trkpt>
      <trkpt lat="-9.282563" lon="-77.591635">
        <ele>3173.8</ele>
      </trkpt>
      <trkpt lat="-9.282558" lon="-77.591673">
        <ele>3173.6</ele>
      </trkpt>
      <trkpt lat="-9.282553" lon="-77.591712">
        <ele>3173.4</ele>
      </trkpt>
      <trkpt lat="-9.282548" lon="-77.591757">
        <ele>3173.4</ele>
      </trkpt>
      <trkpt lat="-9.282542" lon="-77.591813">
        <ele>3173.4</ele>
      </trkpt>
      <trkpt lat="-9.282532" lon="-77.591858">
        <ele>3173.4</ele>
      </trkpt>
      <trkpt lat="-9.282517" lon="-77.591942">
        <ele>3173.4</ele>
      </trkpt>
      <trkpt lat="-9.282502" lon="-77.592">
        <ele>3173.4</ele>
      </trkpt>
      <trkpt lat="-9.282492" lon="-77.592063">
        <ele>3173.2</ele>
      </trkpt>
      <trkpt lat="-9.28248" lon="-77.592127">
        <ele>3172.8</ele>
      </trkpt>
      <trkpt lat="-9.282468" lon="-77.592185">
        <ele>3172</ele>
      </trkpt>
      <trkpt lat="-9.282462" lon="-77.592248">
        <ele>3171.8</ele>
      </trkpt>
      <trkpt lat="-9.282462" lon="-77.592313">
        <ele>3171.2</ele>
      </trkpt>
      <trkpt lat="-9.282462" lon="-77.592383">
        <ele>3171</ele>
      </trkpt>
      <trkpt lat="-9.282463" lon="-77.592453">
        <ele>3170.8</ele>
      </trkpt>
      <trkpt lat="-9.282467" lon="-77.592523">
        <ele>3170.8</ele>
      </trkpt>
      <trkpt lat="-9.282462" lon="-77.592575">
        <ele>3170.8</ele>
      </trkpt>
      <trkpt lat="-9.282462" lon="-77.592627">
        <ele>3170.4</ele>
      </trkpt>
      <trkpt lat="-9.282467" lon="-77.592672">
        <ele>3170.2</ele>
      </trkpt>
      <trkpt lat="-9.282472" lon="-77.592722">
        <ele>3169.8</ele>
      </trkpt>
      <trkpt lat="-9.282482" lon="-77.592773">
        <ele>3169.4</ele>
      </trkpt>
      <trkpt lat="-9.282492" lon="-77.592825">
        <ele>3169.4</ele>
      </trkpt>
      <trkpt lat="-9.2825" lon="-77.592857">
        <ele>3169.4</ele>
      </trkpt>
      <trkpt lat="-9.282513" lon="-77.592915">
        <ele>3169.4</ele>
      </trkpt>
      <trkpt lat="-9.282532" lon="-77.592972">
        <ele>3169.8</ele>
      </trkpt>
      <trkpt lat="-9.282548" lon="-77.593017">
        <ele>3169.8</ele>
      </trkpt>
      <trkpt lat="-9.282567" lon="-77.593062">
        <ele>3170</ele>
      </trkpt>
      <trkpt lat="-9.282583" lon="-77.5931">
        <ele>3170</ele>
      </trkpt>
      <trkpt lat="-9.2826" lon="-77.593145">
        <ele>3169.2</ele>
      </trkpt>
      <trkpt lat="-9.282613" lon="-77.59319">
        <ele>3169.2</ele>
      </trkpt>
      <trkpt lat="-9.28262" lon="-77.593228">
        <ele>3169.2</ele>
      </trkpt>
      <trkpt lat="-9.28262" lon="-77.593267">
        <ele>3168.6</ele>
      </trkpt>
      <trkpt lat="-9.282613" lon="-77.593312">
        <ele>3168.6</ele>
      </trkpt>
      <trkpt lat="-9.282603" lon="-77.593368">
        <ele>3168.4</ele>
      </trkpt>
      <trkpt lat="-9.282598" lon="-77.5934">
        <ele>3168.4</ele>
      </trkpt>
      <trkpt lat="-9.282583" lon="-77.593452">
        <ele>3168.2</ele>
      </trkpt>
      <trkpt lat="-9.282572" lon="-77.593483">
        <ele>3168.2</ele>
      </trkpt>
      <trkpt lat="-9.282563" lon="-77.59351">
        <ele>3167.8</ele>
      </trkpt>
      <trkpt lat="-9.282562" lon="-77.593542">
        <ele>3167.6</ele>
      </trkpt>
      <trkpt lat="-9.282563" lon="-77.59356">
        <ele>3167.6</ele>
      </trkpt>
      <trkpt lat="-9.282572" lon="-77.59358">
        <ele>3167</ele>
      </trkpt>
      <trkpt lat="-9.282593" lon="-77.593612">
        <ele>3167</ele>
      </trkpt>
      <trkpt lat="-9.282612" lon="-77.593618">
        <ele>3166.4</ele>
      </trkpt>
      <trkpt lat="-9.28264" lon="-77.593638">
        <ele>3166.4</ele>
      </trkpt>
      <trkpt lat="-9.282682" lon="-77.593643">
        <ele>3166.2</ele>
      </trkpt>
      <trkpt lat="-9.282725" lon="-77.593657">
        <ele>3166.2</ele>
      </trkpt>
      <trkpt lat="-9.28276" lon="-77.593663">
        <ele>3166.2</ele>
      </trkpt>
      <trkpt lat="-9.282818" lon="-77.593677">
        <ele>3165.6</ele>
      </trkpt>
      <trkpt lat="-9.282867" lon="-77.593688">
        <ele>3165.2</ele>
      </trkpt>
      <trkpt lat="-9.282917" lon="-77.593695">
        <ele>3165.2</ele>
      </trkpt>
      <trkpt lat="-9.282965" lon="-77.593708">
        <ele>3164.8</ele>
      </trkpt>
      <trkpt lat="-9.283018" lon="-77.593727">
        <ele>3164.4</ele>
      </trkpt>
      <trkpt lat="-9.28307" lon="-77.59374">
        <ele>3164</ele>
      </trkpt>
      <trkpt lat="-9.283122" lon="-77.593747">
        <ele>3163.6</ele>
      </trkpt>
      <trkpt lat="-9.283172" lon="-77.593765">
        <ele>3162.8</ele>
      </trkpt>
      <trkpt lat="-9.283222" lon="-77.593772">
        <ele>3162.4</ele>
      </trkpt>
      <trkpt lat="-9.28326" lon="-77.593778">
        <ele>3162.2</ele>
      </trkpt>
      <trkpt lat="-9.283317" lon="-77.593785">
        <ele>3161.4</ele>
      </trkpt>
      <trkpt lat="-9.283353" lon="-77.593798">
        <ele>3161.2</ele>
      </trkpt>
      <trkpt lat="-9.283398" lon="-77.593803">
        <ele>3160.6</ele>
      </trkpt>
      <trkpt lat="-9.283445" lon="-77.59381">
        <ele>3159.8</ele>
      </trkpt>
      <trkpt lat="-9.283485" lon="-77.593823">
        <ele>3159.6</ele>
      </trkpt>
      <trkpt lat="-9.283522" lon="-77.593848">
        <ele>3159.2</ele>
      </trkpt>
      <trkpt lat="-9.283565" lon="-77.59388">
        <ele>3158.4</ele>
      </trkpt>
      <trkpt lat="-9.28359" lon="-77.593907">
        <ele>3158</ele>
      </trkpt>
      <trkpt lat="-9.283623" lon="-77.593958">
        <ele>3157.6</ele>
      </trkpt>
      <trkpt lat="-9.28365" lon="-77.594008">
        <ele>3157.2</ele>
      </trkpt>
      <trkpt lat="-9.283675" lon="-77.59406">
        <ele>3156.6</ele>
      </trkpt>
      <trkpt lat="-9.28369" lon="-77.59413">
        <ele>3156.4</ele>
      </trkpt>
      <trkpt lat="-9.283697" lon="-77.594207">
        <ele>3156.4</ele>
      </trkpt>
      <trkpt lat="-9.283698" lon="-77.594278">
        <ele>3156.2</ele>
      </trkpt>
      <trkpt lat="-9.283698" lon="-77.594328">
        <ele>3155.8</ele>
      </trkpt>
      <trkpt lat="-9.283703" lon="-77.594412">
        <ele>3155.8</ele>
      </trkpt>
      <trkpt lat="-9.283703" lon="-77.594477">
        <ele>3155.6</ele>
      </trkpt>
      <trkpt lat="-9.283703" lon="-77.594527">
        <ele>3155.6</ele>
      </trkpt>
      <trkpt lat="-9.283708" lon="-77.594592">
        <ele>3155.2</ele>
      </trkpt>
      <trkpt lat="-9.28371" lon="-77.594642">
        <ele>3155</ele>
      </trkpt>
      <trkpt lat="-9.28371" lon="-77.594687">
        <ele>3154.8</ele>
      </trkpt>
      <trkpt lat="-9.283718" lon="-77.59472">
        <ele>3154.6</ele>
      </trkpt>
      <trkpt lat="-9.28374" lon="-77.594763">
        <ele>3154.2</ele>
      </trkpt>
      <trkpt lat="-9.283762" lon="-77.594808">
        <ele>3154</ele>
      </trkpt>
      <trkpt lat="-9.283788" lon="-77.594853">
        <ele>3153.6</ele>
      </trkpt>
      <trkpt lat="-9.283818" lon="-77.594912">
        <ele>3153.6</ele>
      </trkpt>
      <trkpt lat="-9.283855" lon="-77.594957">
        <ele>3153.4</ele>
      </trkpt>
      <trkpt lat="-9.283893" lon="-77.595007">
        <ele>3152.6</ele>
      </trkpt>
      <trkpt lat="-9.283932" lon="-77.595058">
        <ele>3152</ele>
      </trkpt>
      <trkpt lat="-9.283962" lon="-77.595122">
        <ele>3151.4</ele>
      </trkpt>
      <trkpt lat="-9.283987" lon="-77.595187">
        <ele>3151.2</ele>
      </trkpt>
      <trkpt lat="-9.284007" lon="-77.595243">
        <ele>3150.8</ele>
      </trkpt>
      <trkpt lat="-9.28402" lon="-77.595308">
        <ele>3150.2</ele>
      </trkpt>
      <trkpt lat="-9.284033" lon="-77.595372">
        <ele>3149.8</ele>
      </trkpt>
      <trkpt lat="-9.284042" lon="-77.595437">
        <ele>3149.6</ele>
      </trkpt>
      <trkpt lat="-9.284052" lon="-77.595507">
        <ele>3149.2</ele>
      </trkpt>
      <trkpt lat="-9.284058" lon="-77.595563">
        <ele>3148.8</ele>
      </trkpt>
      <trkpt lat="-9.284065" lon="-77.595628">
        <ele>3148.2</ele>
      </trkpt>
      <trkpt lat="-9.284067" lon="-77.595692">
        <ele>3148</ele>
      </trkpt>
      <trkpt lat="-9.284073" lon="-77.59575">
        <ele>3147.8</ele>
      </trkpt>
      <trkpt lat="-9.284085" lon="-77.5958">
        <ele>3147.2</ele>
      </trkpt>
      <trkpt lat="-9.2841" lon="-77.595845">
        <ele>3146.8</ele>
      </trkpt>
      <trkpt lat="-9.284122" lon="-77.595878">
        <ele>3146.2</ele>
      </trkpt>
      <trkpt lat="-9.284138" lon="-77.595903">
        <ele>3145.6</ele>
      </trkpt>
      <trkpt lat="-9.284157" lon="-77.595928">
        <ele>3145.2</ele>
      </trkpt>
      <trkpt lat="-9.284172" lon="-77.595955">
        <ele>3145</ele>
      </trkpt>
      <trkpt lat="-9.284192" lon="-77.595993">
        <ele>3144.6</ele>
      </trkpt>
      <trkpt lat="-9.284205" lon="-77.596005">
        <ele>3143.6</ele>
      </trkpt>
      <trkpt lat="-9.284217" lon="-77.596032">
        <ele>3143.6</ele>
      </trkpt>
      <trkpt lat="-9.284232" lon="-77.596063">
        <ele>3143.4</ele>
      </trkpt>
      <trkpt lat="-9.28425" lon="-77.596082">
        <ele>3143.4</ele>
      </trkpt>
      <trkpt lat="-9.28427" lon="-77.59612">
        <ele>3142.8</ele>
      </trkpt>
      <trkpt lat="-9.284285" lon="-77.596153">
        <ele>3142.2</ele>
      </trkpt>
      <trkpt lat="-9.284308" lon="-77.596192">
        <ele>3141.8</ele>
      </trkpt>
      <trkpt lat="-9.28432" lon="-77.596223">
        <ele>3141.2</ele>
      </trkpt>
      <trkpt lat="-9.284335" lon="-77.596242">
        <ele>3140.4</ele>
      </trkpt>
      <trkpt lat="-9.28435" lon="-77.59628">
        <ele>3140</ele>
      </trkpt>
      <trkpt lat="-9.284365" lon="-77.596307">
        <ele>3139.8</ele>
      </trkpt>
      <trkpt lat="-9.284378" lon="-77.596325">
        <ele>3139.4</ele>
      </trkpt>
      <trkpt lat="-9.284393" lon="-77.596358">
        <ele>3138.8</ele>
      </trkpt>
      <trkpt lat="-9.284408" lon="-77.596383">
        <ele>3138.4</ele>
      </trkpt>
      <trkpt lat="-9.284422" lon="-77.596402">
        <ele>3137.8</ele>
      </trkpt>
      <trkpt lat="-9.28444" lon="-77.596428">
        <ele>3136.8</ele>
      </trkpt>
      <trkpt lat="-9.284455" lon="-77.59646">
        <ele>3136.6</ele>
      </trkpt>
      <trkpt lat="-9.284465" lon="-77.59648">
        <ele>3136.2</ele>
      </trkpt>
      <trkpt lat="-9.284475" lon="-77.596512">
        <ele>3135.6</ele>
      </trkpt>
      <trkpt lat="-9.284485" lon="-77.596537">
        <ele>3135.4</ele>
      </trkpt>
      <trkpt lat="-9.284502" lon="-77.596562">
        <ele>3135</ele>
      </trkpt>
      <trkpt lat="-9.28452" lon="-77.596588">
        <ele>3134.8</ele>
      </trkpt>
      <trkpt lat="-9.28454" lon="-77.596607">
        <ele>3134.4</ele>
      </trkpt>
      <trkpt lat="-9.284563" lon="-77.596633">
        <ele>3134</ele>
      </trkpt>
      <trkpt lat="-9.284587" lon="-77.596665">
        <ele>3133.6</ele>
      </trkpt>
      <trkpt lat="-9.28462" lon="-77.59671">
        <ele>3133.6</ele>
      </trkpt>
      <trkpt lat="-9.284657" lon="-77.596755">
        <ele>3133.6</ele>
      </trkpt>
      <trkpt lat="-9.284693" lon="-77.5968">
        <ele>3133.4</ele>
      </trkpt>
      <trkpt lat="-9.284732" lon="-77.596843">
        <ele>3133.4</ele>
      </trkpt>
      <trkpt lat="-9.284767" lon="-77.596895">
        <ele>3133.4</ele>
      </trkpt>
      <trkpt lat="-9.284805" lon="-77.596933">
        <ele>3133</ele>
      </trkpt>
      <trkpt lat="-9.284845" lon="-77.596978">
        <ele>3133</ele>
      </trkpt>
      <trkpt lat="-9.284885" lon="-77.597023">
        <ele>3132.8</ele>
      </trkpt>
      <trkpt lat="-9.284935" lon="-77.597068">
        <ele>3132.8</ele>
      </trkpt>
      <trkpt lat="-9.284977" lon="-77.597107">
        <ele>3132.8</ele>
      </trkpt>
      <trkpt lat="-9.285043" lon="-77.597152">
        <ele>3133</ele>
      </trkpt>
      <trkpt lat="-9.285095" lon="-77.597197">
        <ele>3133</ele>
      </trkpt>
      <trkpt lat="-9.28515" lon="-77.597235">
        <ele>3133</ele>
      </trkpt>
      <trkpt lat="-9.285213" lon="-77.597267">
        <ele>3133</ele>
      </trkpt>
      <trkpt lat="-9.285278" lon="-77.597298">
        <ele>3132.8</ele>
      </trkpt>
      <trkpt lat="-9.28534" lon="-77.59733">
        <ele>3132.8</ele>
      </trkpt>
      <trkpt lat="-9.2854" lon="-77.59735">
        <ele>3132.8</ele>
      </trkpt>
      <trkpt lat="-9.285453" lon="-77.597382">
        <ele>3132.8</ele>
      </trkpt>
      <trkpt lat="-9.285505" lon="-77.597413">
        <ele>3132.4</ele>
      </trkpt>
      <trkpt lat="-9.285555" lon="-77.597452">
        <ele>3132.4</ele>
      </trkpt>
      <trkpt lat="-9.285605" lon="-77.59749">
        <ele>3132.4</ele>
      </trkpt>
      <trkpt lat="-9.285657" lon="-77.597517">
        <ele>3132.8</ele>
      </trkpt>
      <trkpt lat="-9.28571" lon="-77.597555">
        <ele>3132.8</ele>
      </trkpt>
      <trkpt lat="-9.28576" lon="-77.5976">
        <ele>3133</ele>
      </trkpt>
      <trkpt lat="-9.285808" lon="-77.59765">
        <ele>3133.2</ele>
      </trkpt>
      <trkpt lat="-9.285855" lon="-77.597702">
        <ele>3133.4</ele>
      </trkpt>
      <trkpt lat="-9.285903" lon="-77.59776">
        <ele>3133.6</ele>
      </trkpt>
      <trkpt lat="-9.285955" lon="-77.59781">
        <ele>3134.4</ele>
      </trkpt>
      <trkpt lat="-9.286007" lon="-77.597855">
        <ele>3134.8</ele>
      </trkpt>
      <trkpt lat="-9.286053" lon="-77.5979">
        <ele>3135.2</ele>
      </trkpt>
      <trkpt lat="-9.286097" lon="-77.597932">
        <ele>3135.6</ele>
      </trkpt>
      <trkpt lat="-9.286138" lon="-77.597977">
        <ele>3136.4</ele>
      </trkpt>
      <trkpt lat="-9.286178" lon="-77.598015">
        <ele>3136.4</ele>
      </trkpt>
      <trkpt lat="-9.286225" lon="-77.598067">
        <ele>3136.6</ele>
      </trkpt>
      <trkpt lat="-9.286257" lon="-77.598105">
        <ele>3136.6</ele>
      </trkpt>
      <trkpt lat="-9.286305" lon="-77.598168">
        <ele>3136.8</ele>
      </trkpt>
      <trkpt lat="-9.286342" lon="-77.598207">
        <ele>3136.8</ele>
      </trkpt>
      <trkpt lat="-9.28639" lon="-77.598258">
        <ele>3136.8</ele>
      </trkpt>
      <trkpt lat="-9.286443" lon="-77.598322">
        <ele>3136.8</ele>
      </trkpt>
      <trkpt lat="-9.28649" lon="-77.59838">
        <ele>3137</ele>
      </trkpt>
      <trkpt lat="-9.28654" lon="-77.598432">
        <ele>3137</ele>
      </trkpt>
      <trkpt lat="-9.286585" lon="-77.598495">
        <ele>3137</ele>
      </trkpt>
      <trkpt lat="-9.286628" lon="-77.598553">
        <ele>3136.6</ele>
      </trkpt>
      <trkpt lat="-9.286668" lon="-77.598592">
        <ele>3136.2</ele>
      </trkpt>
      <trkpt lat="-9.286712" lon="-77.598642">
        <ele>3136</ele>
      </trkpt>
      <trkpt lat="-9.286757" lon="-77.598668">
        <ele>3135</ele>
      </trkpt>
      <trkpt lat="-9.286803" lon="-77.5987">
        <ele>3134.6</ele>
      </trkpt>
      <trkpt lat="-9.286858" lon="-77.598732">
        <ele>3134.4</ele>
      </trkpt>
      <trkpt lat="-9.286915" lon="-77.59877">
        <ele>3134.4</ele>
      </trkpt>
      <trkpt lat="-9.286972" lon="-77.598815">
        <ele>3134.4</ele>
      </trkpt>
      <trkpt lat="-9.287005" lon="-77.598853">
        <ele>3134.4</ele>
      </trkpt>
      <trkpt lat="-9.287043" lon="-77.598898">
        <ele>3134.6</ele>
      </trkpt>
      <trkpt lat="-9.28708" lon="-77.59895">
        <ele>3135</ele>
      </trkpt>
      <trkpt lat="-9.287117" lon="-77.599007">
        <ele>3135</ele>
      </trkpt>
      <trkpt lat="-9.28715" lon="-77.599065">
        <ele>3135</ele>
      </trkpt>
      <trkpt lat="-9.287183" lon="-77.599135">
        <ele>3135.2</ele>
      </trkpt>
      <trkpt lat="-9.287215" lon="-77.5992">
        <ele>3135.2</ele>
      </trkpt>
      <trkpt lat="-9.287235" lon="-77.59925">
        <ele>3135.4</ele>
      </trkpt>
      <trkpt lat="-9.287268" lon="-77.59932">
        <ele>3135.4</ele>
      </trkpt>
      <trkpt lat="-9.287293" lon="-77.599378">
        <ele>3136.2</ele>
      </trkpt>
      <trkpt lat="-9.287315" lon="-77.599423">
        <ele>3136.6</ele>
      </trkpt>
      <trkpt lat="-9.287342" lon="-77.59948">
        <ele>3137</ele>
      </trkpt>
      <trkpt lat="-9.287372" lon="-77.599525">
        <ele>3137.4</ele>
      </trkpt>
      <trkpt lat="-9.2874" lon="-77.59957">
        <ele>3138</ele>
      </trkpt>
      <trkpt lat="-9.287428" lon="-77.599622">
        <ele>3138.2</ele>
      </trkpt>
      <trkpt lat="-9.287457" lon="-77.599673">
        <ele>3138.4</ele>
      </trkpt>
      <trkpt lat="-9.28748" lon="-77.599723">
        <ele>3138.4</ele>
      </trkpt>
      <trkpt lat="-9.287498" lon="-77.599762">
        <ele>3138.6</ele>
      </trkpt>
      <trkpt lat="-9.287538" lon="-77.599807">
        <ele>3138.6</ele>
      </trkpt>
      <trkpt lat="-9.287577" lon="-77.599833">
        <ele>3138.8</ele>
      </trkpt>
      <trkpt lat="-9.287618" lon="-77.599852">
        <ele>3139</ele>
      </trkpt>
      <trkpt lat="-9.287675" lon="-77.599858">
        <ele>3139</ele>
      </trkpt>
      <trkpt lat="-9.287735" lon="-77.599858">
        <ele>3139</ele>
      </trkpt>
      <trkpt lat="-9.287795" lon="-77.599852">
        <ele>3138.8</ele>
      </trkpt>
      <trkpt lat="-9.287855" lon="-77.599845">
        <ele>3138.8</ele>
      </trkpt>
      <trkpt lat="-9.287905" lon="-77.599833">
        <ele>3139</ele>
      </trkpt>
      <trkpt lat="-9.28795" lon="-77.599813">
        <ele>3139</ele>
      </trkpt>
      <trkpt lat="-9.287993" lon="-77.5998">
        <ele>3138.6</ele>
      </trkpt>
      <trkpt lat="-9.288028" lon="-77.599782">
        <ele>3138</ele>
      </trkpt>
      <trkpt lat="-9.288062" lon="-77.599775">
        <ele>3137.6</ele>
      </trkpt>
      <trkpt lat="-9.288103" lon="-77.599775">
        <ele>3137.6</ele>
      </trkpt>
      <trkpt lat="-9.28814" lon="-77.599768">
        <ele>3137.4</ele>
      </trkpt>
      <trkpt lat="-9.288207" lon="-77.599768">
        <ele>3137.4</ele>
      </trkpt>
      <trkpt lat="-9.288273" lon="-77.599762">
        <ele>3137.4</ele>
      </trkpt>
      <trkpt lat="-9.288347" lon="-77.599757">
        <ele>3137.4</ele>
      </trkpt>
      <trkpt lat="-9.288425" lon="-77.599737">
        <ele>3137.6</ele>
      </trkpt>
      <trkpt lat="-9.2885" lon="-77.599723">
        <ele>3137.6</ele>
      </trkpt>
      <trkpt lat="-9.288575" lon="-77.599705">
        <ele>3137.2</ele>
      </trkpt>
      <trkpt lat="-9.288648" lon="-77.599698">
        <ele>3137</ele>
      </trkpt>
      <trkpt lat="-9.288727" lon="-77.599692">
        <ele>3136.6</ele>
      </trkpt>
      <trkpt lat="-9.2888" lon="-77.599685">
        <ele>3136.4</ele>
      </trkpt>
      <trkpt lat="-9.288873" lon="-77.59968">
        <ele>3136.2</ele>
      </trkpt>
      <trkpt lat="-9.288947" lon="-77.599673">
        <ele>3136.2</ele>
      </trkpt>
      <trkpt lat="-9.289012" lon="-77.599673">
        <ele>3135.8</ele>
      </trkpt>
      <trkpt lat="-9.289082" lon="-77.599673">
        <ele>3135.6</ele>
      </trkpt>
      <trkpt lat="-9.289152" lon="-77.599673">
        <ele>3135.4</ele>
      </trkpt>
      <trkpt lat="-9.28922" lon="-77.59968">
        <ele>3135.2</ele>
      </trkpt>
      <trkpt lat="-9.28928" lon="-77.599685">
        <ele>3135</ele>
      </trkpt>
      <trkpt lat="-9.289345" lon="-77.599698">
        <ele>3135</ele>
      </trkpt>
      <trkpt lat="-9.289413" lon="-77.599723">
        <ele>3134.8</ele>
      </trkpt>
      <trkpt lat="-9.289488" lon="-77.599737">
        <ele>3134.6</ele>
      </trkpt>
      <trkpt lat="-9.289562" lon="-77.599757">
        <ele>3134.6</ele>
      </trkpt>
      <trkpt lat="-9.289633" lon="-77.599768">
        <ele>3134</ele>
      </trkpt>
      <trkpt lat="-9.289705" lon="-77.599782">
        <ele>3133.6</ele>
      </trkpt>
      <trkpt lat="-9.28977" lon="-77.5998">
        <ele>3133</ele>
      </trkpt>
      <trkpt lat="-9.289835" lon="-77.599813">
        <ele>3132.8</ele>
      </trkpt>
      <trkpt lat="-9.289897" lon="-77.599833">
        <ele>3132.8</ele>
      </trkpt>
      <trkpt lat="-9.289963" lon="-77.59984">
        <ele>3132.8</ele>
      </trkpt>
      <trkpt lat="-9.290035" lon="-77.599852">
        <ele>3132.8</ele>
      </trkpt>
      <trkpt lat="-9.290102" lon="-77.599865">
        <ele>3132.6</ele>
      </trkpt>
      <trkpt lat="-9.290173" lon="-77.59989">
        <ele>3132.6</ele>
      </trkpt>
      <trkpt lat="-9.29024" lon="-77.599922">
        <ele>3132.2</ele>
      </trkpt>
      <trkpt lat="-9.290313" lon="-77.599973">
        <ele>3132</ele>
      </trkpt>
      <trkpt lat="-9.290365" lon="-77.600012">
        <ele>3132</ele>
      </trkpt>
      <trkpt lat="-9.290425" lon="-77.600057">
        <ele>3132</ele>
      </trkpt>
      <trkpt lat="-9.29048" lon="-77.600102">
        <ele>3132</ele>
      </trkpt>
      <trkpt lat="-9.29053" lon="-77.60016">
        <ele>3132</ele>
      </trkpt>
      <trkpt lat="-9.290577" lon="-77.60021">
        <ele>3132</ele>
      </trkpt>
      <trkpt lat="-9.290625" lon="-77.600275">
        <ele>3132</ele>
      </trkpt>
      <trkpt lat="-9.290675" lon="-77.600325">
        <ele>3132.2</ele>
      </trkpt>
      <trkpt lat="-9.29072" lon="-77.60039">
        <ele>3132.2</ele>
      </trkpt>
      <trkpt lat="-9.290768" lon="-77.600447">
        <ele>3132.2</ele>
      </trkpt>
      <trkpt lat="-9.290825" lon="-77.600498">
        <ele>3132</ele>
      </trkpt>
      <trkpt lat="-9.290882" lon="-77.600557">
        <ele>3131.6</ele>
      </trkpt>
      <trkpt lat="-9.290933" lon="-77.6006">
        <ele>3131.6</ele>
      </trkpt>
      <trkpt lat="-9.290988" lon="-77.600645">
        <ele>3131.6</ele>
      </trkpt>
      <trkpt lat="-9.291042" lon="-77.600683">
        <ele>3131.6</ele>
      </trkpt>
      <trkpt lat="-9.291097" lon="-77.600717">
        <ele>3131.2</ele>
      </trkpt>
      <trkpt lat="-9.291155" lon="-77.600735">
        <ele>3131.2</ele>
      </trkpt>
      <trkpt lat="-9.291218" lon="-77.600755">
        <ele>3131.2</ele>
      </trkpt>
      <trkpt lat="-9.291285" lon="-77.600767">
        <ele>3131.2</ele>
      </trkpt>
      <trkpt lat="-9.291353" lon="-77.600767">
        <ele>3131.2</ele>
      </trkpt>
      <trkpt lat="-9.291418" lon="-77.600767">
        <ele>3131.2</ele>
      </trkpt>
      <trkpt lat="-9.291482" lon="-77.600755">
        <ele>3131</ele>
      </trkpt>
      <trkpt lat="-9.291542" lon="-77.600728">
        <ele>3130.6</ele>
      </trkpt>
      <trkpt lat="-9.291597" lon="-77.60071">
        <ele>3130.6</ele>
      </trkpt>
      <trkpt lat="-9.29166" lon="-77.600678">
        <ele>3130.6</ele>
      </trkpt>
      <trkpt lat="-9.2917" lon="-77.600652">
        <ele>3130.6</ele>
      </trkpt>
      <trkpt lat="-9.291747" lon="-77.60064">
        <ele>3130.6</ele>
      </trkpt>
      <trkpt lat="-9.291785" lon="-77.600633">
        <ele>3130.6</ele>
      </trkpt>
      <trkpt lat="-9.291817" lon="-77.60064">
        <ele>3130.2</ele>
      </trkpt>
      <trkpt lat="-9.291882" lon="-77.600722">
        <ele>3129.8</ele>
      </trkpt>
      <trkpt lat="-9.291898" lon="-77.600767">
        <ele>3129.2</ele>
      </trkpt>
      <trkpt lat="-9.291915" lon="-77.600825">
        <ele>3128.8</ele>
      </trkpt>
      <trkpt lat="-9.291932" lon="-77.600882">
        <ele>3128.6</ele>
      </trkpt>
      <trkpt lat="-9.291947" lon="-77.600953">
        <ele>3128.6</ele>
      </trkpt>
      <trkpt lat="-9.29197" lon="-77.60101">
        <ele>3128.2</ele>
      </trkpt>
      <trkpt lat="-9.292003" lon="-77.601087">
        <ele>3127.4</ele>
      </trkpt>
      <trkpt lat="-9.292035" lon="-77.601163">
        <ele>3127.2</ele>
      </trkpt>
      <trkpt lat="-9.292078" lon="-77.601253">
        <ele>3126.8</ele>
      </trkpt>
      <trkpt lat="-9.292103" lon="-77.601323">
        <ele>3126.2</ele>
      </trkpt>
      <trkpt lat="-9.292133" lon="-77.601407">
        <ele>3125.4</ele>
      </trkpt>
      <trkpt lat="-9.292162" lon="-77.60149">
        <ele>3124.8</ele>
      </trkpt>
      <trkpt lat="-9.292195" lon="-77.601567">
        <ele>3123.8</ele>
      </trkpt>
      <trkpt lat="-9.292228" lon="-77.601643">
        <ele>3123.4</ele>
      </trkpt>
      <trkpt lat="-9.29225" lon="-77.601708">
        <ele>3123</ele>
      </trkpt>
      <trkpt lat="-9.292268" lon="-77.60176">
        <ele>3122.2</ele>
      </trkpt>
      <trkpt lat="-9.292287" lon="-77.601823">
        <ele>3121.6</ele>
      </trkpt>
      <trkpt lat="-9.292303" lon="-77.601875">
        <ele>3120.8</ele>
      </trkpt>
      <trkpt lat="-9.292327" lon="-77.601938">
        <ele>3120.2</ele>
      </trkpt>
      <trkpt lat="-9.292358" lon="-77.60199">
        <ele>3119.2</ele>
      </trkpt>
      <trkpt lat="-9.2924" lon="-77.602035">
        <ele>3119</ele>
      </trkpt>
      <trkpt lat="-9.292448" lon="-77.602067">
        <ele>3118.6</ele>
      </trkpt>
      <trkpt lat="-9.29251" lon="-77.602098">
        <ele>3118</ele>
      </trkpt>
      <trkpt lat="-9.292572" lon="-77.602118">
        <ele>3117</ele>
      </trkpt>
      <trkpt lat="-9.292635" lon="-77.602123">
        <ele>3116.6</ele>
      </trkpt>
      <trkpt lat="-9.2927" lon="-77.602143">
        <ele>3116</ele>
      </trkpt>
      <trkpt lat="-9.292763" lon="-77.602157">
        <ele>3115.8</ele>
      </trkpt>
      <trkpt lat="-9.29282" lon="-77.602188">
        <ele>3115.6</ele>
      </trkpt>
      <trkpt lat="-9.292873" lon="-77.60222">
        <ele>3115.4</ele>
      </trkpt>
      <trkpt lat="-9.292928" lon="-77.602245">
        <ele>3115.2</ele>
      </trkpt>
      <trkpt lat="-9.292987" lon="-77.602283">
        <ele>3115</ele>
      </trkpt>
      <trkpt lat="-9.293047" lon="-77.602322">
        <ele>3114.8</ele>
      </trkpt>
      <trkpt lat="-9.293107" lon="-77.602355">
        <ele>3114.8</ele>
      </trkpt>
      <trkpt lat="-9.293172" lon="-77.602373">
        <ele>3114.4</ele>
      </trkpt>
      <trkpt lat="-9.293237" lon="-77.602387">
        <ele>3114</ele>
      </trkpt>
      <trkpt lat="-9.2933" lon="-77.6024">
        <ele>3113.6</ele>
      </trkpt>
      <trkpt lat="-9.293365" lon="-77.602393">
        <ele>3113.4</ele>
      </trkpt>
      <trkpt lat="-9.29343" lon="-77.602387">
        <ele>3113.4</ele>
      </trkpt>
      <trkpt lat="-9.2935" lon="-77.602373">
        <ele>3113.2</ele>
      </trkpt>
      <trkpt lat="-9.29357" lon="-77.602348">
        <ele>3113.2</ele>
      </trkpt>
      <trkpt lat="-9.293647" lon="-77.602322">
        <ele>3112.4</ele>
      </trkpt>
      <trkpt lat="-9.293738" lon="-77.602297">
        <ele>3112.4</ele>
      </trkpt>
      <trkpt lat="-9.293798" lon="-77.602272">
        <ele>3112.2</ele>
      </trkpt>
      <trkpt lat="-9.293873" lon="-77.60224">
        <ele>3112.2</ele>
      </trkpt>
      <trkpt lat="-9.293947" lon="-77.60222">
        <ele>3112</ele>
      </trkpt>
      <trkpt lat="-9.294022" lon="-77.602188">
        <ele>3111.2</ele>
      </trkpt>
      <trkpt lat="-9.294103" lon="-77.602157">
        <ele>3111.2</ele>
      </trkpt>
      <trkpt lat="-9.29418" lon="-77.602137">
        <ele>3111.2</ele>
      </trkpt>
      <trkpt lat="-9.294253" lon="-77.602112">
        <ele>3111.6</ele>
      </trkpt>
      <trkpt lat="-9.294328" lon="-77.602098">
        <ele>3111.6</ele>
      </trkpt>
      <trkpt lat="-9.294413" lon="-77.60208">
        <ele>3111.6</ele>
      </trkpt>
      <trkpt lat="-9.294492" lon="-77.60206">
        <ele>3111</ele>
      </trkpt>
      <trkpt lat="-9.294573" lon="-77.602035">
        <ele>3111</ele>
      </trkpt>
      <trkpt lat="-9.29464" lon="-77.602022">
        <ele>3110.8</ele>
      </trkpt>
      <trkpt lat="-9.29471" lon="-77.602002">
        <ele>3110.4</ele>
      </trkpt>
      <trkpt lat="-9.29478" lon="-77.601997">
        <ele>3109.6</ele>
      </trkpt>
      <trkpt lat="-9.29485" lon="-77.601983">
        <ele>3108.8</ele>
      </trkpt>
      <trkpt lat="-9.294925" lon="-77.601977">
        <ele>3108.2</ele>
      </trkpt>
      <trkpt lat="-9.294998" lon="-77.601963">
        <ele>3107</ele>
      </trkpt>
      <trkpt lat="-9.295068" lon="-77.601952">
        <ele>3105.4</ele>
      </trkpt>
      <trkpt lat="-9.295138" lon="-77.601938">
        <ele>3104</ele>
      </trkpt>
      <trkpt lat="-9.2952" lon="-77.60192">
        <ele>3102.6</ele>
      </trkpt>
      <trkpt lat="-9.295253" lon="-77.601887">
        <ele>3101.8</ele>
      </trkpt>
      <trkpt lat="-9.295312" lon="-77.601848">
        <ele>3100.8</ele>
      </trkpt>
      <trkpt lat="-9.29536" lon="-77.601798">
        <ele>3100.4</ele>
      </trkpt>
      <trkpt lat="-9.295398" lon="-77.60174">
        <ele>3099.6</ele>
      </trkpt>
      <trkpt lat="-9.295425" lon="-77.60167">
        <ele>3099.6</ele>
      </trkpt>
      <trkpt lat="-9.295438" lon="-77.601593">
        <ele>3099.6</ele>
      </trkpt>
      <trkpt lat="-9.295445" lon="-77.601517">
        <ele>3099.6</ele>
      </trkpt>
      <trkpt lat="-9.295432" lon="-77.601427">
        <ele>3099.2</ele>
      </trkpt>
      <trkpt lat="-9.295422" lon="-77.60135">
        <ele>3098.8</ele>
      </trkpt>
      <trkpt lat="-9.2954" lon="-77.601285">
        <ele>3098.6</ele>
      </trkpt>
      <trkpt lat="-9.295377" lon="-77.601235">
        <ele>3098.2</ele>
      </trkpt>
      <trkpt lat="-9.295358" lon="-77.60119">
        <ele>3098.2</ele>
      </trkpt>
      <trkpt lat="-9.295345" lon="-77.601145">
        <ele>3098</ele>
      </trkpt>
      <trkpt lat="-9.29534" lon="-77.601093">
        <ele>3097.8</ele>
      </trkpt>
      <trkpt lat="-9.295352" lon="-77.601068">
        <ele>3097.4</ele>
      </trkpt>
      <trkpt lat="-9.295365" lon="-77.601042">
        <ele>3097.2</ele>
      </trkpt>
      <trkpt lat="-9.295392" lon="-77.60103">
        <ele>3097.2</ele>
      </trkpt>
      <trkpt lat="-9.29542" lon="-77.601023">
        <ele>3096.2</ele>
      </trkpt>
      <trkpt lat="-9.295442" lon="-77.601037">
        <ele>3095.8</ele>
      </trkpt>
      <trkpt lat="-9.29546" lon="-77.601055">
        <ele>3095</ele>
      </trkpt>
      <trkpt lat="-9.295472" lon="-77.601093">
        <ele>3094.6</ele>
      </trkpt>
      <trkpt lat="-9.295483" lon="-77.601132">
        <ele>3094.2</ele>
      </trkpt>
      <trkpt lat="-9.295495" lon="-77.60119">
        <ele>3094</ele>
      </trkpt>
      <trkpt lat="-9.295505" lon="-77.601247">
        <ele>3093.8</ele>
      </trkpt>
      <trkpt lat="-9.29552" lon="-77.601318">
        <ele>3093.4</ele>
      </trkpt>
      <trkpt lat="-9.295537" lon="-77.601395">
        <ele>3093.4</ele>
      </trkpt>
      <trkpt lat="-9.295555" lon="-77.601472">
        <ele>3092.8</ele>
      </trkpt>
      <trkpt lat="-9.295577" lon="-77.601548">
        <ele>3092.2</ele>
      </trkpt>
      <trkpt lat="-9.295603" lon="-77.601625">
        <ele>3091.4</ele>
      </trkpt>
      <trkpt lat="-9.295637" lon="-77.601708">
        <ele>3091</ele>
      </trkpt>
      <trkpt lat="-9.295668" lon="-77.601785">
        <ele>3089.8</ele>
      </trkpt>
      <trkpt lat="-9.295698" lon="-77.601862">
        <ele>3089.2</ele>
      </trkpt>
      <trkpt lat="-9.295742" lon="-77.601938">
        <ele>3089</ele>
      </trkpt>
      <trkpt lat="-9.295788" lon="-77.602008">
        <ele>3088.2</ele>
      </trkpt>
      <trkpt lat="-9.295827" lon="-77.602098">
        <ele>3087.6</ele>
      </trkpt>
      <trkpt lat="-9.295862" lon="-77.602182">
        <ele>3087.2</ele>
      </trkpt>
      <trkpt lat="-9.295903" lon="-77.602272">
        <ele>3086.2</ele>
      </trkpt>
      <trkpt lat="-9.295942" lon="-77.60236">
        <ele>3084.8</ele>
      </trkpt>
      <trkpt lat="-9.295973" lon="-77.602457">
        <ele>3083.8</ele>
      </trkpt>
      <trkpt lat="-9.296" lon="-77.602547">
        <ele>3082.8</ele>
      </trkpt>
      <trkpt lat="-9.296025" lon="-77.602637">
        <ele>3082.2</ele>
      </trkpt>
      <trkpt lat="-9.296045" lon="-77.602713">
        <ele>3081</ele>
      </trkpt>
      <trkpt lat="-9.29606" lon="-77.602797">
        <ele>3079.8</ele>
      </trkpt>
      <trkpt lat="-9.29606" lon="-77.602873">
        <ele>3078.8</ele>
      </trkpt>
      <trkpt lat="-9.29605" lon="-77.602943">
        <ele>3078.2</ele>
      </trkpt>
      <trkpt lat="-9.296032" lon="-77.60302">
        <ele>3077.6</ele>
      </trkpt>
      <trkpt lat="-9.296005" lon="-77.603097">
        <ele>3076.8</ele>
      </trkpt>
      <trkpt lat="-9.295973" lon="-77.603155">
        <ele>3076.2</ele>
      </trkpt>
      <trkpt lat="-9.29594" lon="-77.603218">
        <ele>3075.8</ele>
      </trkpt>
      <trkpt lat="-9.2959" lon="-77.603277">
        <ele>3075.4</ele>
      </trkpt>
      <trkpt lat="-9.295867" lon="-77.60334">
        <ele>3075</ele>
      </trkpt>
      <trkpt lat="-9.29584" lon="-77.603417">
        <ele>3074.6</ele>
      </trkpt>
      <trkpt lat="-9.29582" lon="-77.603487">
        <ele>3074.2</ele>
      </trkpt>
      <trkpt lat="-9.295808" lon="-77.603552">
        <ele>3073.8</ele>
      </trkpt>
      <trkpt lat="-9.295802" lon="-77.603628">
        <ele>3073</ele>
      </trkpt>
      <trkpt lat="-9.295798" lon="-77.603698">
        <ele>3072.4</ele>
      </trkpt>
      <trkpt lat="-9.295787" lon="-77.603775">
        <ele>3071.2</ele>
      </trkpt>
      <trkpt lat="-9.295768" lon="-77.603852">
        <ele>3070.6</ele>
      </trkpt>
      <trkpt lat="-9.295738" lon="-77.60391">
        <ele>3070</ele>
      </trkpt>
      <trkpt lat="-9.295695" lon="-77.603955">
        <ele>3069.4</ele>
      </trkpt>
      <trkpt lat="-9.295643" lon="-77.604005">
        <ele>3068.6</ele>
      </trkpt>
      <trkpt lat="-9.295588" lon="-77.604043">
        <ele>3068.6</ele>
      </trkpt>
      <trkpt lat="-9.295543" lon="-77.604063">
        <ele>3068</ele>
      </trkpt>
      <trkpt lat="-9.295487" lon="-77.604088">
        <ele>3067.6</ele>
      </trkpt>
      <trkpt lat="-9.295432" lon="-77.604115">
        <ele>3066.6</ele>
      </trkpt>
      <trkpt lat="-9.295405" lon="-77.604147">
        <ele>3066</ele>
      </trkpt>
      <trkpt lat="-9.295402" lon="-77.604178">
        <ele>3065.8</ele>
      </trkpt>
      <trkpt lat="-9.29542" lon="-77.60421">
        <ele>3065.2</ele>
      </trkpt>
      <trkpt lat="-9.295458" lon="-77.60423">
        <ele>3064.8</ele>
      </trkpt>
      <trkpt lat="-9.2955" lon="-77.604223">
        <ele>3064.2</ele>
      </trkpt>
      <trkpt lat="-9.295548" lon="-77.604203">
        <ele>3064</ele>
      </trkpt>
      <trkpt lat="-9.295597" lon="-77.604178">
        <ele>3063.6</ele>
      </trkpt>
      <trkpt lat="-9.29564" lon="-77.604147">
        <ele>3063.4</ele>
      </trkpt>
      <trkpt lat="-9.295688" lon="-77.604115">
        <ele>3063.2</ele>
      </trkpt>
      <trkpt lat="-9.29573" lon="-77.604088">
        <ele>3063</ele>
      </trkpt>
      <trkpt lat="-9.295768" lon="-77.604063">
        <ele>3062.6</ele>
      </trkpt>
      <trkpt lat="-9.295807" lon="-77.604063">
        <ele>3062.2</ele>
      </trkpt>
      <trkpt lat="-9.295837" lon="-77.604082">
        <ele>3061.6</ele>
      </trkpt>
      <trkpt lat="-9.295858" lon="-77.604102">
        <ele>3061.4</ele>
      </trkpt>
      <trkpt lat="-9.295862" lon="-77.60414">
        <ele>3060.8</ele>
      </trkpt>
      <trkpt lat="-9.295853" lon="-77.604178">
        <ele>3059.8</ele>
      </trkpt>
      <trkpt lat="-9.295833" lon="-77.604203">
        <ele>3059.4</ele>
      </trkpt>
      <trkpt lat="-9.295788" lon="-77.604242">
        <ele>3059.4</ele>
      </trkpt>
      <trkpt lat="-9.295743" lon="-77.60428">
        <ele>3059.4</ele>
      </trkpt>
      <trkpt lat="-9.295693" lon="-77.6043">
        <ele>3059.4</ele>
      </trkpt>
      <trkpt lat="-9.29563" lon="-77.604325">
        <ele>3059.4</ele>
      </trkpt>
      <trkpt lat="-9.29558" lon="-77.604332">
        <ele>3059</ele>
      </trkpt>
      <trkpt lat="-9.295517" lon="-77.604332">
        <ele>3058.4</ele>
      </trkpt>
      <trkpt lat="-9.295467" lon="-77.604332">
        <ele>3058.2</ele>
      </trkpt>
      <trkpt lat="-9.295437" lon="-77.604338">
        <ele>3058</ele>
      </trkpt>
      <trkpt lat="-9.295402" lon="-77.604345">
        <ele>3058</ele>
      </trkpt>
      <trkpt lat="-9.29538" lon="-77.604363">
        <ele>3057.6</ele>
      </trkpt>
      <trkpt lat="-9.295367" lon="-77.60439">
        <ele>3057.2</ele>
      </trkpt>
      <trkpt lat="-9.29538" lon="-77.60444">
        <ele>3057.2</ele>
      </trkpt>
      <trkpt lat="-9.295412" lon="-77.604467">
        <ele>3056.6</ele>
      </trkpt>
      <trkpt lat="-9.29545" lon="-77.604498">
        <ele>3056</ele>
      </trkpt>
      <trkpt lat="-9.2955" lon="-77.604523">
        <ele>3055.8</ele>
      </trkpt>
      <trkpt lat="-9.29556" lon="-77.60455">
        <ele>3055.4</ele>
      </trkpt>
      <trkpt lat="-9.295623" lon="-77.604568">
        <ele>3054.6</ele>
      </trkpt>
      <trkpt lat="-9.295688" lon="-77.604588">
        <ele>3054.4</ele>
      </trkpt>
      <trkpt lat="-9.295755" lon="-77.6046">
        <ele>3054.2</ele>
      </trkpt>
      <trkpt lat="-9.295822" lon="-77.604607">
        <ele>3053.8</ele>
      </trkpt>
      <trkpt lat="-9.29588" lon="-77.60462">
        <ele>3053</ele>
      </trkpt>
      <trkpt lat="-9.295933" lon="-77.60462">
        <ele>3052.2</ele>
      </trkpt>
      <trkpt lat="-9.295987" lon="-77.6046">
        <ele>3051.2</ele>
      </trkpt>
      <trkpt lat="-9.296037" lon="-77.604575">
        <ele>3050</ele>
      </trkpt>
      <trkpt lat="-9.29608" lon="-77.60453">
        <ele>3049.4</ele>
      </trkpt>
      <trkpt lat="-9.296115" lon="-77.604478">
        <ele>3048.6</ele>
      </trkpt>
      <trkpt lat="-9.29613" lon="-77.604415">
        <ele>3048.4</ele>
      </trkpt>
      <trkpt lat="-9.296127" lon="-77.604345">
        <ele>3047.8</ele>
      </trkpt>
      <trkpt lat="-9.29612" lon="-77.604287">
        <ele>3047.2</ele>
      </trkpt>
      <trkpt lat="-9.296107" lon="-77.60421">
        <ele>3046.8</ele>
      </trkpt>
      <trkpt lat="-9.2961" lon="-77.60414">
        <ele>3046.4</ele>
      </trkpt>
      <trkpt lat="-9.296098" lon="-77.604088">
        <ele>3046.2</ele>
      </trkpt>
      <trkpt lat="-9.296095" lon="-77.604043">
        <ele>3045.6</ele>
      </trkpt>
      <trkpt lat="-9.2961" lon="-77.604018">
        <ele>3045</ele>
      </trkpt>
      <trkpt lat="-9.29613" lon="-77.604012">
        <ele>3044</ele>
      </trkpt>
      <trkpt lat="-9.296145" lon="-77.603993">
        <ele>3043.8</ele>
      </trkpt>
      <trkpt lat="-9.296178" lon="-77.604018">
        <ele>3042.8</ele>
      </trkpt>
      <trkpt lat="-9.296195" lon="-77.604063">
        <ele>3042.2</ele>
      </trkpt>
      <trkpt lat="-9.2962" lon="-77.604108">
        <ele>3042</ele>
      </trkpt>
      <trkpt lat="-9.29621" lon="-77.604153">
        <ele>3042</ele>
      </trkpt>
      <trkpt lat="-9.29623" lon="-77.60423">
        <ele>3041.8</ele>
      </trkpt>
      <trkpt lat="-9.296248" lon="-77.6043">
        <ele>3041.8</ele>
      </trkpt>
      <trkpt lat="-9.296265" lon="-77.60439">
        <ele>3041.8</ele>
      </trkpt>
      <trkpt lat="-9.296288" lon="-77.604492">
        <ele>3041.4</ele>
      </trkpt>
      <trkpt lat="-9.296303" lon="-77.604575">
        <ele>3040.2</ele>
      </trkpt>
      <trkpt lat="-9.296305" lon="-77.604658">
        <ele>3038.4</ele>
      </trkpt>
      <trkpt lat="-9.29631" lon="-77.604742">
        <ele>3037</ele>
      </trkpt>
      <trkpt lat="-9.29629" lon="-77.604812">
        <ele>3036</ele>
      </trkpt>
      <trkpt lat="-9.296257" lon="-77.604877">
        <ele>3035</ele>
      </trkpt>
      <trkpt lat="-9.29621" lon="-77.604933">
        <ele>3034.2</ele>
      </trkpt>
      <trkpt lat="-9.296152" lon="-77.604985">
        <ele>3033.2</ele>
      </trkpt>
      <trkpt lat="-9.296085" lon="-77.605023">
        <ele>3032.2</ele>
      </trkpt>
      <trkpt lat="-9.295997" lon="-77.605048">
        <ele>3031.6</ele>
      </trkpt>
      <trkpt lat="-9.295917" lon="-77.605062">
        <ele>3030.6</ele>
      </trkpt>
      <trkpt lat="-9.295842" lon="-77.60508">
        <ele>3030</ele>
      </trkpt>
      <trkpt lat="-9.295782" lon="-77.605087">
        <ele>3029.8</ele>
      </trkpt>
      <trkpt lat="-9.29574" lon="-77.605093">
        <ele>3029.2</ele>
      </trkpt>
      <trkpt lat="-9.295682" lon="-77.6051">
        <ele>3028.4</ele>
      </trkpt>
      <trkpt lat="-9.295633" lon="-77.605087">
        <ele>3028</ele>
      </trkpt>
      <trkpt lat="-9.295588" lon="-77.605048">
        <ele>3027.6</ele>
      </trkpt>
      <trkpt lat="-9.295545" lon="-77.605017">
        <ele>3027.4</ele>
      </trkpt>
      <trkpt lat="-9.295512" lon="-77.604985">
        <ele>3027.2</ele>
      </trkpt>
      <trkpt lat="-9.295477" lon="-77.604978">
        <ele>3026.6</ele>
      </trkpt>
      <trkpt lat="-9.295442" lon="-77.604978">
        <ele>3026.2</ele>
      </trkpt>
      <trkpt lat="-9.295418" lon="-77.604998">
        <ele>3026</ele>
      </trkpt>
      <trkpt lat="-9.295412" lon="-77.605023">
        <ele>3025.6</ele>
      </trkpt>
      <trkpt lat="-9.295422" lon="-77.605055">
        <ele>3025.2</ele>
      </trkpt>
      <trkpt lat="-9.29545" lon="-77.60508">
        <ele>3025.2</ele>
      </trkpt>
      <trkpt lat="-9.295487" lon="-77.605107">
        <ele>3025</ele>
      </trkpt>
      <trkpt lat="-9.295537" lon="-77.605138">
        <ele>3024.6</ele>
      </trkpt>
      <trkpt lat="-9.295597" lon="-77.60517">
        <ele>3024.4</ele>
      </trkpt>
      <trkpt lat="-9.295642" lon="-77.605197">
        <ele>3023.8</ele>
      </trkpt>
      <trkpt lat="-9.295718" lon="-77.605222">
        <ele>3023.2</ele>
      </trkpt>
      <trkpt lat="-9.295792" lon="-77.605253">
        <ele>3022.6</ele>
      </trkpt>
      <trkpt lat="-9.295867" lon="-77.60528">
        <ele>3021.6</ele>
      </trkpt>
      <trkpt lat="-9.295938" lon="-77.60528">
        <ele>3021</ele>
      </trkpt>
      <trkpt lat="-9.296018" lon="-77.60528">
        <ele>3020.4</ele>
      </trkpt>
      <trkpt lat="-9.2961" lon="-77.60528">
        <ele>3020</ele>
      </trkpt>
      <trkpt lat="-9.29618" lon="-77.605267">
        <ele>3019.8</ele>
      </trkpt>
      <trkpt lat="-9.296253" lon="-77.605247">
        <ele>3019</ele>
      </trkpt>
      <trkpt lat="-9.296318" lon="-77.605215">
        <ele>3018.8</ele>
      </trkpt>
      <trkpt lat="-9.296378" lon="-77.605177">
        <ele>3018.8</ele>
      </trkpt>
      <trkpt lat="-9.296423" lon="-77.605125">
        <ele>3018.2</ele>
      </trkpt>
      <trkpt lat="-9.296462" lon="-77.605062">
        <ele>3017.8</ele>
      </trkpt>
      <trkpt lat="-9.296482" lon="-77.605017">
        <ele>3017.2</ele>
      </trkpt>
      <trkpt lat="-9.296507" lon="-77.60496">
        <ele>3016.8</ele>
      </trkpt>
      <trkpt lat="-9.296518" lon="-77.60492">
        <ele>3016.8</ele>
      </trkpt>
      <trkpt lat="-9.296533" lon="-77.604888">
        <ele>3016.2</ele>
      </trkpt>
      <trkpt lat="-9.296553" lon="-77.604882">
        <ele>3014.8</ele>
      </trkpt>
      <trkpt lat="-9.296578" lon="-77.604863">
        <ele>3014.4</ele>
      </trkpt>
      <trkpt lat="-9.296607" lon="-77.604877">
        <ele>3013.8</ele>
      </trkpt>
      <trkpt lat="-9.296633" lon="-77.604882">
        <ele>3013.4</ele>
      </trkpt>
      <trkpt lat="-9.296652" lon="-77.604895">
        <ele>3013</ele>
      </trkpt>
      <trkpt lat="-9.296673" lon="-77.604927">
        <ele>3012.6</ele>
      </trkpt>
      <trkpt lat="-9.296688" lon="-77.60496">
        <ele>3012</ele>
      </trkpt>
      <trkpt lat="-9.296697" lon="-77.604998">
        <ele>3011.8</ele>
      </trkpt>
      <trkpt lat="-9.296693" lon="-77.605042">
        <ele>3011.4</ele>
      </trkpt>
      <trkpt lat="-9.296685" lon="-77.605093">
        <ele>3011.2</ele>
      </trkpt>
      <trkpt lat="-9.296663" lon="-77.605138">
        <ele>3010.8</ele>
      </trkpt>
      <trkpt lat="-9.296637" lon="-77.605183">
        <ele>3010</ele>
      </trkpt>
      <trkpt lat="-9.2966" lon="-77.605235">
        <ele>3009.8</ele>
      </trkpt>
      <trkpt lat="-9.296557" lon="-77.60528">
        <ele>3009.4</ele>
      </trkpt>
      <trkpt lat="-9.296507" lon="-77.605323">
        <ele>3009.4</ele>
      </trkpt>
      <trkpt lat="-9.296448" lon="-77.605362">
        <ele>3009.2</ele>
      </trkpt>
      <trkpt lat="-9.296408" lon="-77.605382">
        <ele>3008.6</ele>
      </trkpt>
      <trkpt lat="-9.296338" lon="-77.605407">
        <ele>3008.2</ele>
      </trkpt>
      <trkpt lat="-9.29627" lon="-77.60542">
        <ele>3008.2</ele>
      </trkpt>
      <trkpt lat="-9.296197" lon="-77.605433">
        <ele>3008</ele>
      </trkpt>
      <trkpt lat="-9.296127" lon="-77.605433">
        <ele>3008</ele>
      </trkpt>
      <trkpt lat="-9.296062" lon="-77.605433">
        <ele>3007.8</ele>
      </trkpt>
      <trkpt lat="-9.296" lon="-77.60542">
        <ele>3007.2</ele>
      </trkpt>
      <trkpt lat="-9.295947" lon="-77.605407">
        <ele>3007</ele>
      </trkpt>
      <trkpt lat="-9.295902" lon="-77.605382">
        <ele>3006.8</ele>
      </trkpt>
      <trkpt lat="-9.295863" lon="-77.605368">
        <ele>3006.4</ele>
      </trkpt>
      <trkpt lat="-9.295847" lon="-77.605368">
        <ele>3006</ele>
      </trkpt>
      <trkpt lat="-9.295822" lon="-77.605395">
        <ele>3005.4</ele>
      </trkpt>
      <trkpt lat="-9.295812" lon="-77.60544">
        <ele>3004.4</ele>
      </trkpt>
      <trkpt lat="-9.295828" lon="-77.605458">
        <ele>3004.2</ele>
      </trkpt>
      <trkpt lat="-9.295857" lon="-77.605478">
        <ele>3003.6</ele>
      </trkpt>
      <trkpt lat="-9.295892" lon="-77.605483">
        <ele>3003</ele>
      </trkpt>
      <trkpt lat="-9.29594" lon="-77.605503">
        <ele>3002.6</ele>
      </trkpt>
      <trkpt lat="-9.295998" lon="-77.605522">
        <ele>3002.4</ele>
      </trkpt>
      <trkpt lat="-9.296062" lon="-77.605528">
        <ele>3001.8</ele>
      </trkpt>
      <trkpt lat="-9.296132" lon="-77.605542">
        <ele>3001</ele>
      </trkpt>
      <trkpt lat="-9.29621" lon="-77.605542">
        <ele>3000.8</ele>
      </trkpt>
      <trkpt lat="-9.29629" lon="-77.605555">
        <ele>3000</ele>
      </trkpt>
      <trkpt lat="-9.296365" lon="-77.60556">
        <ele>2999.2</ele>
      </trkpt>
      <trkpt lat="-9.296442" lon="-77.605567">
        <ele>2998.4</ele>
      </trkpt>
      <trkpt lat="-9.296517" lon="-77.605567">
        <ele>2997.6</ele>
      </trkpt>
      <trkpt lat="-9.296592" lon="-77.60556">
        <ele>2997.2</ele>
      </trkpt>
      <trkpt lat="-9.296668" lon="-77.605535">
        <ele>2996.6</ele>
      </trkpt>
      <trkpt lat="-9.296735" lon="-77.605517">
        <ele>2996.2</ele>
      </trkpt>
      <trkpt lat="-9.296797" lon="-77.605478">
        <ele>2995.8</ele>
      </trkpt>
      <trkpt lat="-9.296852" lon="-77.60544">
        <ele>2995.6</ele>
      </trkpt>
      <trkpt lat="-9.296903" lon="-77.605395">
        <ele>2994.8</ele>
      </trkpt>
      <trkpt lat="-9.296948" lon="-77.605343">
        <ele>2994.6</ele>
      </trkpt>
      <trkpt lat="-9.296977" lon="-77.605298">
        <ele>2994.6</ele>
      </trkpt>
      <trkpt lat="-9.296998" lon="-77.605247">
        <ele>2994.2</ele>
      </trkpt>
      <trkpt lat="-9.297003" lon="-77.605183">
        <ele>2993.8</ele>
      </trkpt>
      <trkpt lat="-9.297" lon="-77.60512">
        <ele>2993.4</ele>
      </trkpt>
      <trkpt lat="-9.296985" lon="-77.605042">
        <ele>2993.2</ele>
      </trkpt>
      <trkpt lat="-9.296963" lon="-77.604972">
        <ele>2993.6</ele>
      </trkpt>
      <trkpt lat="-9.296938" lon="-77.604902">
        <ele>2993.6</ele>
      </trkpt>
      <trkpt lat="-9.296917" lon="-77.604843">
        <ele>2993</ele>
      </trkpt>
      <trkpt lat="-9.296892" lon="-77.604748">
        <ele>2993</ele>
      </trkpt>
      <trkpt lat="-9.29687" lon="-77.604683">
        <ele>2993</ele>
      </trkpt>
      <trkpt lat="-9.296855" lon="-77.604613">
        <ele>2992.8</ele>
      </trkpt>
      <trkpt lat="-9.29684" lon="-77.60455">
        <ele>2992.4</ele>
      </trkpt>
      <trkpt lat="-9.29683" lon="-77.604485">
        <ele>2991.6</ele>
      </trkpt>
      <trkpt lat="-9.296825" lon="-77.604428">
        <ele>2991.4</ele>
      </trkpt>
      <trkpt lat="-9.296825" lon="-77.60437">
        <ele>2991.2</ele>
      </trkpt>
      <trkpt lat="-9.29682" lon="-77.604313">
        <ele>2990.6</ele>
      </trkpt>
      <trkpt lat="-9.296817" lon="-77.604262">
        <ele>2990</ele>
      </trkpt>
      <trkpt lat="-9.29681" lon="-77.60421">
        <ele>2989.4</ele>
      </trkpt>
      <trkpt lat="-9.29681" lon="-77.604153">
        <ele>2989</ele>
      </trkpt>
      <trkpt lat="-9.296805" lon="-77.604095">
        <ele>2988.6</ele>
      </trkpt>
      <trkpt lat="-9.296807" lon="-77.604025">
        <ele>2988.2</ele>
      </trkpt>
      <trkpt lat="-9.296807" lon="-77.603967">
        <ele>2987.8</ele>
      </trkpt>
      <trkpt lat="-9.296818" lon="-77.603935">
        <ele>2987.6</ele>
      </trkpt>
      <trkpt lat="-9.297188" lon="-77.603448">
        <ele>2984</ele>
      </trkpt>
      <trkpt lat="-9.297237" lon="-77.603392">
        <ele>2983.4</ele>
      </trkpt>
      <trkpt lat="-9.2973" lon="-77.60334">
        <ele>2982.2</ele>
      </trkpt>
      <trkpt lat="-9.297333" lon="-77.603295">
        <ele>2981.4</ele>
      </trkpt>
      <trkpt lat="-9.29736" lon="-77.603238">
        <ele>2980.8</ele>
      </trkpt>
      <trkpt lat="-9.29738" lon="-77.603193">
        <ele>2980.6</ele>
      </trkpt>
      <trkpt lat="-9.297407" lon="-77.60316">
        <ele>2980.2</ele>
      </trkpt>
      <trkpt lat="-9.297432" lon="-77.603142">
        <ele>2979</ele>
      </trkpt>
      <trkpt lat="-9.297467" lon="-77.603128">
        <ele>2978.2</ele>
      </trkpt>
      <trkpt lat="-9.297505" lon="-77.603117">
        <ele>2977.6</ele>
      </trkpt>
      <trkpt lat="-9.297545" lon="-77.603117">
        <ele>2977</ele>
      </trkpt>
      <trkpt lat="-9.29758" lon="-77.603135">
        <ele>2976.4</ele>
      </trkpt>
      <trkpt lat="-9.297595" lon="-77.603148">
        <ele>2975.6</ele>
      </trkpt>
      <trkpt lat="-9.297592" lon="-77.603173">
        <ele>2975.2</ele>
      </trkpt>
      <trkpt lat="-9.297583" lon="-77.603218">
        <ele>2975.2</ele>
      </trkpt>
      <trkpt lat="-9.297565" lon="-77.603288">
        <ele>2974.8</ele>
      </trkpt>
      <trkpt lat="-9.297535" lon="-77.60336">
        <ele>2974.6</ele>
      </trkpt>
      <trkpt lat="-9.297505" lon="-77.603462">
        <ele>2974.4</ele>
      </trkpt>
      <trkpt lat="-9.297487" lon="-77.603538">
        <ele>2974.4</ele>
      </trkpt>
      <trkpt lat="-9.297477" lon="-77.603608">
        <ele>2974.4</ele>
      </trkpt>
      <trkpt lat="-9.297465" lon="-77.60366">
        <ele>2974.2</ele>
      </trkpt>
      <trkpt lat="-9.297465" lon="-77.603723">
        <ele>2973.6</ele>
      </trkpt>
      <trkpt lat="-9.297477" lon="-77.603743">
        <ele>2973</ele>
      </trkpt>
      <trkpt lat="-9.2975" lon="-77.603768">
        <ele>2972</ele>
      </trkpt>
      <trkpt lat="-9.297522" lon="-77.603788">
        <ele>2971.2</ele>
      </trkpt>
      <trkpt lat="-9.29756" lon="-77.603795">
        <ele>2971</ele>
      </trkpt>
      <trkpt lat="-9.297597" lon="-77.603788">
        <ele>2970.2</ele>
      </trkpt>
      <trkpt lat="-9.29763" lon="-77.603768">
        <ele>2970</ele>
      </trkpt>
      <trkpt lat="-9.297668" lon="-77.603737">
        <ele>2969.2</ele>
      </trkpt>
      <trkpt lat="-9.2977" lon="-77.603698">
        <ele>2968.8</ele>
      </trkpt>
      <trkpt lat="-9.297728" lon="-77.603647">
        <ele>2968.2</ele>
      </trkpt>
      <trkpt lat="-9.297743" lon="-77.60359">
        <ele>2967.8</ele>
      </trkpt>
      <trkpt lat="-9.29776" lon="-77.603525">
        <ele>2967.6</ele>
      </trkpt>
      <trkpt lat="-9.29777" lon="-77.60343">
        <ele>2967.4</ele>
      </trkpt>
      <trkpt lat="-9.297775" lon="-77.603347">
        <ele>2967.2</ele>
      </trkpt>
      <trkpt lat="-9.29778" lon="-77.603263">
        <ele>2966.2</ele>
      </trkpt>
      <trkpt lat="-9.297783" lon="-77.60318">
        <ele>2965.4</ele>
      </trkpt>
      <trkpt lat="-9.297775" lon="-77.603097">
        <ele>2965</ele>
      </trkpt>
      <trkpt lat="-9.297755" lon="-77.603013">
        <ele>2964.8</ele>
      </trkpt>
      <trkpt lat="-9.297735" lon="-77.602943">
        <ele>2964.8</ele>
      </trkpt>
      <trkpt lat="-9.297703" lon="-77.602892">
        <ele>2964.8</ele>
      </trkpt>
      <trkpt lat="-9.297663" lon="-77.602822">
        <ele>2964.6</ele>
      </trkpt>
      <trkpt lat="-9.297617" lon="-77.602752">
        <ele>2964.4</ele>
      </trkpt>
      <trkpt lat="-9.297578" lon="-77.60268">
        <ele>2963.6</ele>
      </trkpt>
      <trkpt lat="-9.297552" lon="-77.60263">
        <ele>2962.8</ele>
      </trkpt>
      <trkpt lat="-9.297537" lon="-77.602585">
        <ele>2962.4</ele>
      </trkpt>
      <trkpt lat="-9.29753" lon="-77.602547">
        <ele>2961.8</ele>
      </trkpt>
      <trkpt lat="-9.29753" lon="-77.602508">
        <ele>2961.2</ele>
      </trkpt>
      <trkpt lat="-9.297527" lon="-77.602477">
        <ele>2961.2</ele>
      </trkpt>
      <trkpt lat="-9.297535" lon="-77.602443">
        <ele>2960.8</ele>
      </trkpt>
      <trkpt lat="-9.297542" lon="-77.602425">
        <ele>2960.6</ele>
      </trkpt>
      <trkpt lat="-9.297562" lon="-77.602418">
        <ele>2960.4</ele>
      </trkpt>
      <trkpt lat="-9.297595" lon="-77.602405">
        <ele>2960</ele>
      </trkpt>
      <trkpt lat="-9.29762" lon="-77.602425">
        <ele>2959.4</ele>
      </trkpt>
      <trkpt lat="-9.297637" lon="-77.602443">
        <ele>2958.8</ele>
      </trkpt>
      <trkpt lat="-9.297657" lon="-77.602477">
        <ele>2958.6</ele>
      </trkpt>
      <trkpt lat="-9.297668" lon="-77.60252">
        <ele>2958.4</ele>
      </trkpt>
      <trkpt lat="-9.297683" lon="-77.602585">
        <ele>2958</ele>
      </trkpt>
      <trkpt lat="-9.297708" lon="-77.602637">
        <ele>2957.4</ele>
      </trkpt>
      <trkpt lat="-9.29775" lon="-77.602707">
        <ele>2956.8</ele>
      </trkpt>
      <trkpt lat="-9.297798" lon="-77.602763">
        <ele>2956.2</ele>
      </trkpt>
      <trkpt lat="-9.297835" lon="-77.602828">
        <ele>2956.2</ele>
      </trkpt>
      <trkpt lat="-9.297875" lon="-77.602898">
        <ele>2955.6</ele>
      </trkpt>
      <trkpt lat="-9.297915" lon="-77.602957">
        <ele>2954.8</ele>
      </trkpt>
      <trkpt lat="-9.297958" lon="-77.60302">
        <ele>2954.2</ele>
      </trkpt>
      <trkpt lat="-9.297987" lon="-77.60309">
        <ele>2953.2</ele>
      </trkpt>
      <trkpt lat="-9.298018" lon="-77.603148">
        <ele>2953</ele>
      </trkpt>
      <trkpt lat="-9.29804" lon="-77.603212">
        <ele>2952.6</ele>
      </trkpt>
      <trkpt lat="-9.298014" lon="-77.603215">
        <ele>2920.25</ele>
      </trkpt>
      <trkpt lat="-9.298025" lon="-77.60339">
        <ele>2919.25</ele>
      </trkpt>
      <trkpt lat="-9.298117" lon="-77.603548">
        <ele>2912.5</ele>
      </trkpt>
      <trkpt lat="-9.298131" lon="-77.603716">
        <ele>2909.5</ele>
      </trkpt>
      <trkpt lat="-9.298035" lon="-77.603968">
        <ele>2911.25</ele>
      </trkpt>
      <trkpt lat="-9.297873" lon="-77.604131">
        <ele>2917</ele>
      </trkpt>
      <trkpt lat="-9.297648" lon="-77.604248">
        <ele>2927.25</ele>
      </trkpt>
      <trkpt lat="-9.297624" lon="-77.604367">
        <ele>2928.25</ele>
      </trkpt>
      <trkpt lat="-9.297611" lon="-77.604425">
        <ele>2928.25</ele>
      </trkpt>
      <trkpt lat="-9.297666" lon="-77.604731">
        <ele>2923.5</ele>
      </trkpt>
      <trkpt lat="-9.297721" lon="-77.604977">
        <ele>2919</ele>
      </trkpt>
      <trkpt lat="-9.297834" lon="-77.605221">
        <ele>2912.5</ele>
      </trkpt>
      <trkpt lat="-9.298102" lon="-77.605484">
        <ele>2899.25</ele>
      </trkpt>
      <trkpt lat="-9.298309" lon="-77.605784">
        <ele>2891.5</ele>
      </trkpt>
      <trkpt lat="-9.298287" lon="-77.605854">
        <ele>2890</ele>
      </trkpt>
      <trkpt lat="-9.298287" lon="-77.605854">
        <ele>2890</ele>
      </trkpt>
      <trkpt lat="-9.298224" lon="-77.606048">
        <ele>2890</ele>
      </trkpt>
      <trkpt lat="-9.298077" lon="-77.606292">
        <ele>2888.5</ele>
      </trkpt>
      <trkpt lat="-9.29785" lon="-77.606453">
        <ele>2890.75</ele>
      </trkpt>
      <trkpt lat="-9.2976" lon="-77.606606">
        <ele>2892.5</ele>
      </trkpt>
      <trkpt lat="-9.297585" lon="-77.606652">
        <ele>2891</ele>
      </trkpt>
      <trkpt lat="-9.297599" lon="-77.606685">
        <ele>2888.75</ele>
      </trkpt>
      <trkpt lat="-9.29759" lon="-77.606687">
        <ele>2919.6</ele>
      </trkpt>
      <trkpt lat="-9.297599" lon="-77.606685">
        <ele>2889.25</ele>
      </trkpt>
      <trkpt lat="-9.297603" lon="-77.606694">
        <ele>2888.75</ele>
      </trkpt>
      <trkpt lat="-9.297646" lon="-77.606704">
        <ele>2887.25</ele>
      </trkpt>
      <trkpt lat="-9.297682" lon="-77.606699">
        <ele>2886.5</ele>
      </trkpt>
      <trkpt lat="-9.297812" lon="-77.606658">
        <ele>2884.5</ele>
      </trkpt>
      <trkpt lat="-9.297961" lon="-77.606559">
        <ele>2883.75</ele>
      </trkpt>
      <trkpt lat="-9.298129" lon="-77.606475">
        <ele>2881.25</ele>
      </trkpt>
      <trkpt lat="-9.298393" lon="-77.606243">
        <ele>2877.25</ele>
      </trkpt>
      <trkpt lat="-9.298496" lon="-77.606033">
        <ele>2875.5</ele>
      </trkpt>
      <trkpt lat="-9.29854" lon="-77.605941">
        <ele>2875.5</ele>
      </trkpt>
      <trkpt lat="-9.298601" lon="-77.605689">
        <ele>2872.75</ele>
      </trkpt>
      <trkpt lat="-9.298553" lon="-77.605446">
        <ele>2873.75</ele>
      </trkpt>
      <trkpt lat="-9.298399" lon="-77.605224">
        <ele>2881</ele>
      </trkpt>
      <trkpt lat="-9.298383" lon="-77.60517">
        <ele>2881.5</ele>
      </trkpt>
      <trkpt lat="-9.298409" lon="-77.605142">
        <ele>2879.75</ele>
      </trkpt>
      <trkpt lat="-9.298418" lon="-77.605093">
        <ele>2905.2</ele>
      </trkpt>
      <trkpt lat="-9.298448" lon="-77.605087">
        <ele>2904.8</ele>
      </trkpt>
      <trkpt lat="-9.29848" lon="-77.605093">
        <ele>2904.2</ele>
      </trkpt>
      <trkpt lat="-9.298523" lon="-77.605107">
        <ele>2903.6</ele>
      </trkpt>
      <trkpt lat="-9.298573" lon="-77.605158">
        <ele>2903.2</ele>
      </trkpt>
      <trkpt lat="-9.29862" lon="-77.605202">
        <ele>2903.2</ele>
      </trkpt>
      <trkpt lat="-9.298663" lon="-77.60526">
        <ele>2902.8</ele>
      </trkpt>
      <trkpt lat="-9.298707" lon="-77.60533">
        <ele>2902.6</ele>
      </trkpt>
      <trkpt lat="-9.298742" lon="-77.6054">
        <ele>2902.4</ele>
      </trkpt>
      <trkpt lat="-9.298777" lon="-77.605465">
        <ele>2902.4</ele>
      </trkpt>
      <trkpt lat="-9.298807" lon="-77.605542">
        <ele>2901.8</ele>
      </trkpt>
      <trkpt lat="-9.298825" lon="-77.605618">
        <ele>2900.6</ele>
      </trkpt>
      <trkpt lat="-9.298832" lon="-77.605702">
        <ele>2900</ele>
      </trkpt>
      <trkpt lat="-9.298832" lon="-77.605778">
        <ele>2898.6</ele>
      </trkpt>
      <trkpt lat="-9.298822" lon="-77.605862">
        <ele>2898.4</ele>
      </trkpt>
      <trkpt lat="-9.298817" lon="-77.605938">
        <ele>2897.8</ele>
      </trkpt>
      <trkpt lat="-9.2988" lon="-77.606028">
        <ele>2897.2</ele>
      </trkpt>
      <trkpt lat="-9.298782" lon="-77.606118">
        <ele>2897</ele>
      </trkpt>
      <trkpt lat="-9.298767" lon="-77.606207">
        <ele>2897</ele>
      </trkpt>
      <trkpt lat="-9.298747" lon="-77.60631">
        <ele>2896.2</ele>
      </trkpt>
      <trkpt lat="-9.29872" lon="-77.606393">
        <ele>2895.4</ele>
      </trkpt>
      <trkpt lat="-9.298692" lon="-77.606477">
        <ele>2894.8</ele>
      </trkpt>
      <trkpt lat="-9.298653" lon="-77.606553">
        <ele>2894.8</ele>
      </trkpt>
      <trkpt lat="-9.298608" lon="-77.60663">
        <ele>2894.2</ele>
      </trkpt>
      <trkpt lat="-9.298562" lon="-77.606707">
        <ele>2893.2</ele>
      </trkpt>
      <trkpt lat="-9.29851" lon="-77.60677">
        <ele>2892.8</ele>
      </trkpt>
      <trkpt lat="-9.298455" lon="-77.606835">
        <ele>2892</ele>
      </trkpt>
      <trkpt lat="-9.2984" lon="-77.606905">
        <ele>2891.4</ele>
      </trkpt>
      <trkpt lat="-9.298343" lon="-77.606962">
        <ele>2891.2</ele>
      </trkpt>
      <trkpt lat="-9.298292" lon="-77.607033">
        <ele>2890.8</ele>
      </trkpt>
      <trkpt lat="-9.298247" lon="-77.60709">
        <ele>2890.6</ele>
      </trkpt>
      <trkpt lat="-9.298205" lon="-77.607155">
        <ele>2890.4</ele>
      </trkpt>
      <trkpt lat="-9.29816" lon="-77.607225">
        <ele>2890</ele>
      </trkpt>
      <trkpt lat="-9.298107" lon="-77.607277">
        <ele>2889.2</ele>
      </trkpt>
      <trkpt lat="-9.298047" lon="-77.607315">
        <ele>2888.8</ele>
      </trkpt>
      <trkpt lat="-9.297993" lon="-77.607365">
        <ele>2888.4</ele>
      </trkpt>
      <trkpt lat="-9.297933" lon="-77.607423">
        <ele>2888</ele>
      </trkpt>
      <trkpt lat="-9.297878" lon="-77.607462">
        <ele>2887.2</ele>
      </trkpt>
      <trkpt lat="-9.297822" lon="-77.6075">
        <ele>2886.8</ele>
      </trkpt>
      <trkpt lat="-9.297768" lon="-77.607525">
        <ele>2886.4</ele>
      </trkpt>
      <trkpt lat="-9.29772" lon="-77.607552">
        <ele>2886</ele>
      </trkpt>
      <trkpt lat="-9.297675" lon="-77.607583">
        <ele>2885</ele>
      </trkpt>
      <trkpt lat="-9.29763" lon="-77.607597">
        <ele>2884.4</ele>
      </trkpt>
      <trkpt lat="-9.297603" lon="-77.607622">
        <ele>2884.2</ele>
      </trkpt>
      <trkpt lat="-9.297587" lon="-77.60766">
        <ele>2883.6</ele>
      </trkpt>
      <trkpt lat="-9.29759" lon="-77.607685">
        <ele>2883.2</ele>
      </trkpt>
      <trkpt lat="-9.29761" lon="-77.607712">
        <ele>2883</ele>
      </trkpt>
      <trkpt lat="-9.297637" lon="-77.607723">
        <ele>2882.6</ele>
      </trkpt>
      <trkpt lat="-9.297677" lon="-77.607723">
        <ele>2882.4</ele>
      </trkpt>
      <trkpt lat="-9.297728" lon="-77.607712">
        <ele>2881.4</ele>
      </trkpt>
      <trkpt lat="-9.297788" lon="-77.607698">
        <ele>2881.4</ele>
      </trkpt>
      <trkpt lat="-9.297858" lon="-77.60768">
        <ele>2881.2</ele>
      </trkpt>
      <trkpt lat="-9.297948" lon="-77.60766">
        <ele>2881</ele>
      </trkpt>
      <trkpt lat="-9.298037" lon="-77.607635">
        <ele>2880.4</ele>
      </trkpt>
      <trkpt lat="-9.298118" lon="-77.607597">
        <ele>2880.4</ele>
      </trkpt>
      <trkpt lat="-9.29819" lon="-77.607563">
        <ele>2880</ele>
      </trkpt>
      <trkpt lat="-9.298262" lon="-77.607525">
        <ele>2879.4</ele>
      </trkpt>
      <trkpt lat="-9.29833" lon="-77.6075">
        <ele>2878.8</ele>
      </trkpt>
      <trkpt lat="-9.298383" lon="-77.607462">
        <ele>2878.6</ele>
      </trkpt>
      <trkpt lat="-9.29842" lon="-77.607403">
        <ele>2878.2</ele>
      </trkpt>
      <trkpt lat="-9.298455" lon="-77.60736">
        <ele>2877.6</ele>
      </trkpt>
      <trkpt lat="-9.298488" lon="-77.607315">
        <ele>2877.2</ele>
      </trkpt>
      <trkpt lat="-9.29852" lon="-77.607277">
        <ele>2876.8</ele>
      </trkpt>
      <trkpt lat="-9.298555" lon="-77.607243">
        <ele>2876.2</ele>
      </trkpt>
      <trkpt lat="-9.298593" lon="-77.607232">
        <ele>2876</ele>
      </trkpt>
      <trkpt lat="-9.298633" lon="-77.607225">
        <ele>2875.6</ele>
      </trkpt>
      <trkpt lat="-9.298668" lon="-77.607212">
        <ele>2875.6</ele>
      </trkpt>
      <trkpt lat="-9.2987" lon="-77.607232">
        <ele>2875.2</ele>
      </trkpt>
      <trkpt lat="-9.298713" lon="-77.607243">
        <ele>2875</ele>
      </trkpt>
      <trkpt lat="-9.298718" lon="-77.607277">
        <ele>2874.4</ele>
      </trkpt>
      <trkpt lat="-9.298707" lon="-77.60732">
        <ele>2874</ele>
      </trkpt>
      <trkpt lat="-9.298668" lon="-77.607378">
        <ele>2874</ele>
      </trkpt>
      <trkpt lat="-9.298613" lon="-77.607437">
        <ele>2874</ele>
      </trkpt>
      <trkpt lat="-9.298548" lon="-77.60748">
        <ele>2873.8</ele>
      </trkpt>
      <trkpt lat="-9.298485" lon="-77.607545">
        <ele>2873.8</ele>
      </trkpt>
      <trkpt lat="-9.298425" lon="-77.607602">
        <ele>2873.4</ele>
      </trkpt>
      <trkpt lat="-9.298368" lon="-77.607673">
        <ele>2873.4</ele>
      </trkpt>
      <trkpt lat="-9.298312" lon="-77.607723">
        <ele>2873.4</ele>
      </trkpt>
      <trkpt lat="-9.298255" lon="-77.607782">
        <ele>2873.2</ele>
      </trkpt>
      <trkpt lat="-9.298197" lon="-77.60784">
        <ele>2873</ele>
      </trkpt>
      <trkpt lat="-9.298138" lon="-77.607897">
        <ele>2873</ele>
      </trkpt>
      <trkpt lat="-9.29808" lon="-77.607948">
        <ele>2873</ele>
      </trkpt>
      <trkpt lat="-9.298027" lon="-77.608">
        <ele>2872.4</ele>
      </trkpt>
      <trkpt lat="-9.297972" lon="-77.608057">
        <ele>2872</ele>
      </trkpt>
      <trkpt lat="-9.297912" lon="-77.608102">
        <ele>2871.6</ele>
      </trkpt>
      <trkpt lat="-9.297845" lon="-77.608147">
        <ele>2870.6</ele>
      </trkpt>
      <trkpt lat="-9.29778" lon="-77.608198">
        <ele>2869.8</ele>
      </trkpt>
      <trkpt lat="-9.29772" lon="-77.608255">
        <ele>2869.6</ele>
      </trkpt>
      <trkpt lat="-9.29767" lon="-77.608307">
        <ele>2869.2</ele>
      </trkpt>
      <trkpt lat="-9.29762" lon="-77.608345">
        <ele>2868.2</ele>
      </trkpt>
      <trkpt lat="-9.29758" lon="-77.60839">
        <ele>2867.6</ele>
      </trkpt>
      <trkpt lat="-9.297545" lon="-77.608428">
        <ele>2867</ele>
      </trkpt>
      <trkpt lat="-9.297512" lon="-77.60846">
        <ele>2866.2</ele>
      </trkpt>
      <trkpt lat="-9.297485" lon="-77.608492">
        <ele>2866</ele>
      </trkpt>
      <trkpt lat="-9.29746" lon="-77.608518">
        <ele>2865.4</ele>
      </trkpt>
      <trkpt lat="-9.297432" lon="-77.60855">
        <ele>2865</ele>
      </trkpt>
      <trkpt lat="-9.29741" lon="-77.608582">
        <ele>2864.4</ele>
      </trkpt>
      <trkpt lat="-9.297397" lon="-77.608613">
        <ele>2864.4</ele>
      </trkpt>
      <trkpt lat="-9.297393" lon="-77.608633">
        <ele>2864.4</ele>
      </trkpt>
      <trkpt lat="-9.297398" lon="-77.608665">
        <ele>2864</ele>
      </trkpt>
      <trkpt lat="-9.297405" lon="-77.608697">
        <ele>2863.6</ele>
      </trkpt>
      <trkpt lat="-9.297405" lon="-77.608717">
        <ele>2862.6</ele>
      </trkpt>
      <trkpt lat="-9.2974" lon="-77.608735">
        <ele>2862.2</ele>
      </trkpt>
      <trkpt lat="-9.297398" lon="-77.608755">
        <ele>2861.6</ele>
      </trkpt>
      <trkpt lat="-9.29738" lon="-77.60876">
        <ele>2861</ele>
      </trkpt>
      <trkpt lat="-9.297385" lon="-77.60878">
        <ele>2860.8</ele>
      </trkpt>
      <trkpt lat="-9.297382" lon="-77.608812">
        <ele>2860.8</ele>
      </trkpt>
      <trkpt lat="-9.297373" lon="-77.608838">
        <ele>2860.4</ele>
      </trkpt>
      <trkpt lat="-9.297373" lon="-77.608857">
        <ele>2860</ele>
      </trkpt>
      <trkpt lat="-9.29738" lon="-77.608877">
        <ele>2859.8</ele>
      </trkpt>
      <trkpt lat="-9.297392" lon="-77.608902">
        <ele>2859.4</ele>
      </trkpt>
      <trkpt lat="-9.297407" lon="-77.608927">
        <ele>2858.8</ele>
      </trkpt>
      <trkpt lat="-9.297417" lon="-77.608947">
        <ele>2858.2</ele>
      </trkpt>
      <trkpt lat="-9.297437" lon="-77.608992">
        <ele>2856.8</ele>
      </trkpt>
      <trkpt lat="-9.297445" lon="-77.609023">
        <ele>2856.2</ele>
      </trkpt>
      <trkpt lat="-9.297452" lon="-77.609062">
        <ele>2855.6</ele>
      </trkpt>
      <trkpt lat="-9.297458" lon="-77.609087">
        <ele>2855</ele>
      </trkpt>
      <trkpt lat="-9.29746" lon="-77.609125">
        <ele>2854.2</ele>
      </trkpt>
      <trkpt lat="-9.297452" lon="-77.609152">
        <ele>2853.8</ele>
      </trkpt>
      <trkpt lat="-9.297442" lon="-77.609197">
        <ele>2853.2</ele>
      </trkpt>
      <trkpt lat="-9.297425" lon="-77.609247">
        <ele>2852.6</ele>
      </trkpt>
      <trkpt lat="-9.29741" lon="-77.609292">
        <ele>2852.2</ele>
      </trkpt>
      <trkpt lat="-9.297398" lon="-77.60933">
        <ele>2851.6</ele>
      </trkpt>
      <trkpt lat="-9.297387" lon="-77.609375">
        <ele>2851.2</ele>
      </trkpt>
      <trkpt lat="-9.29738" lon="-77.609413">
        <ele>2850.8</ele>
      </trkpt>
      <trkpt lat="-9.297368" lon="-77.609452">
        <ele>2850.4</ele>
      </trkpt>
      <trkpt lat="-9.297353" lon="-77.609483">
        <ele>2849.8</ele>
      </trkpt>
      <trkpt lat="-9.297338" lon="-77.60951">
        <ele>2849.6</ele>
      </trkpt>
      <trkpt lat="-9.297318" lon="-77.609542">
        <ele>2849</ele>
      </trkpt>
      <trkpt lat="-9.297297" lon="-77.609567">
        <ele>2848.4</ele>
      </trkpt>
      <trkpt lat="-9.297268" lon="-77.609593">
        <ele>2848.2</ele>
      </trkpt>
      <trkpt lat="-9.29724" lon="-77.609618">
        <ele>2848</ele>
      </trkpt>
      <trkpt lat="-9.297218" lon="-77.60965">
        <ele>2847.6</ele>
      </trkpt>
      <trkpt lat="-9.297193" lon="-77.609688">
        <ele>2847</ele>
      </trkpt>
      <trkpt lat="-9.297167" lon="-77.609715">
        <ele>2847</ele>
      </trkpt>
      <trkpt lat="-9.297142" lon="-77.609753">
        <ele>2846.6</ele>
      </trkpt>
      <trkpt lat="-9.297122" lon="-77.609792">
        <ele>2846.6</ele>
      </trkpt>
      <trkpt lat="-9.297105" lon="-77.609842">
        <ele>2846.2</ele>
      </trkpt>
      <trkpt lat="-9.297098" lon="-77.609887">
        <ele>2845.8</ele>
      </trkpt>
      <trkpt lat="-9.297093" lon="-77.609938">
        <ele>2845.4</ele>
      </trkpt>
      <trkpt lat="-9.297088" lon="-77.60999">
        <ele>2845</ele>
      </trkpt>
      <trkpt lat="-9.297083" lon="-77.610047">
        <ele>2844.6</ele>
      </trkpt>
      <trkpt lat="-9.29708" lon="-77.610098">
        <ele>2844.4</ele>
      </trkpt>
      <trkpt lat="-9.297068" lon="-77.61015">
        <ele>2844</ele>
      </trkpt>
      <trkpt lat="-9.297055" lon="-77.610207">
        <ele>2843.6</ele>
      </trkpt>
      <trkpt lat="-9.29704" lon="-77.610258">
        <ele>2843.2</ele>
      </trkpt>
      <trkpt lat="-9.297025" lon="-77.610322">
        <ele>2842.8</ele>
      </trkpt>
      <trkpt lat="-9.297015" lon="-77.61038">
        <ele>2842.6</ele>
      </trkpt>
      <trkpt lat="-9.297003" lon="-77.610443">
        <ele>2842.4</ele>
      </trkpt>
      <trkpt lat="-9.29699" lon="-77.610508">
        <ele>2842.2</ele>
      </trkpt>
      <trkpt lat="-9.29698" lon="-77.610572">
        <ele>2841.2</ele>
      </trkpt>
      <trkpt lat="-9.29696" lon="-77.610637">
        <ele>2841.2</ele>
      </trkpt>
      <trkpt lat="-9.296937" lon="-77.610693">
        <ele>2840.2</ele>
      </trkpt>
      <trkpt lat="-9.29691" lon="-77.610745">
        <ele>2839.4</ele>
      </trkpt>
      <trkpt lat="-9.29688" lon="-77.610797">
        <ele>2839</ele>
      </trkpt>
      <trkpt lat="-9.296858" lon="-77.61084">
        <ele>2839</ele>
      </trkpt>
      <trkpt lat="-9.296842" lon="-77.61088">
        <ele>2838.4</ele>
      </trkpt>
      <trkpt lat="-9.29683" lon="-77.610923">
        <ele>2838</ele>
      </trkpt>
      <trkpt lat="-9.29681" lon="-77.610957">
        <ele>2837.4</ele>
      </trkpt>
      <trkpt lat="-9.296797" lon="-77.610982">
        <ele>2836.4</ele>
      </trkpt>
      <trkpt lat="-9.296798" lon="-77.611">
        <ele>2836</ele>
      </trkpt>
      <trkpt lat="-9.296802" lon="-77.611033">
        <ele>2835.4</ele>
      </trkpt>
      <trkpt lat="-9.296812" lon="-77.611052">
        <ele>2835</ele>
      </trkpt>
      <trkpt lat="-9.296817" lon="-77.611083">
        <ele>2834.6</ele>
      </trkpt>
      <trkpt lat="-9.296825" lon="-77.611117">
        <ele>2833.8</ele>
      </trkpt>
      <trkpt lat="-9.296835" lon="-77.611142">
        <ele>2832.8</ele>
      </trkpt>
      <trkpt lat="-9.29684" lon="-77.611167">
        <ele>2832.4</ele>
      </trkpt>
      <trkpt lat="-9.296842" lon="-77.611193">
        <ele>2832.2</ele>
      </trkpt>
      <trkpt lat="-9.29684" lon="-77.611212">
        <ele>2831.6</ele>
      </trkpt>
      <trkpt lat="-9.296832" lon="-77.611238">
        <ele>2830.8</ele>
      </trkpt>
      <trkpt lat="-9.29682" lon="-77.611257">
        <ele>2830.4</ele>
      </trkpt>
      <trkpt lat="-9.2968" lon="-77.611282">
        <ele>2830</ele>
      </trkpt>
      <trkpt lat="-9.296777" lon="-77.611302">
        <ele>2829.8</ele>
      </trkpt>
      <trkpt lat="-9.296747" lon="-77.61132">
        <ele>2829.4</ele>
      </trkpt>
      <trkpt lat="-9.296725" lon="-77.611327">
        <ele>2829</ele>
      </trkpt>
      <trkpt lat="-9.296693" lon="-77.61134">
        <ele>2828.6</ele>
      </trkpt>
      <trkpt lat="-9.29666" lon="-77.611353">
        <ele>2828.2</ele>
      </trkpt>
      <trkpt lat="-9.29662" lon="-77.611365">
        <ele>2827.6</ele>
      </trkpt>
      <trkpt lat="-9.296587" lon="-77.611392">
        <ele>2827</ele>
      </trkpt>
      <trkpt lat="-9.296553" lon="-77.611417">
        <ele>2827</ele>
      </trkpt>
      <trkpt lat="-9.296527" lon="-77.611475">
        <ele>2826.4</ele>
      </trkpt>
      <trkpt lat="-9.296512" lon="-77.611513">
        <ele>2826.2</ele>
      </trkpt>
      <trkpt lat="-9.296502" lon="-77.611558">
        <ele>2826.2</ele>
      </trkpt>
      <trkpt lat="-9.296495" lon="-77.611608">
        <ele>2826.2</ele>
      </trkpt>
      <trkpt lat="-9.296495" lon="-77.611653">
        <ele>2826</ele>
      </trkpt>
      <trkpt lat="-9.296495" lon="-77.611698">
        <ele>2826</ele>
      </trkpt>
      <trkpt lat="-9.296495" lon="-77.611737">
        <ele>2826</ele>
      </trkpt>
      <trkpt lat="-9.296495" lon="-77.611768">
        <ele>2825.6</ele>
      </trkpt>
      <trkpt lat="-9.296495" lon="-77.611807">
        <ele>2825.6</ele>
      </trkpt>
      <trkpt lat="-9.296483" lon="-77.61184">
        <ele>2825.4</ele>
      </trkpt>
      <trkpt lat="-9.296468" lon="-77.611872">
        <ele>2825.4</ele>
      </trkpt>
      <trkpt lat="-9.296453" lon="-77.61191">
        <ele>2825.4</ele>
      </trkpt>
      <trkpt lat="-9.296435" lon="-77.611955">
        <ele>2825.2</ele>
      </trkpt>
      <trkpt lat="-9.296413" lon="-77.611993">
        <ele>2825.2</ele>
      </trkpt>
      <trkpt lat="-9.296373" lon="-77.612038">
        <ele>2825</ele>
      </trkpt>
      <trkpt lat="-9.29634" lon="-77.612057">
        <ele>2825</ele>
      </trkpt>
      <trkpt lat="-9.296295" lon="-77.612088">
        <ele>2824.8</ele>
      </trkpt>
      <trkpt lat="-9.296243" lon="-77.612115">
        <ele>2824.8</ele>
      </trkpt>
      <trkpt lat="-9.29618" lon="-77.612147">
        <ele>2824.8</ele>
      </trkpt>
      <trkpt lat="-9.296137" lon="-77.61216">
        <ele>2824.6</ele>
      </trkpt>
      <trkpt lat="-9.29608" lon="-77.612172">
        <ele>2824.6</ele>
      </trkpt>
      <trkpt lat="-9.296035" lon="-77.612192">
        <ele>2824.4</ele>
      </trkpt>
      <trkpt lat="-9.295988" lon="-77.61221">
        <ele>2824.2</ele>
      </trkpt>
      <trkpt lat="-9.295943" lon="-77.61223">
        <ele>2824.2</ele>
      </trkpt>
      <trkpt lat="-9.295897" lon="-77.612248">
        <ele>2824</ele>
      </trkpt>
      <trkpt lat="-9.295867" lon="-77.612268">
        <ele>2823.4</ele>
      </trkpt>
      <trkpt lat="-9.295818" lon="-77.612287">
        <ele>2823.4</ele>
      </trkpt>
      <trkpt lat="-9.295788" lon="-77.612307">
        <ele>2823.4</ele>
      </trkpt>
      <trkpt lat="-9.295758" lon="-77.612332">
        <ele>2823.8</ele>
      </trkpt>
      <trkpt lat="-9.295725" lon="-77.612358">
        <ele>2823.8</ele>
      </trkpt>
      <trkpt lat="-9.295695" lon="-77.612383">
        <ele>2823.8</ele>
      </trkpt>
      <trkpt lat="-9.295665" lon="-77.612402">
        <ele>2823.4</ele>
      </trkpt>
      <trkpt lat="-9.29563" lon="-77.612428">
        <ele>2823</ele>
      </trkpt>
      <trkpt lat="-9.295583" lon="-77.612447">
        <ele>2823</ele>
      </trkpt>
      <trkpt lat="-9.29555" lon="-77.612467">
        <ele>2823</ele>
      </trkpt>
      <trkpt lat="-9.295505" lon="-77.612485">
        <ele>2823.2</ele>
      </trkpt>
      <trkpt lat="-9.29546" lon="-77.612492">
        <ele>2823.2</ele>
      </trkpt>
      <trkpt lat="-9.295417" lon="-77.612512">
        <ele>2823.4</ele>
      </trkpt>
      <trkpt lat="-9.295362" lon="-77.612523">
        <ele>2823.4</ele>
      </trkpt>
      <trkpt lat="-9.295327" lon="-77.612543">
        <ele>2823.2</ele>
      </trkpt>
      <trkpt lat="-9.295285" lon="-77.612562">
        <ele>2823.2</ele>
      </trkpt>
      <trkpt lat="-9.295247" lon="-77.612582">
        <ele>2823</ele>
      </trkpt>
      <trkpt lat="-9.2952" lon="-77.6126">
        <ele>2823</ele>
      </trkpt>
      <trkpt lat="-9.295173" lon="-77.612613">
        <ele>2823</ele>
      </trkpt>
      <trkpt lat="-9.295133" lon="-77.612633">
        <ele>2822.4</ele>
      </trkpt>
      <trkpt lat="-9.295103" lon="-77.61264">
        <ele>2822.4</ele>
      </trkpt>
      <trkpt lat="-9.295068" lon="-77.612652">
        <ele>2822.4</ele>
      </trkpt>
      <trkpt lat="-9.295035" lon="-77.612672">
        <ele>2822.8</ele>
      </trkpt>
      <trkpt lat="-9.294995" lon="-77.612683">
        <ele>2822.8</ele>
      </trkpt>
      <trkpt lat="-9.29495" lon="-77.61271">
        <ele>2822.6</ele>
      </trkpt>
      <trkpt lat="-9.294903" lon="-77.612728">
        <ele>2822.8</ele>
      </trkpt>
      <trkpt lat="-9.294857" lon="-77.61276">
        <ele>2823</ele>
      </trkpt>
      <trkpt lat="-9.294807" lon="-77.612793">
        <ele>2823</ele>
      </trkpt>
      <trkpt lat="-9.294778" lon="-77.612812">
        <ele>2823</ele>
      </trkpt>
      <trkpt lat="-9.294742" lon="-77.612838">
        <ele>2823</ele>
      </trkpt>
      <trkpt lat="-9.29471" lon="-77.61287">
        <ele>2822.6</ele>
      </trkpt>
      <trkpt lat="-9.294678" lon="-77.612902">
        <ele>2822.2</ele>
      </trkpt>
      <trkpt lat="-9.294647" lon="-77.61292">
        <ele>2822.2</ele>
      </trkpt>
      <trkpt lat="-9.29461" lon="-77.61294">
        <ele>2822</ele>
      </trkpt>
      <trkpt lat="-9.294573" lon="-77.612947">
        <ele>2821.6</ele>
      </trkpt>
      <trkpt lat="-9.294533" lon="-77.612953">
        <ele>2821.4</ele>
      </trkpt>
      <trkpt lat="-9.294487" lon="-77.612953">
        <ele>2821.2</ele>
      </trkpt>
      <trkpt lat="-9.294442" lon="-77.612965">
        <ele>2821</ele>
      </trkpt>
      <trkpt lat="-9.294408" lon="-77.612965">
        <ele>2820.8</ele>
      </trkpt>
      <trkpt lat="-9.294362" lon="-77.612978">
        <ele>2821</ele>
      </trkpt>
      <trkpt lat="-9.294315" lon="-77.612985">
        <ele>2821</ele>
      </trkpt>
      <trkpt lat="-9.294268" lon="-77.612985">
        <ele>2821</ele>
      </trkpt>
      <trkpt lat="-9.29422" lon="-77.612992">
        <ele>2821</ele>
      </trkpt>
      <trkpt lat="-9.29417" lon="-77.613003">
        <ele>2820.6</ele>
      </trkpt>
      <trkpt lat="-9.294117" lon="-77.61301">
        <ele>2820.4</ele>
      </trkpt>
      <trkpt lat="-9.294075" lon="-77.61303">
        <ele>2820.4</ele>
      </trkpt>
      <trkpt lat="-9.294035" lon="-77.613037">
        <ele>2820.4</ele>
      </trkpt>
      <trkpt lat="-9.293998" lon="-77.613048">
        <ele>2820.4</ele>
      </trkpt>
      <trkpt lat="-9.293958" lon="-77.613068">
        <ele>2820.2</ele>
      </trkpt>
      <trkpt lat="-9.293925" lon="-77.61308">
        <ele>2820.2</ele>
      </trkpt>
      <trkpt lat="-9.293885" lon="-77.613107">
        <ele>2820.2</ele>
      </trkpt>
      <trkpt lat="-9.293843" lon="-77.613125">
        <ele>2820.2</ele>
      </trkpt>
      <trkpt lat="-9.293807" lon="-77.613152">
        <ele>2820</ele>
      </trkpt>
      <trkpt lat="-9.293773" lon="-77.613177">
        <ele>2820</ele>
      </trkpt>
      <trkpt lat="-9.29374" lon="-77.613208">
        <ele>2820</ele>
      </trkpt>
      <trkpt lat="-9.293713" lon="-77.613247">
        <ele>2820</ele>
      </trkpt>
      <trkpt lat="-9.293688" lon="-77.61328">
        <ele>2820</ele>
      </trkpt>
      <trkpt lat="-9.293642" lon="-77.613323">
        <ele>2820</ele>
      </trkpt>
      <trkpt lat="-9.293613" lon="-77.613357">
        <ele>2819.6</ele>
      </trkpt>
      <trkpt lat="-9.293575" lon="-77.613388">
        <ele>2819.6</ele>
      </trkpt>
      <trkpt lat="-9.293528" lon="-77.613427">
        <ele>2819.6</ele>
      </trkpt>
      <trkpt lat="-9.293488" lon="-77.613458">
        <ele>2819.6</ele>
      </trkpt>
      <trkpt lat="-9.293455" lon="-77.613478">
        <ele>2819.4</ele>
      </trkpt>
      <trkpt lat="-9.293415" lon="-77.613517">
        <ele>2819.2</ele>
      </trkpt>
      <trkpt lat="-9.29337" lon="-77.613548">
        <ele>2819.2</ele>
      </trkpt>
      <trkpt lat="-9.293327" lon="-77.61358">
        <ele>2819.2</ele>
      </trkpt>
      <trkpt lat="-9.29328" lon="-77.613593">
        <ele>2819</ele>
      </trkpt>
      <trkpt lat="-9.293232" lon="-77.613618">
        <ele>2819</ele>
      </trkpt>
      <trkpt lat="-9.293197" lon="-77.613618">
        <ele>2818.8</ele>
      </trkpt>
      <trkpt lat="-9.293173" lon="-77.613625">
        <ele>2818.8</ele>
      </trkpt>
      <trkpt lat="-9.293143" lon="-77.613632">
        <ele>2818.2</ele>
      </trkpt>
      <trkpt lat="-9.29312" lon="-77.613638">
        <ele>2817.6</ele>
      </trkpt>
      <trkpt lat="-9.293113" lon="-77.613663">
        <ele>2816.6</ele>
      </trkpt>
      <trkpt lat="-9.293133" lon="-77.613702">
        <ele>2816.2</ele>
      </trkpt>
      <trkpt lat="-9.293142" lon="-77.61372">
        <ele>2815.8</ele>
      </trkpt>
      <trkpt lat="-9.293157" lon="-77.61374">
        <ele>2815.6</ele>
      </trkpt>
      <trkpt lat="-9.293172" lon="-77.61376">
        <ele>2815.6</ele>
      </trkpt>
      <trkpt lat="-9.293198" lon="-77.613792">
        <ele>2815.4</ele>
      </trkpt>
      <trkpt lat="-9.293212" lon="-77.613817">
        <ele>2815.2</ele>
      </trkpt>
      <trkpt lat="-9.293238" lon="-77.613842">
        <ele>2815</ele>
      </trkpt>
      <trkpt lat="-9.293258" lon="-77.613868">
        <ele>2815</ele>
      </trkpt>
      <trkpt lat="-9.29328" lon="-77.6139">
        <ele>2814.8</ele>
      </trkpt>
      <trkpt lat="-9.293312" lon="-77.613945">
        <ele>2814.6</ele>
      </trkpt>
      <trkpt lat="-9.29334" lon="-77.613977">
        <ele>2814</ele>
      </trkpt>
      <trkpt lat="-9.29337" lon="-77.614015">
        <ele>2813.4</ele>
      </trkpt>
      <trkpt lat="-9.2934" lon="-77.61404">
        <ele>2813</ele>
      </trkpt>
      <trkpt lat="-9.29343" lon="-77.614073">
        <ele>2812.4</ele>
      </trkpt>
      <trkpt lat="-9.293457" lon="-77.614112">
        <ele>2812</ele>
      </trkpt>
      <trkpt lat="-9.293478" lon="-77.61413">
        <ele>2811.8</ele>
      </trkpt>
      <trkpt lat="-9.293488" lon="-77.61415">
        <ele>2811.2</ele>
      </trkpt>
      <trkpt lat="-9.293503" lon="-77.614182">
        <ele>2810.8</ele>
      </trkpt>
      <trkpt lat="-9.293528" lon="-77.614195">
        <ele>2810.2</ele>
      </trkpt>
      <trkpt lat="-9.293555" lon="-77.614213">
        <ele>2810.2</ele>
      </trkpt>
      <trkpt lat="-9.293585" lon="-77.614233">
        <ele>2810.2</ele>
      </trkpt>
      <trkpt lat="-9.293608" lon="-77.614252">
        <ele>2809.6</ele>
      </trkpt>
      <trkpt lat="-9.293638" lon="-77.614272">
        <ele>2809.4</ele>
      </trkpt>
      <trkpt lat="-9.293662" lon="-77.614278">
        <ele>2809.4</ele>
      </trkpt>
      <trkpt lat="-9.293678" lon="-77.61429">
        <ele>2809.2</ele>
      </trkpt>
      <trkpt lat="-9.293693" lon="-77.61431">
        <ele>2809</ele>
      </trkpt>
      <trkpt lat="-9.293708" lon="-77.614342">
        <ele>2808.8</ele>
      </trkpt>
      <trkpt lat="-9.293738" lon="-77.61436">
        <ele>2808.8</ele>
      </trkpt>
      <trkpt lat="-9.293768" lon="-77.614393">
        <ele>2808.8</ele>
      </trkpt>
      <trkpt lat="-9.2938" lon="-77.614425">
        <ele>2808.2</ele>
      </trkpt>
      <trkpt lat="-9.293828" lon="-77.614457">
        <ele>2808</ele>
      </trkpt>
      <trkpt lat="-9.293865" lon="-77.614488">
        <ele>2807.6</ele>
      </trkpt>
      <trkpt lat="-9.293898" lon="-77.614515">
        <ele>2807.4</ele>
      </trkpt>
      <trkpt lat="-9.293935" lon="-77.61454">
        <ele>2807.2</ele>
      </trkpt>
      <trkpt lat="-9.293965" lon="-77.614572">
        <ele>2806.8</ele>
      </trkpt>
      <trkpt lat="-9.294" lon="-77.614598">
        <ele>2806.2</ele>
      </trkpt>
      <trkpt lat="-9.294037" lon="-77.614623">
        <ele>2806</ele>
      </trkpt>
      <trkpt lat="-9.294072" lon="-77.614637">
        <ele>2805.6</ele>
      </trkpt>
      <trkpt lat="-9.2941" lon="-77.614655">
        <ele>2805.4</ele>
      </trkpt>
      <trkpt lat="-9.294137" lon="-77.614675">
        <ele>2805</ele>
      </trkpt>
      <trkpt lat="-9.294168" lon="-77.614707">
        <ele>2804.6</ele>
      </trkpt>
      <trkpt lat="-9.2942" lon="-77.614732">
        <ele>2804.4</ele>
      </trkpt>
      <trkpt lat="-9.294233" lon="-77.614758">
        <ele>2804.2</ele>
      </trkpt>
      <trkpt lat="-9.29426" lon="-77.61479">
        <ele>2803.8</ele>
      </trkpt>
      <trkpt lat="-9.294285" lon="-77.614815">
        <ele>2803.6</ele>
      </trkpt>
      <trkpt lat="-9.294315" lon="-77.614847">
        <ele>2803</ele>
      </trkpt>
      <trkpt lat="-9.294348" lon="-77.61486">
        <ele>2802.8</ele>
      </trkpt>
      <trkpt lat="-9.294382" lon="-77.614867">
        <ele>2802.8</ele>
      </trkpt>
      <trkpt lat="-9.294413" lon="-77.614885">
        <ele>2802.4</ele>
      </trkpt>
      <trkpt lat="-9.294448" lon="-77.614892">
        <ele>2802</ele>
      </trkpt>
      <trkpt lat="-9.29448" lon="-77.614905">
        <ele>2801.4</ele>
      </trkpt>
      <trkpt lat="-9.2945" lon="-77.61493">
        <ele>2801</ele>
      </trkpt>
      <trkpt lat="-9.294513" lon="-77.614968">
        <ele>2800.6</ele>
      </trkpt>
      <trkpt lat="-9.294503" lon="-77.614988">
        <ele>2800</ele>
      </trkpt>
      <trkpt lat="-9.294498" lon="-77.61502">
        <ele>2800</ele>
      </trkpt>
      <trkpt lat="-9.294493" lon="-77.615052">
        <ele>2799.8</ele>
      </trkpt>
      <trkpt lat="-9.294492" lon="-77.615083">
        <ele>2799.6</ele>
      </trkpt>
      <trkpt lat="-9.294493" lon="-77.615117">
        <ele>2799.6</ele>
      </trkpt>
      <trkpt lat="-9.294502" lon="-77.615148">
        <ele>2799.4</ele>
      </trkpt>
      <trkpt lat="-9.29452" lon="-77.615187">
        <ele>2799.4</ele>
      </trkpt>
      <trkpt lat="-9.294548" lon="-77.615218">
        <ele>2799.2</ele>
      </trkpt>
      <trkpt lat="-9.29458" lon="-77.61525">
        <ele>2799</ele>
      </trkpt>
      <trkpt lat="-9.29461" lon="-77.615288">
        <ele>2799</ele>
      </trkpt>
      <trkpt lat="-9.294638" lon="-77.615315">
        <ele>2799</ele>
      </trkpt>
      <trkpt lat="-9.294665" lon="-77.615353">
        <ele>2798.6</ele>
      </trkpt>
      <trkpt lat="-9.294692" lon="-77.615378">
        <ele>2798.4</ele>
      </trkpt>
      <trkpt lat="-9.294717" lon="-77.61541">
        <ele>2798.4</ele>
      </trkpt>
      <trkpt lat="-9.29474" lon="-77.61543">
        <ele>2797.8</ele>
      </trkpt>
      <trkpt lat="-9.29476" lon="-77.615462">
        <ele>2797.4</ele>
      </trkpt>
      <trkpt lat="-9.294782" lon="-77.615493">
        <ele>2796.8</ele>
      </trkpt>
      <trkpt lat="-9.294805" lon="-77.615525">
        <ele>2796.8</ele>
      </trkpt>
      <trkpt lat="-9.29483" lon="-77.615552">
        <ele>2796.4</ele>
      </trkpt>
      <trkpt lat="-9.29485" lon="-77.615583">
        <ele>2795.6</ele>
      </trkpt>
      <trkpt lat="-9.294877" lon="-77.615622">
        <ele>2795</ele>
      </trkpt>
      <trkpt lat="-9.294888" lon="-77.615667">
        <ele>2794.8</ele>
      </trkpt>
      <trkpt lat="-9.294898" lon="-77.615705">
        <ele>2794.2</ele>
      </trkpt>
      <trkpt lat="-9.294913" lon="-77.615762">
        <ele>2793.8</ele>
      </trkpt>
      <trkpt lat="-9.294923" lon="-77.615807">
        <ele>2793.6</ele>
      </trkpt>
      <trkpt lat="-9.29494" lon="-77.615858">
        <ele>2793.4</ele>
      </trkpt>
      <trkpt lat="-9.29495" lon="-77.61591">
        <ele>2792.8</ele>
      </trkpt>
      <trkpt lat="-9.294962" lon="-77.61596">
        <ele>2792.6</ele>
      </trkpt>
      <trkpt lat="-9.294978" lon="-77.615987">
        <ele>2792.6</ele>
      </trkpt>
      <trkpt lat="-9.295" lon="-77.616018">
        <ele>2792.4</ele>
      </trkpt>
      <trkpt lat="-9.295015" lon="-77.616043">
        <ele>2792.2</ele>
      </trkpt>
      <trkpt lat="-9.295028" lon="-77.616057">
        <ele>2792</ele>
      </trkpt>
      <trkpt lat="-9.295015" lon="-77.616043">
        <ele>2791.6</ele>
      </trkpt>
      <trkpt lat="-9.295048" lon="-77.616043">
        <ele>2791.8</ele>
      </trkpt>
      <trkpt lat="-9.295072" lon="-77.61605">
        <ele>2791.8</ele>
      </trkpt>
      <trkpt lat="-9.295095" lon="-77.61605">
        <ele>2791.8</ele>
      </trkpt>
      <trkpt lat="-9.295127" lon="-77.616043">
        <ele>2792.2</ele>
      </trkpt>
      <trkpt lat="-9.295158" lon="-77.616025">
        <ele>2792.2</ele>
      </trkpt>
      <trkpt lat="-9.295193" lon="-77.616012">
        <ele>2792.2</ele>
      </trkpt>
      <trkpt lat="-9.295232" lon="-77.616">
        <ele>2792.6</ele>
      </trkpt>
      <trkpt lat="-9.295273" lon="-77.615973">
        <ele>2792.8</ele>
      </trkpt>
      <trkpt lat="-9.295317" lon="-77.615948">
        <ele>2793</ele>
      </trkpt>
      <trkpt lat="-9.29536" lon="-77.615928">
        <ele>2793.2</ele>
      </trkpt>
      <trkpt lat="-9.295402" lon="-77.615897">
        <ele>2793.8</ele>
      </trkpt>
      <trkpt lat="-9.295452" lon="-77.615865">
        <ele>2794</ele>
      </trkpt>
      <trkpt lat="-9.295503" lon="-77.615845">
        <ele>2794.2</ele>
      </trkpt>
      <trkpt lat="-9.29556" lon="-77.61582">
        <ele>2794.6</ele>
      </trkpt>
      <trkpt lat="-9.29561" lon="-77.615813">
        <ele>2794.8</ele>
      </trkpt>
      <trkpt lat="-9.295662" lon="-77.615813">
        <ele>2795</ele>
      </trkpt>
      <trkpt lat="-9.295715" lon="-77.615827">
        <ele>2795</ele>
      </trkpt>
      <trkpt lat="-9.295768" lon="-77.615845">
        <ele>2794.8</ele>
      </trkpt>
      <trkpt lat="-9.295822" lon="-77.615858">
        <ele>2795</ele>
      </trkpt>
      <trkpt lat="-9.295877" lon="-77.615878">
        <ele>2795.2</ele>
      </trkpt>
      <trkpt lat="-9.295927" lon="-77.615883">
        <ele>2795.2</ele>
      </trkpt>
      <trkpt lat="-9.295973" lon="-77.61589">
        <ele>2795</ele>
      </trkpt>
      <trkpt lat="-9.29601" lon="-77.61589">
        <ele>2794.8</ele>
      </trkpt>
      <trkpt lat="-9.296047" lon="-77.615883">
        <ele>2794.2</ele>
      </trkpt>
      <trkpt lat="-9.296095" lon="-77.615878">
        <ele>2794</ele>
      </trkpt>
      <trkpt lat="-9.296145" lon="-77.615878">
        <ele>2793.8</ele>
      </trkpt>
      <trkpt lat="-9.296195" lon="-77.615878">
        <ele>2793.8</ele>
      </trkpt>
      <trkpt lat="-9.296243" lon="-77.615883">
        <ele>2793.8</ele>
      </trkpt>
      <trkpt lat="-9.296288" lon="-77.61589">
        <ele>2793.8</ele>
      </trkpt>
      <trkpt lat="-9.29633" lon="-77.61589">
        <ele>2793.4</ele>
      </trkpt>
      <trkpt lat="-9.296368" lon="-77.615897">
        <ele>2793</ele>
      </trkpt>
      <trkpt lat="-9.296402" lon="-77.615903">
        <ele>2792.4</ele>
      </trkpt>
      <trkpt lat="-9.29644" lon="-77.615903">
        <ele>2791.8</ele>
      </trkpt>
      <trkpt lat="-9.296475" lon="-77.615903">
        <ele>2791.2</ele>
      </trkpt>
      <trkpt lat="-9.296512" lon="-77.615897">
        <ele>2790.8</ele>
      </trkpt>
      <trkpt lat="-9.296547" lon="-77.61589">
        <ele>2790.6</ele>
      </trkpt>
      <trkpt lat="-9.296593" lon="-77.615883">
        <ele>2790.4</ele>
      </trkpt>
      <trkpt lat="-9.29664" lon="-77.615865">
        <ele>2789.8</ele>
      </trkpt>
      <trkpt lat="-9.296693" lon="-77.615852">
        <ele>2789.6</ele>
      </trkpt>
      <trkpt lat="-9.296747" lon="-77.615845">
        <ele>2789.2</ele>
      </trkpt>
      <trkpt lat="-9.2968" lon="-77.615845">
        <ele>2789</ele>
      </trkpt>
      <trkpt lat="-9.296852" lon="-77.61584">
        <ele>2788.6</ele>
      </trkpt>
      <trkpt lat="-9.2969" lon="-77.61584">
        <ele>2788.4</ele>
      </trkpt>
      <trkpt lat="-9.296945" lon="-77.615845">
        <ele>2788</ele>
      </trkpt>
      <trkpt lat="-9.296995" lon="-77.615845">
        <ele>2787.6</ele>
      </trkpt>
      <trkpt lat="-9.29704" lon="-77.615852">
        <ele>2787.4</ele>
      </trkpt>
      <trkpt lat="-9.297088" lon="-77.615858">
        <ele>2787.2</ele>
      </trkpt>
      <trkpt lat="-9.297138" lon="-77.615858">
        <ele>2787</ele>
      </trkpt>
      <trkpt lat="-9.297182" lon="-77.615852">
        <ele>2786.4</ele>
      </trkpt>
      <trkpt lat="-9.297222" lon="-77.615827">
        <ele>2785.8</ele>
      </trkpt>
      <trkpt lat="-9.297253" lon="-77.6158">
        <ele>2785.8</ele>
      </trkpt>
      <trkpt lat="-9.29728" lon="-77.615768">
        <ele>2785.6</ele>
      </trkpt>
      <trkpt lat="-9.297307" lon="-77.61573">
        <ele>2785.6</ele>
      </trkpt>
      <trkpt lat="-9.297328" lon="-77.615692">
        <ele>2785.4</ele>
      </trkpt>
      <trkpt lat="-9.297347" lon="-77.615647">
        <ele>2785.4</ele>
      </trkpt>
      <trkpt lat="-9.297353" lon="-77.615608">
        <ele>2785.2</ele>
      </trkpt>
      <trkpt lat="-9.297358" lon="-77.61557">
        <ele>2785.2</ele>
      </trkpt>
      <trkpt lat="-9.297358" lon="-77.615532">
        <ele>2785.2</ele>
      </trkpt>
      <trkpt lat="-9.297353" lon="-77.615493">
        <ele>2785</ele>
      </trkpt>
      <trkpt lat="-9.297353" lon="-77.615462">
        <ele>2784.6</ele>
      </trkpt>
      <trkpt lat="-9.29736" lon="-77.615442">
        <ele>2784.6</ele>
      </trkpt>
      <trkpt lat="-9.297372" lon="-77.615417">
        <ele>2784.6</ele>
      </trkpt>
      <trkpt lat="-9.297393" lon="-77.615392">
        <ele>2784.2</ele>
      </trkpt>
      <trkpt lat="-9.297425" lon="-77.615385">
        <ele>2784.2</ele>
      </trkpt>
      <trkpt lat="-9.297458" lon="-77.615392">
        <ele>2784.4</ele>
      </trkpt>
      <trkpt lat="-9.297482" lon="-77.615417">
        <ele>2784.6</ele>
      </trkpt>
      <trkpt lat="-9.2975" lon="-77.615448">
        <ele>2784.4</ele>
      </trkpt>
      <trkpt lat="-9.297507" lon="-77.615487">
        <ele>2784.6</ele>
      </trkpt>
      <trkpt lat="-9.297515" lon="-77.615525">
        <ele>2784.6</ele>
      </trkpt>
      <trkpt lat="-9.297518" lon="-77.615563">
        <ele>2784.6</ele>
      </trkpt>
      <trkpt lat="-9.29752" lon="-77.615602">
        <ele>2784.6</ele>
      </trkpt>
      <trkpt lat="-9.29752" lon="-77.615628">
        <ele>2784.6</ele>
      </trkpt>
      <trkpt lat="-9.297518" lon="-77.61566">
        <ele>2784.6</ele>
      </trkpt>
      <trkpt lat="-9.29751" lon="-77.615685">
        <ele>2784.6</ele>
      </trkpt>
      <trkpt lat="-9.2975" lon="-77.615705">
        <ele>2784.2</ele>
      </trkpt>
      <trkpt lat="-9.297492" lon="-77.615723">
        <ele>2784</ele>
      </trkpt>
      <trkpt lat="-9.297505" lon="-77.61575">
        <ele>2783.8</ele>
      </trkpt>
      <trkpt lat="-9.29751" lon="-77.615768">
        <ele>2784</ele>
      </trkpt>
      <trkpt lat="-9.297515" lon="-77.6158">
        <ele>2783.8</ele>
      </trkpt>
      <trkpt lat="-9.297517" lon="-77.61582">
        <ele>2783.8</ele>
      </trkpt>
      <trkpt lat="-9.29752" lon="-77.615845">
        <ele>2783.6</ele>
      </trkpt>
      <trkpt lat="-9.297527" lon="-77.615865">
        <ele>2783.4</ele>
      </trkpt>
      <trkpt lat="-9.297538" lon="-77.615897">
        <ele>2783.4</ele>
      </trkpt>
      <trkpt lat="-9.297552" lon="-77.615928">
        <ele>2783.4</ele>
      </trkpt>
      <trkpt lat="-9.297575" lon="-77.61596">
        <ele>2783.4</ele>
      </trkpt>
      <trkpt lat="-9.297597" lon="-77.615987">
        <ele>2783.4</ele>
      </trkpt>
      <trkpt lat="-9.29762" lon="-77.616018">
        <ele>2783.2</ele>
      </trkpt>
      <trkpt lat="-9.297637" lon="-77.616038">
        <ele>2782.8</ele>
      </trkpt>
      <trkpt lat="-9.29765" lon="-77.616057">
        <ele>2782</ele>
      </trkpt>
      <trkpt lat="-9.297663" lon="-77.616082">
        <ele>2782</ele>
      </trkpt>
      <trkpt lat="-9.29768" lon="-77.616102">
        <ele>2781.8</ele>
      </trkpt>
      <trkpt lat="-9.297703" lon="-77.616133">
        <ele>2781.6</ele>
      </trkpt>
      <trkpt lat="-9.29773" lon="-77.616165">
        <ele>2781.8</ele>
      </trkpt>
      <trkpt lat="-9.297763" lon="-77.61621">
        <ele>2782.2</ele>
      </trkpt>
      <trkpt lat="-9.297802" lon="-77.616255">
        <ele>2782.2</ele>
      </trkpt>
      <trkpt lat="-9.297843" lon="-77.6163">
        <ele>2782.2</ele>
      </trkpt>
      <trkpt lat="-9.297882" lon="-77.616345">
        <ele>2781.8</ele>
      </trkpt>
      <trkpt lat="-9.297917" lon="-77.616377">
        <ele>2781.6</ele>
      </trkpt>
      <trkpt lat="-9.297952" lon="-77.616402">
        <ele>2781.4</ele>
      </trkpt>
      <trkpt lat="-9.297982" lon="-77.616415">
        <ele>2781.2</ele>
      </trkpt>
      <trkpt lat="-9.298018" lon="-77.616435">
        <ele>2780.8</ele>
      </trkpt>
      <trkpt lat="-9.29806" lon="-77.616447">
        <ele>2780.6</ele>
      </trkpt>
      <trkpt lat="-9.29811" lon="-77.61646">
        <ele>2780.4</ele>
      </trkpt>
      <trkpt lat="-9.298167" lon="-77.616467">
        <ele>2780.4</ele>
      </trkpt>
      <trkpt lat="-9.298227" lon="-77.61648">
        <ele>2780.4</ele>
      </trkpt>
      <trkpt lat="-9.298303" lon="-77.616485">
        <ele>2780.2</ele>
      </trkpt>
      <trkpt lat="-9.29838" lon="-77.616492">
        <ele>2780.2</ele>
      </trkpt>
      <trkpt lat="-9.298443" lon="-77.616492">
        <ele>2780</ele>
      </trkpt>
      <trkpt lat="-9.2985" lon="-77.616492">
        <ele>2779.8</ele>
      </trkpt>
      <trkpt lat="-9.298555" lon="-77.616492">
        <ele>2779.6</ele>
      </trkpt>
      <trkpt lat="-9.298608" lon="-77.616505">
        <ele>2779.4</ele>
      </trkpt>
      <trkpt lat="-9.298657" lon="-77.616518">
        <ele>2779</ele>
      </trkpt>
      <trkpt lat="-9.298687" lon="-77.616523">
        <ele>2778.6</ele>
      </trkpt>
      <trkpt lat="-9.298713" lon="-77.61653">
        <ele>2778.6</ele>
      </trkpt>
      <trkpt lat="-9.298737" lon="-77.61653">
        <ele>2778</ele>
      </trkpt>
      <trkpt lat="-9.298768" lon="-77.616557">
        <ele>2778</ele>
      </trkpt>
      <trkpt lat="-9.298787" lon="-77.616575">
        <ele>2778</ele>
      </trkpt>
      <trkpt lat="-9.298807" lon="-77.616613">
        <ele>2777.4</ele>
      </trkpt>
      <trkpt lat="-9.29883" lon="-77.616658">
        <ele>2777.4</ele>
      </trkpt>
      <trkpt lat="-9.298855" lon="-77.616717">
        <ele>2777.8</ele>
      </trkpt>
      <trkpt lat="-9.29888" lon="-77.616767">
        <ele>2777.8</ele>
      </trkpt>
      <trkpt lat="-9.29891" lon="-77.616832">
        <ele>2777.4</ele>
      </trkpt>
      <trkpt lat="-9.29894" lon="-77.616895">
        <ele>2777.2</ele>
      </trkpt>
      <trkpt lat="-9.29897" lon="-77.616965">
        <ele>2777</ele>
      </trkpt>
      <trkpt lat="-9.299" lon="-77.61703">
        <ele>2776.6</ele>
      </trkpt>
      <trkpt lat="-9.29903" lon="-77.617093">
        <ele>2776</ele>
      </trkpt>
      <trkpt lat="-9.29906" lon="-77.61717">
        <ele>2775.2</ele>
      </trkpt>
      <trkpt lat="-9.29908" lon="-77.617235">
        <ele>2774.8</ele>
      </trkpt>
      <trkpt lat="-9.299113" lon="-77.617292">
        <ele>2774.2</ele>
      </trkpt>
      <trkpt lat="-9.299137" lon="-77.61735">
        <ele>2773.8</ele>
      </trkpt>
      <trkpt lat="-9.299155" lon="-77.617388">
        <ele>2773.2</ele>
      </trkpt>
      <trkpt lat="-9.299173" lon="-77.617433">
        <ele>2772.4</ele>
      </trkpt>
      <trkpt lat="-9.299185" lon="-77.617458">
        <ele>2771.4</ele>
      </trkpt>
      <trkpt lat="-9.299203" lon="-77.617522">
        <ele>2771</ele>
      </trkpt>
      <trkpt lat="-9.299215" lon="-77.617587">
        <ele>2770.8</ele>
      </trkpt>
      <trkpt lat="-9.299228" lon="-77.617643">
        <ele>2770.4</ele>
      </trkpt>
      <trkpt lat="-9.299245" lon="-77.617688">
        <ele>2770.2</ele>
      </trkpt>
      <trkpt lat="-9.29926" lon="-77.61772">
        <ele>2770</ele>
      </trkpt>
      <trkpt lat="-9.299275" lon="-77.617753">
        <ele>2769.6</ele>
      </trkpt>
      <trkpt lat="-9.299283" lon="-77.617772">
        <ele>2768.6</ele>
      </trkpt>
      <trkpt lat="-9.299288" lon="-77.617792">
        <ele>2768.2</ele>
      </trkpt>
      <trkpt lat="-9.299298" lon="-77.617842">
        <ele>2767.8</ele>
      </trkpt>
      <trkpt lat="-9.299308" lon="-77.61788">
        <ele>2767.2</ele>
      </trkpt>
      <trkpt lat="-9.299322" lon="-77.61792">
        <ele>2767</ele>
      </trkpt>
      <trkpt lat="-9.29934" lon="-77.617963">
        <ele>2767</ele>
      </trkpt>
      <trkpt lat="-9.299362" lon="-77.618015">
        <ele>2766.8</ele>
      </trkpt>
      <trkpt lat="-9.299387" lon="-77.618073">
        <ele>2766.4</ele>
      </trkpt>
      <trkpt lat="-9.299413" lon="-77.61813">
        <ele>2766.2</ele>
      </trkpt>
      <trkpt lat="-9.29944" lon="-77.618188">
        <ele>2765.8</ele>
      </trkpt>
      <trkpt lat="-9.299467" lon="-77.618245">
        <ele>2765.2</ele>
      </trkpt>
      <trkpt lat="-9.299493" lon="-77.61831">
        <ele>2764.8</ele>
      </trkpt>
      <trkpt lat="-9.299513" lon="-77.618355">
        <ele>2764.6</ele>
      </trkpt>
      <trkpt lat="-9.299533" lon="-77.6184">
        <ele>2764</ele>
      </trkpt>
      <trkpt lat="-9.299555" lon="-77.618438">
        <ele>2763.2</ele>
      </trkpt>
      <trkpt lat="-9.299575" lon="-77.618477">
        <ele>2762.6</ele>
      </trkpt>
      <trkpt lat="-9.29959" lon="-77.618515">
        <ele>2762</ele>
      </trkpt>
      <trkpt lat="-9.299605" lon="-77.618547">
        <ele>2761.2</ele>
      </trkpt>
      <trkpt lat="-9.299625" lon="-77.618578">
        <ele>2760.8</ele>
      </trkpt>
      <trkpt lat="-9.29964" lon="-77.618598">
        <ele>2760.2</ele>
      </trkpt>
      <trkpt lat="-9.299658" lon="-77.61863">
        <ele>2759.8</ele>
      </trkpt>
      <trkpt lat="-9.299667" lon="-77.618648">
        <ele>2759.6</ele>
      </trkpt>
      <trkpt lat="-9.299672" lon="-77.618675">
        <ele>2759.2</ele>
      </trkpt>
      <trkpt lat="-9.29968" lon="-77.6187">
        <ele>2758.6</ele>
      </trkpt>
      <trkpt lat="-9.299692" lon="-77.618718">
        <ele>2758.4</ele>
      </trkpt>
      <trkpt lat="-9.299695" lon="-77.618738">
        <ele>2758.2</ele>
      </trkpt>
      <trkpt lat="-9.299707" lon="-77.618752">
        <ele>2757.6</ele>
      </trkpt>
      <trkpt lat="-9.29971" lon="-77.618777">
        <ele>2757.4</ele>
      </trkpt>
      <trkpt lat="-9.299723" lon="-77.618797">
        <ele>2757</ele>
      </trkpt>
      <trkpt lat="-9.29973" lon="-77.618822">
        <ele>2756.4</ele>
      </trkpt>
      <trkpt lat="-9.299732" lon="-77.61884">
        <ele>2756.4</ele>
      </trkpt>
      <trkpt lat="-9.299737" lon="-77.61886">
        <ele>2756.4</ele>
      </trkpt>
      <trkpt lat="-9.299743" lon="-77.61888">
        <ele>2756.4</ele>
      </trkpt>
      <trkpt lat="-9.299743" lon="-77.618905">
        <ele>2756.2</ele>
      </trkpt>
      <trkpt lat="-9.29972" lon="-77.618937">
        <ele>2755.6</ele>
      </trkpt>
      <trkpt lat="-9.299702" lon="-77.618957">
        <ele>2755.6</ele>
      </trkpt>
      <trkpt lat="-9.29968" lon="-77.618968">
        <ele>2755.4</ele>
      </trkpt>
      <trkpt lat="-9.299658" lon="-77.618988">
        <ele>2755.2</ele>
      </trkpt>
      <trkpt lat="-9.299638" lon="-77.619007">
        <ele>2755.2</ele>
      </trkpt>
      <trkpt lat="-9.299615" lon="-77.619033">
        <ele>2755.2</ele>
      </trkpt>
      <trkpt lat="-9.299585" lon="-77.619058">
        <ele>2755</ele>
      </trkpt>
      <trkpt lat="-9.299555" lon="-77.619078">
        <ele>2754.8</ele>
      </trkpt>
      <trkpt lat="-9.299525" lon="-77.619103">
        <ele>2754.8</ele>
      </trkpt>
      <trkpt lat="-9.299492" lon="-77.619122">
        <ele>2754.8</ele>
      </trkpt>
      <trkpt lat="-9.299458" lon="-77.619148">
        <ele>2754.8</ele>
      </trkpt>
      <trkpt lat="-9.299422" lon="-77.61918">
        <ele>2754.6</ele>
      </trkpt>
      <trkpt lat="-9.299383" lon="-77.619218">
        <ele>2754.4</ele>
      </trkpt>
      <trkpt lat="-9.29934" lon="-77.619243">
        <ele>2754.4</ele>
      </trkpt>
      <trkpt lat="-9.299295" lon="-77.619295">
        <ele>2754.4</ele>
      </trkpt>
      <trkpt lat="-9.299242" lon="-77.61934">
        <ele>2754</ele>
      </trkpt>
      <trkpt lat="-9.29918" lon="-77.619385">
        <ele>2753.8</ele>
      </trkpt>
      <trkpt lat="-9.29912" lon="-77.619437">
        <ele>2754</ele>
      </trkpt>
      <trkpt lat="-9.299052" lon="-77.61948">
        <ele>2754</ele>
      </trkpt>
      <trkpt lat="-9.29899" lon="-77.619532">
        <ele>2753.6</ele>
      </trkpt>
      <trkpt lat="-9.298925" lon="-77.619563">
        <ele>2753.2</ele>
      </trkpt>
      <trkpt lat="-9.298858" lon="-77.619602">
        <ele>2753.2</ele>
      </trkpt>
      <trkpt lat="-9.298797" lon="-77.619653">
        <ele>2753</ele>
      </trkpt>
      <trkpt lat="-9.29874" lon="-77.619692">
        <ele>2752.4</ele>
      </trkpt>
      <trkpt lat="-9.298693" lon="-77.619718">
        <ele>2751.2</ele>
      </trkpt>
      <trkpt lat="-9.298663" lon="-77.619743">
        <ele>2750.6</ele>
      </trkpt>
      <trkpt lat="-9.298647" lon="-77.619757">
        <ele>2749.6</ele>
      </trkpt>
      <trkpt lat="-9.298632" lon="-77.619775">
        <ele>2749</ele>
      </trkpt>
      <trkpt lat="-9.298608" lon="-77.619795">
        <ele>2748.6</ele>
      </trkpt>
      <trkpt lat="-9.29857" lon="-77.619827">
        <ele>2748.4</ele>
      </trkpt>
      <trkpt lat="-9.29853" lon="-77.619865">
        <ele>2748.4</ele>
      </trkpt>
      <trkpt lat="-9.298483" lon="-77.619903">
        <ele>2748.4</ele>
      </trkpt>
      <trkpt lat="-9.298435" lon="-77.619948">
        <ele>2748.4</ele>
      </trkpt>
      <trkpt lat="-9.29838" lon="-77.62">
        <ele>2748.2</ele>
      </trkpt>
      <trkpt lat="-9.298325" lon="-77.62005">
        <ele>2748.2</ele>
      </trkpt>
      <trkpt lat="-9.29827" lon="-77.620108">
        <ele>2748</ele>
      </trkpt>
      <trkpt lat="-9.298212" lon="-77.62016">
        <ele>2748</ele>
      </trkpt>
      <trkpt lat="-9.29816" lon="-77.620217">
        <ele>2748</ele>
      </trkpt>
      <trkpt lat="-9.298112" lon="-77.620268">
        <ele>2747.8</ele>
      </trkpt>
      <trkpt lat="-9.298067" lon="-77.62032">
        <ele>2747.2</ele>
      </trkpt>
      <trkpt lat="-9.298022" lon="-77.620377">
        <ele>2746.4</ele>
      </trkpt>
      <trkpt lat="-9.29798" lon="-77.620422">
        <ele>2745.4</ele>
      </trkpt>
      <trkpt lat="-9.297937" lon="-77.620467">
        <ele>2744.8</ele>
      </trkpt>
      <trkpt lat="-9.297892" lon="-77.620518">
        <ele>2744.4</ele>
      </trkpt>
      <trkpt lat="-9.297848" lon="-77.620582">
        <ele>2743.8</ele>
      </trkpt>
      <trkpt lat="-9.2978" lon="-77.620633">
        <ele>2743.2</ele>
      </trkpt>
      <trkpt lat="-9.29775" lon="-77.620697">
        <ele>2742.4</ele>
      </trkpt>
      <trkpt lat="-9.297703" lon="-77.620748">
        <ele>2741.8</ele>
      </trkpt>
      <trkpt lat="-9.29766" lon="-77.620805">
        <ele>2741.6</ele>
      </trkpt>
      <trkpt lat="-9.297612" lon="-77.62085">
        <ele>2741</ele>
      </trkpt>
      <trkpt lat="-9.29757" lon="-77.620895">
        <ele>2741</ele>
      </trkpt>
      <trkpt lat="-9.297525" lon="-77.620933">
        <ele>2741</ele>
      </trkpt>
      <trkpt lat="-9.297497" lon="-77.620965">
        <ele>2741</ele>
      </trkpt>
      <trkpt lat="-9.29748" lon="-77.620972">
        <ele>2741</ele>
      </trkpt>
      <trkpt lat="-9.297465" lon="-77.620985">
        <ele>2741</ele>
      </trkpt>
      <trkpt lat="-9.297445" lon="-77.621003">
        <ele>2736.8</ele>
      </trkpt>
      <trkpt lat="-9.297425" lon="-77.621017">
        <ele>2736.6</ele>
      </trkpt>
      <trkpt lat="-9.297407" lon="-77.621048">
        <ele>2736.6</ele>
      </trkpt>
      <trkpt lat="-9.297377" lon="-77.621093">
        <ele>2736.6</ele>
      </trkpt>
      <trkpt lat="-9.29734" lon="-77.621138">
        <ele>2736.6</ele>
      </trkpt>
      <trkpt lat="-9.297302" lon="-77.62119">
        <ele>2736.6</ele>
      </trkpt>
      <trkpt lat="-9.297258" lon="-77.621247">
        <ele>2736.4</ele>
      </trkpt>
      <trkpt lat="-9.297208" lon="-77.621298">
        <ele>2736.2</ele>
      </trkpt>
      <trkpt lat="-9.297162" lon="-77.62135">
        <ele>2736</ele>
      </trkpt>
      <trkpt lat="-9.297108" lon="-77.621413">
        <ele>2735.6</ele>
      </trkpt>
      <trkpt lat="-9.297048" lon="-77.621478">
        <ele>2735.4</ele>
      </trkpt>
      <trkpt lat="-9.297" lon="-77.621528">
        <ele>2735</ele>
      </trkpt>
      <trkpt lat="-9.296957" lon="-77.621567">
        <ele>2734</ele>
      </trkpt>
      <trkpt lat="-9.296915" lon="-77.621618">
        <ele>2732</ele>
      </trkpt>
      <trkpt lat="-9.29687" lon="-77.62167">
        <ele>2730.8</ele>
      </trkpt>
      <trkpt lat="-9.29682" lon="-77.62172">
        <ele>2729.6</ele>
      </trkpt>
      <trkpt lat="-9.296765" lon="-77.621772">
        <ele>2729.6</ele>
      </trkpt>
      <trkpt lat="-9.296718" lon="-77.621817">
        <ele>2727.8</ele>
      </trkpt>
      <trkpt lat="-9.296677" lon="-77.62188">
        <ele>2726.4</ele>
      </trkpt>
      <trkpt lat="-9.296637" lon="-77.621925">
        <ele>2725.2</ele>
      </trkpt>
      <trkpt lat="-9.296592" lon="-77.621977">
        <ele>2724.4</ele>
      </trkpt>
      <trkpt lat="-9.296548" lon="-77.622035">
        <ele>2723.4</ele>
      </trkpt>
      <trkpt lat="-9.296512" lon="-77.622092">
        <ele>2723</ele>
      </trkpt>
      <trkpt lat="-9.29648" lon="-77.622157">
        <ele>2722.2</ele>
      </trkpt>
      <trkpt lat="-9.296442" lon="-77.622207">
        <ele>2721.2</ele>
      </trkpt>
      <trkpt lat="-9.296398" lon="-77.622265">
        <ele>2720.6</ele>
      </trkpt>
      <trkpt lat="-9.296362" lon="-77.622322">
        <ele>2720.2</ele>
      </trkpt>
      <trkpt lat="-9.29633" lon="-77.622367">
        <ele>2719.2</ele>
      </trkpt>
      <trkpt lat="-9.296308" lon="-77.622418">
        <ele>2718.2</ele>
      </trkpt>
      <trkpt lat="-9.296283" lon="-77.622482">
        <ele>2717.4</ele>
      </trkpt>
      <trkpt lat="-9.296253" lon="-77.622533">
        <ele>2716.2</ele>
      </trkpt>
      <trkpt lat="-9.296217" lon="-77.622592">
        <ele>2715</ele>
      </trkpt>
      <trkpt lat="-9.296175" lon="-77.622637">
        <ele>2713.8</ele>
      </trkpt>
      <trkpt lat="-9.29613" lon="-77.622675">
        <ele>2712.8</ele>
      </trkpt>
      <trkpt lat="-9.296085" lon="-77.62272">
        <ele>2712</ele>
      </trkpt>
      <trkpt lat="-9.29604" lon="-77.622758">
        <ele>2711</ele>
      </trkpt>
      <trkpt lat="-9.295997" lon="-77.622797">
        <ele>2710</ele>
      </trkpt>
      <trkpt lat="-9.295942" lon="-77.622815">
        <ele>2709.8</ele>
      </trkpt>
      <trkpt lat="-9.295898" lon="-77.62284">
        <ele>2709.4</ele>
      </trkpt>
      <trkpt lat="-9.295878" lon="-77.622853">
        <ele>2709</ele>
      </trkpt>
      <trkpt lat="-9.295863" lon="-77.62288">
        <ele>2708.8</ele>
      </trkpt>
      <trkpt lat="-9.295847" lon="-77.622892">
        <ele>2708.8</ele>
      </trkpt>
      <trkpt lat="-9.295832" lon="-77.622912">
        <ele>2708.6</ele>
      </trkpt>
      <trkpt lat="-9.295813" lon="-77.622923">
        <ele>2708.4</ele>
      </trkpt>
      <trkpt lat="-9.295793" lon="-77.622957">
        <ele>2708.4</ele>
      </trkpt>
      <trkpt lat="-9.29578" lon="-77.622988">
        <ele>2708.4</ele>
      </trkpt>
      <trkpt lat="-9.29576" lon="-77.623013">
        <ele>2708.8</ele>
      </trkpt>
      <trkpt lat="-9.295738" lon="-77.623052">
        <ele>2708.8</ele>
      </trkpt>
      <trkpt lat="-9.295708" lon="-77.623097">
        <ele>2709.4</ele>
      </trkpt>
      <trkpt lat="-9.29568" lon="-77.623135">
        <ele>2709.8</ele>
      </trkpt>
      <trkpt lat="-9.29565" lon="-77.623187">
        <ele>2710.2</ele>
      </trkpt>
      <trkpt lat="-9.295617" lon="-77.623232">
        <ele>2710.8</ele>
      </trkpt>
      <trkpt lat="-9.29558" lon="-77.62327">
        <ele>2711.2</ele>
      </trkpt>
      <trkpt lat="-9.29554" lon="-77.623315">
        <ele>2711.8</ele>
      </trkpt>
      <trkpt lat="-9.295512" lon="-77.62336">
        <ele>2712.4</ele>
      </trkpt>
      <trkpt lat="-9.29549" lon="-77.623392">
        <ele>2712.8</ele>
      </trkpt>
      <trkpt lat="-9.295457" lon="-77.62341">
        <ele>2713.2</ele>
      </trkpt>
      <trkpt lat="-9.295417" lon="-77.623437">
        <ele>2713.4</ele>
      </trkpt>
      <trkpt lat="-9.295358" lon="-77.623475">
        <ele>2713.6</ele>
      </trkpt>
      <trkpt lat="-9.2953" lon="-77.62352">
        <ele>2713.8</ele>
      </trkpt>
      <trkpt lat="-9.295243" lon="-77.623558">
        <ele>2714.2</ele>
      </trkpt>
      <trkpt lat="-9.295178" lon="-77.623602">
        <ele>2714.4</ele>
      </trkpt>
      <trkpt lat="-9.295113" lon="-77.623647">
        <ele>2714.6</ele>
      </trkpt>
      <trkpt lat="-9.295048" lon="-77.62368">
        <ele>2714.6</ele>
      </trkpt>
      <trkpt lat="-9.294993" lon="-77.623718">
        <ele>2714.6</ele>
      </trkpt>
      <trkpt lat="-9.29494" lon="-77.62375">
        <ele>2714.4</ele>
      </trkpt>
      <trkpt lat="-9.294888" lon="-77.623788">
        <ele>2714.4</ele>
      </trkpt>
      <trkpt lat="-9.29484" lon="-77.623807">
        <ele>2713.8</ele>
      </trkpt>
      <trkpt lat="-9.294807" lon="-77.623813">
        <ele>2713.2</ele>
      </trkpt>
      <trkpt lat="-9.294787" lon="-77.623833">
        <ele>2712.8</ele>
      </trkpt>
      <trkpt lat="-9.294772" lon="-77.62384">
        <ele>2711.6</ele>
      </trkpt>
      <trkpt lat="-9.294757" lon="-77.623852">
        <ele>2711.2</ele>
      </trkpt>
      <trkpt lat="-9.294738" lon="-77.623865">
        <ele>2711</ele>
      </trkpt>
      <trkpt lat="-9.294712" lon="-77.623883">
        <ele>2711</ele>
      </trkpt>
      <trkpt lat="-9.294682" lon="-77.62391">
        <ele>2711</ele>
      </trkpt>
      <trkpt lat="-9.294647" lon="-77.623928">
        <ele>2711.2</ele>
      </trkpt>
      <trkpt lat="-9.294612" lon="-77.623955">
        <ele>2711.2</ele>
      </trkpt>
      <trkpt lat="-9.294573" lon="-77.623987">
        <ele>2711.2</ele>
      </trkpt>
      <trkpt lat="-9.294538" lon="-77.624012">
        <ele>2711.2</ele>
      </trkpt>
      <trkpt lat="-9.294507" lon="-77.62405">
        <ele>2711.4</ele>
      </trkpt>
      <trkpt lat="-9.294472" lon="-77.624088">
        <ele>2711.4</ele>
      </trkpt>
      <trkpt lat="-9.294427" lon="-77.624127">
        <ele>2711.2</ele>
      </trkpt>
      <trkpt lat="-9.29438" lon="-77.624178">
        <ele>2711.2</ele>
      </trkpt>
      <trkpt lat="-9.294335" lon="-77.624223">
        <ele>2711.2</ele>
      </trkpt>
      <trkpt lat="-9.294288" lon="-77.624268">
        <ele>2711.4</ele>
      </trkpt>
      <trkpt lat="-9.294242" lon="-77.624313">
        <ele>2711.4</ele>
      </trkpt>
      <trkpt lat="-9.294198" lon="-77.624358">
        <ele>2711.4</ele>
      </trkpt>
      <trkpt lat="-9.294157" lon="-77.624402">
        <ele>2711.4</ele>
      </trkpt>
      <trkpt lat="-9.294112" lon="-77.624447">
        <ele>2711.4</ele>
      </trkpt>
      <trkpt lat="-9.294072" lon="-77.624485">
        <ele>2711.4</ele>
      </trkpt>
      <trkpt lat="-9.294035" lon="-77.624523">
        <ele>2711.2</ele>
      </trkpt>
      <trkpt lat="-9.294" lon="-77.624562">
        <ele>2710.8</ele>
      </trkpt>
      <trkpt lat="-9.293962" lon="-77.624595">
        <ele>2710.4</ele>
      </trkpt>
      <trkpt lat="-9.29393" lon="-77.624633">
        <ele>2710.4</ele>
      </trkpt>
      <trkpt lat="-9.293898" lon="-77.624658">
        <ele>2710.4</ele>
      </trkpt>
      <trkpt lat="-9.293867" lon="-77.624683">
        <ele>2710.4</ele>
      </trkpt>
      <trkpt lat="-9.293848" lon="-77.624703">
        <ele>2709.8</ele>
      </trkpt>
      <trkpt lat="-9.293827" lon="-77.624722">
        <ele>2709.2</ele>
      </trkpt>
      <trkpt lat="-9.293807" lon="-77.624742">
        <ele>2708.8</ele>
      </trkpt>
      <trkpt lat="-9.293782" lon="-77.624767">
        <ele>2708.6</ele>
      </trkpt>
      <trkpt lat="-9.293753" lon="-77.624793">
        <ele>2708.6</ele>
      </trkpt>
      <trkpt lat="-9.293722" lon="-77.624825">
        <ele>2708.6</ele>
      </trkpt>
      <trkpt lat="-9.293692" lon="-77.624843">
        <ele>2708.6</ele>
      </trkpt>
      <trkpt lat="-9.293668" lon="-77.62487">
        <ele>2708.6</ele>
      </trkpt>
      <trkpt lat="-9.293682" lon="-77.624885">
        <ele>2673.75</ele>
      </trkpt>
      <trkpt lat="-9.293629" lon="-77.624933">
        <ele>2673.5</ele>
      </trkpt>
      <trkpt lat="-9.293553" lon="-77.624973">
        <ele>2673.25</ele>
      </trkpt>
      <trkpt lat="-9.293229" lon="-77.62511">
        <ele>2673.75</ele>
      </trkpt>
      <trkpt lat="-9.293157" lon="-77.625171">
        <ele>2673.75</ele>
      </trkpt>
      <trkpt lat="-9.292866" lon="-77.625491">
        <ele>2673.5</ele>
      </trkpt>
      <trkpt lat="-9.29277" lon="-77.625632">
        <ele>2673.5</ele>
      </trkpt>
      <trkpt lat="-9.292587" lon="-77.62615">
        <ele>2671.75</ele>
      </trkpt>
      <trkpt lat="-9.292466" lon="-77.626475">
        <ele>2670.25</ele>
      </trkpt>
      <trkpt lat="-9.292246" lon="-77.626903">
        <ele>2669.75</ele>
      </trkpt>
      <trkpt lat="-9.291983" lon="-77.62738">
        <ele>2669.5</ele>
      </trkpt>
      <trkpt lat="-9.291921" lon="-77.627479">
        <ele>2669.25</ele>
      </trkpt>
      <trkpt lat="-9.291839" lon="-77.627584">
        <ele>2669</ele>
      </trkpt>
      <trkpt lat="-9.291698" lon="-77.627749">
        <ele>2668.5</ele>
      </trkpt>
      <trkpt lat="-9.29166" lon="-77.627803">
        <ele>2668.5</ele>
      </trkpt>
      <trkpt lat="-9.291483" lon="-77.628055">
        <ele>2668.5</ele>
      </trkpt>
      <trkpt lat="-9.291422" lon="-77.628141">
        <ele>2668.75</ele>
      </trkpt>
      <trkpt lat="-9.291256" lon="-77.628296">
        <ele>2670</ele>
      </trkpt>
      <trkpt lat="-9.291131" lon="-77.628456">
        <ele>2670.25</ele>
      </trkpt>
      <trkpt lat="-9.291007" lon="-77.628637">
        <ele>2670.5</ele>
      </trkpt>
      <trkpt lat="-9.290898" lon="-77.628771">
        <ele>2670.75</ele>
      </trkpt>
      <trkpt lat="-9.290823" lon="-77.628879">
        <ele>2670.75</ele>
      </trkpt>
      <trkpt lat="-9.290783" lon="-77.628979">
        <ele>2670.25</ele>
      </trkpt>
      <trkpt lat="-9.290604" lon="-77.62928">
        <ele>2669.5</ele>
      </trkpt>
      <trkpt lat="-9.290517" lon="-77.629396">
        <ele>2669.25</ele>
      </trkpt>
      <trkpt lat="-9.290075" lon="-77.629802">
        <ele>2668.75</ele>
      </trkpt>
      <trkpt lat="-9.289952" lon="-77.629937">
        <ele>2668.5</ele>
      </trkpt>
      <trkpt lat="-9.28984" lon="-77.630041">
        <ele>2668.75</ele>
      </trkpt>
      <trkpt lat="-9.289738" lon="-77.630164">
        <ele>2669.25</ele>
      </trkpt>
      <trkpt lat="-9.289618" lon="-77.630357">
        <ele>2669.5</ele>
      </trkpt>
      <trkpt lat="-9.289377" lon="-77.630676">
        <ele>2669.75</ele>
      </trkpt>
      <trkpt lat="-9.289307" lon="-77.630789">
        <ele>2670</ele>
      </trkpt>
      <trkpt lat="-9.288759" lon="-77.631665">
        <ele>2673.75</ele>
      </trkpt>
      <trkpt lat="-9.287387" lon="-77.633897">
        <ele>2690.75</ele>
      </trkpt>
      <trkpt lat="-9.286962" lon="-77.634554">
        <ele>2694.75</ele>
      </trkpt>
      <trkpt lat="-9.286838" lon="-77.634769">
        <ele>2694.75</ele>
      </trkpt>
      <trkpt lat="-9.286571" lon="-77.635236">
        <ele>2696.5</ele>
      </trkpt>
      <trkpt lat="-9.286386" lon="-77.635546">
        <ele>2698.5</ele>
      </trkpt>
      <trkpt lat="-9.286302" lon="-77.635714">
        <ele>2698.75</ele>
      </trkpt>
      <trkpt lat="-9.286234" lon="-77.63593">
        <ele>2698.75</ele>
      </trkpt>
      <trkpt lat="-9.286123" lon="-77.636381">
        <ele>2698</ele>
      </trkpt>
      <trkpt lat="-9.286093" lon="-77.636528">
        <ele>2697.5</ele>
      </trkpt>
      <trkpt lat="-9.286073" lon="-77.636722">
        <ele>2696.75</ele>
      </trkpt>
      <trkpt lat="-9.286004" lon="-77.636877">
        <ele>2696</ele>
      </trkpt>
      <trkpt lat="-9.285584" lon="-77.637711">
        <ele>2695.5</ele>
      </trkpt>
      <trkpt lat="-9.285309" lon="-77.638242">
        <ele>2696.5</ele>
      </trkpt>
      <trkpt lat="-9.285127" lon="-77.638559">
        <ele>2695.5</ele>
      </trkpt>
      <trkpt lat="-9.284964" lon="-77.638841">
        <ele>2693.5</ele>
      </trkpt>
      <trkpt lat="-9.284271" lon="-77.639802">
        <ele>2686.5</ele>
      </trkpt>
      <trkpt lat="-9.283843" lon="-77.640322">
        <ele>2681.75</ele>
      </trkpt>
      <trkpt lat="-9.283743" lon="-77.64044">
        <ele>2680.75</ele>
      </trkpt>
      <trkpt lat="-9.283118" lon="-77.641141">
        <ele>2674.75</ele>
      </trkpt>
      <trkpt lat="-9.282962" lon="-77.641337">
        <ele>2673.25</ele>
      </trkpt>
      <trkpt lat="-9.282385" lon="-77.641953">
        <ele>2668.75</ele>
      </trkpt>
      <trkpt lat="-9.282378" lon="-77.64196">
        <ele>2668.75</ele>
      </trkpt>
      <trkpt lat="-9.282352" lon="-77.642044">
        <ele>2668.25</ele>
      </trkpt>
      <trkpt lat="-9.282309" lon="-77.642239">
        <ele>2667.25</ele>
      </trkpt>
      <trkpt lat="-9.282275" lon="-77.642338">
        <ele>2666.5</ele>
      </trkpt>
      <trkpt lat="-9.282201" lon="-77.642638">
        <ele>2664.5</ele>
      </trkpt>
      <trkpt lat="-9.282131" lon="-77.642736">
        <ele>2663.75</ele>
      </trkpt>
      <trkpt lat="-9.281693" lon="-77.643192">
        <ele>2660</ele>
      </trkpt>
      <trkpt lat="-9.281056" lon="-77.643853">
        <ele>2656.5</ele>
      </trkpt>
      <trkpt lat="-9.280487" lon="-77.644492">
        <ele>2653.75</ele>
      </trkpt>
      <trkpt lat="-9.280478" lon="-77.644484">
        <ele>2653.75</ele>
      </trkpt>
      <trkpt lat="-9.280487" lon="-77.644492">
        <ele>2653.75</ele>
      </trkpt>
      <trkpt lat="-9.280818" lon="-77.644773">
        <ele>2651.25</ele>
      </trkpt>
      <trkpt lat="-9.281124" lon="-77.645062">
        <ele>2649.5</ele>
      </trkpt>
      <trkpt lat="-9.281424" lon="-77.645377">
        <ele>2647.25</ele>
      </trkpt>
      <trkpt lat="-9.281675" lon="-77.645607">
        <ele>2645.5</ele>
      </trkpt>
      <trkpt lat="-9.281703" lon="-77.645636">
        <ele>2645.25</ele>
      </trkpt>
      <trkpt lat="-9.281689" lon="-77.645653">
        <ele>2645</ele>
      </trkpt>
    </trkseg>
  </trk>
</gpx>
